team,players_used,avg_age,possession,games_played,goals,assists,pens_made,pens_attempted,cards_yellow,cards_red,fouls,fouled,offsides,crosses,interceptions,tackles_won,pens_won,pens_conceded,own_goals,season,league,xg,npxg,xg_assist,progressive_carries,progressive_passes,ball_recoveries,aerials_won,aerials_lost
Auxerre,26,25.8,,38,32,19,2,4,64,3.0,616.0,,,,,,,,,2007-2008,Ligue-1,,,,,,,,
Bordeaux,22,27.1,,38,64,31,6,8,75,5.0,673.0,,,,,,,,,2007-2008,Ligue-1,,,,,,,,
Caen,27,26.6,,38,46,23,5,6,64,2.0,674.0,,,,,,,,,2007-2008,Ligue-1,,,,,,,,
Le Mans,27,23.5,,38,46,25,3,4,67,6.0,684.0,,,,,,,,,2007-2008,Ligue-1,,,,,,,,
Lens,29,26.7,,38,42,17,6,7,60,3.0,590.0,,,,,,,,,2007-2008,Ligue-1,,,,,,,,
Lille,32,24.7,,38,44,22,6,6,65,4.0,721.0,,,,,,,,,2007-2008,Ligue-1,,,,,,,,
Lorient,24,27.1,,38,31,17,3,4,39,0.0,572.0,,,,,,,,,2007-2008,Ligue-1,,,,,,,,
Lyon,27,26.4,,38,72,49,3,3,59,3.0,626.0,,,,,,,,,2007-2008,Ligue-1,,,,,,,,
Marseille,31,24.9,,38,58,33,1,2,58,3.0,626.0,,,,,,,,,2007-2008,Ligue-1,,,,,,,,
Metz,38,25.7,,38,27,14,3,3,82,4.0,694.0,,,,,,,,,2007-2008,Ligue-1,,,,,,,,
Monaco,30,26.1,,38,40,19,2,3,86,4.0,767.0,,,,,,,,,2007-2008,Ligue-1,,,,,,,,
Nancy,21,26.0,,38,43,26,3,3,68,4.0,703.0,,,,,,,,,2007-2008,Ligue-1,,,,,,,,
Nice,25,27.3,,38,34,21,4,7,72,2.0,620.0,,,,,,,,,2007-2008,Ligue-1,,,,,,,,
Paris S-G,27,26.3,,38,36,18,3,4,57,0.0,569.0,,,,,,,,,2007-2008,Ligue-1,,,,,,,,
Rennes,29,26.5,,38,45,27,0,1,60,2.0,660.0,,,,,,,,,2007-2008,Ligue-1,,,,,,,,
Saint-Étienne,23,24.6,,38,45,26,4,4,70,4.0,671.0,,,,,,,,,2007-2008,Ligue-1,,,,,,,,
Sochaux,26,26.6,,38,32,20,3,4,73,1.0,679.0,,,,,,,,,2007-2008,Ligue-1,,,,,,,,
Strasbourg,27,26.9,,38,33,20,2,2,61,5.0,671.0,,,,,,,,,2007-2008,Ligue-1,,,,,,,,
Toulouse,26,26.0,,38,35,18,1,1,78,6.0,730.0,,,,,,,,,2007-2008,Ligue-1,,,,,,,,
Valenciennes,22,27.0,,38,40,21,2,2,55,7.0,669.0,,,,,,,,,2007-2008,Ligue-1,,,,,,,,
Atalanta,27,26.5,57.3,38,75,60,2,4,63,3.0,445.0,501.0,71.0,801.0,454.0,397.0,3.0,5.0,3.0,2018-2019,Serie-A,72.2,69.0,55.8,1104.0,1939.0,2247.0,628.0,551.0
Bologna,29,27.0,44.9,38,45,35,5,5,94,6.0,516.0,519.0,83.0,737.0,372.0,430.0,2.0,4.0,1.0,2018-2019,Serie-A,46.8,42.9,30.8,675.0,1328.0,1877.0,748.0,716.0
Cagliari,30,27.9,49.8,38,35,27,2,3,99,9.0,573.0,454.0,58.0,794.0,344.0,388.0,3.0,10.0,2.0,2018-2019,Serie-A,42.1,39.7,30.7,555.0,1288.0,1946.0,850.0,758.0
Chievo,36,28.3,43.3,38,25,17,4,6,116,7.0,588.0,476.0,78.0,677.0,471.0,374.0,3.0,4.0,2.0,2018-2019,Serie-A,36.0,31.7,25.6,500.0,1229.0,1944.0,695.0,732.0
Empoli,29,26.4,47.9,38,48,36,4,7,74,3.0,458.0,440.0,77.0,636.0,333.0,328.0,5.0,8.0,2.0,2018-2019,Serie-A,52.4,46.8,37.5,801.0,1567.0,1865.0,431.0,544.0
Fiorentina,27,24.1,50.4,38,45,24,5,6,91,5.0,562.0,507.0,48.0,780.0,413.0,371.0,5.0,6.0,3.0,2018-2019,Serie-A,54.0,49.2,35.8,801.0,1544.0,1973.0,637.0,623.0
Frosinone,33,26.4,41.5,38,28,21,4,5,99,2.0,560.0,536.0,73.0,815.0,384.0,353.0,5.0,5.0,1.0,2018-2019,Serie-A,38.9,35.1,27.1,520.0,1220.0,1873.0,621.0,715.0
Genoa,31,26.0,43.4,38,37,26,4,5,96,7.0,559.0,481.0,65.0,797.0,424.0,424.0,4.0,6.0,2.0,2018-2019,Serie-A,46.9,43.0,32.5,690.0,1274.0,1981.0,758.0,749.0
Inter,23,27.7,59.4,38,57,36,8,9,75,3.0,468.0,488.0,64.0,1092.0,311.0,409.0,5.0,5.0,3.0,2018-2019,Serie-A,63.8,56.8,45.4,954.0,1917.0,1995.0,519.0,589.0
Juventus,31,28.0,55.9,38,66,44,7,8,78,4.0,471.0,469.0,75.0,867.0,396.0,355.0,5.0,4.0,1.0,2018-2019,Serie-A,60.7,54.5,42.5,926.0,1853.0,1946.0,534.0,469.0
Lazio,30,27.9,50.8,38,54,35,6,6,90,4.0,502.0,391.0,97.0,738.0,432.0,406.0,3.0,6.0,3.0,2018-2019,Serie-A,60.4,55.8,44.4,912.0,1737.0,2112.0,612.0,539.0
Milan,23,24.8,54.1,38,51,35,3,4,82,5.0,445.0,478.0,63.0,752.0,373.0,382.0,2.0,5.0,1.0,2018-2019,Serie-A,48.8,45.7,35.6,821.0,1759.0,1899.0,480.0,512.0
Napoli,26,27.0,59.1,38,73,54,3,4,75,5.0,410.0,414.0,85.0,774.0,358.0,359.0,0.0,4.0,0.0,2018-2019,Serie-A,61.8,58.8,49.4,934.0,2089.0,2171.0,386.0,440.0
Parma,31,29.4,37.7,38,40,22,4,5,84,3.0,493.0,433.0,91.0,511.0,399.0,351.0,5.0,8.0,5.0,2018-2019,Serie-A,40.2,36.3,26.9,487.0,990.0,1785.0,561.0,615.0
Roma,26,27.5,51.4,38,65,41,6,6,90,2.0,461.0,395.0,50.0,855.0,419.0,344.0,5.0,7.0,1.0,2018-2019,Serie-A,64.4,59.6,46.2,838.0,1678.0,1954.0,727.0,547.0
Sampdoria,24,26.1,54.9,38,60,41,10,12,92,3.0,493.0,510.0,70.0,641.0,364.0,425.0,7.0,8.0,1.0,2018-2019,Serie-A,50.5,41.8,34.1,630.0,1685.0,2030.0,471.0,522.0
Sassuolo,29,25.4,53.8,38,50,33,5,5,90,8.0,528.0,528.0,73.0,660.0,378.0,328.0,4.0,8.0,2.0,2018-2019,Serie-A,48.5,44.6,34.1,721.0,1511.0,1864.0,464.0,510.0
SPAL,28,27.8,50.4,38,44,30,7,8,113,3.0,499.0,550.0,37.0,863.0,388.0,374.0,7.0,5.0,0.0,2018-2019,Serie-A,43.9,37.7,28.2,910.0,1259.0,1772.0,569.0,577.0
Torino,25,27.6,51.1,38,50,31,5,6,89,4.0,617.0,570.0,75.0,751.0,451.0,394.0,5.0,5.0,0.0,2018-2019,Serie-A,46.6,41.9,32.0,770.0,1407.0,2193.0,824.0,838.0
Udinese,31,25.3,42.6,38,37,30,3,8,92,4.0,505.0,469.0,66.0,585.0,381.0,387.0,7.0,9.0,1.0,2018-2019,Serie-A,42.5,36.0,27.9,713.0,1088.0,1833.0,693.0,662.0
Arsenal,25,26.2,,38,86,68,3,4,47,1.0,441.0,,,,,,,,,2004-2005,Premier-League,,,,,,,,
Aston Villa,22,25.7,,38,43,34,3,6,57,2.0,583.0,,,,,,,,,2004-2005,Premier-League,,,,,,,,
Birmingham City,27,27.9,,38,37,24,2,2,63,3.0,492.0,,,,,,,,,2004-2005,Premier-League,,,,,,,,
Blackburn,31,27.8,,38,31,24,2,3,75,5.0,554.0,,,,,,,,,2004-2005,Premier-League,,,,,,,,
Bolton,25,28.6,,38,49,33,5,6,54,2.0,538.0,,,,,,,,,2004-2005,Premier-League,,,,,,,,
Charlton Ath,22,28.0,,38,41,28,0,0,39,4.0,450.0,,,,,,,,,2004-2005,Premier-League,,,,,,,,
Chelsea,30,25.2,,38,71,58,5,6,51,0.0,479.0,,,,,,,,,2004-2005,Premier-League,,,,,,,,
Crystal Palace,27,25.7,,38,43,26,10,12,59,3.0,539.0,,,,,,,,,2004-2005,Premier-League,,,,,,,,
Everton,22,28.5,,38,45,34,2,3,57,4.0,508.0,,,,,,,,,2004-2005,Premier-League,,,,,,,,
Fulham,24,27.7,,38,52,39,2,4,57,7.0,477.0,,,,,,,,,2004-2005,Premier-League,,,,,,,,
Liverpool,29,26.2,,38,49,42,3,5,45,2.0,430.0,,,,,,,,,2004-2005,Premier-League,,,,,,,,
Manchester City,25,27.3,,38,45,33,5,6,44,3.0,475.0,,,,,,,,,2004-2005,Premier-League,,,,,,,,
Manchester Utd,26,26.0,,38,57,45,3,4,52,5.0,477.0,,,,,,,,,2004-2005,Premier-League,,,,,,,,
Middlesbrough,27,28.4,,38,49,39,1,1,55,2.0,474.0,,,,,,,,,2004-2005,Premier-League,,,,,,,,
Newcastle Utd,27,25.9,,38,44,32,3,3,60,5.0,526.0,,,,,,,,,2004-2005,Premier-League,,,,,,,,
Norwich City,25,27.6,,38,41,29,3,4,35,2.0,534.0,,,,,,,,,2004-2005,Premier-League,,,,,,,,
Portsmouth,26,27.5,,38,41,30,6,6,54,2.0,393.0,,,,,,,,,2004-2005,Premier-League,,,,,,,,
Southampton,35,28.4,,38,44,30,3,3,45,2.0,431.0,,,,,,,,,2004-2005,Premier-League,,,,,,,,
Tottenham,31,24.8,,38,47,32,1,1,58,1.0,424.0,,,,,,,,,2004-2005,Premier-League,,,,,,,,
West Brom,27,27.1,,38,34,25,2,3,44,5.0,512.0,,,,,,,,,2004-2005,Premier-League,,,,,,,,
Augsburg,27,26.7,,34,46,33,2,2,61,0.0,494.0,,,,,,,,,2013-2014,Bundesliga,,,,,,,,
Bayern Munich,25,26.5,,34,93,74,5,7,45,0.0,392.0,,,,,,,,,2013-2014,Bundesliga,,,,,,,,
BTSV,27,26.0,,34,28,22,1,3,66,0.0,535.0,,,,,,,,,2013-2014,Bundesliga,,,,,,,,
Dortmund,26,25.9,,34,80,51,10,10,45,,448.0,,,,,,,,,2013-2014,Bundesliga,,,,,,,,
Eint Frankfurt,27,25.6,,34,38,28,1,2,79,0.0,537.0,,,,,,,,,2013-2014,Bundesliga,,,,,,,,
Freiburg,30,23.9,,34,42,31,1,2,66,0.0,493.0,,,,,,,,,2013-2014,Bundesliga,,,,,,,,
Gladbach,21,25.6,,34,57,38,6,8,56,0.0,356.0,,,,,,,,,2013-2014,Bundesliga,,,,,,,,
Hamburger SV,28,25.0,,34,50,31,3,3,58,0.0,515.0,,,,,,,,,2013-2014,Bundesliga,,,,,,,,
Hannover 96,26,25.7,,34,46,32,3,4,75,0.0,560.0,,,,,,,,,2013-2014,Bundesliga,,,,,,,,
Hertha BSC,25,26.1,,34,40,30,4,5,58,0.0,538.0,,,,,,,,,2013-2014,Bundesliga,,,,,,,,
Hoffenheim,25,24.0,,34,72,46,10,14,63,0.0,639.0,,,,,,,,,2013-2014,Bundesliga,,,,,,,,
Leverkusen,24,25.4,,34,58,43,2,2,70,0.0,498.0,,,,,,,,,2013-2014,Bundesliga,,,,,,,,
Mainz 05,28,26.8,,34,50,34,3,3,53,0.0,472.0,,,,,,,,,2013-2014,Bundesliga,,,,,,,,
Nürnberg,27,25.9,,34,37,27,2,3,76,0.0,507.0,,,,,,,,,2013-2014,Bundesliga,,,,,,,,
Schalke 04,30,24.6,,34,60,39,5,8,59,0.0,525.0,,,,,,,,,2013-2014,Bundesliga,,,,,,,,
Stuttgart,27,24.8,,34,48,37,2,5,62,0.0,486.0,,,,,,,,,2013-2014,Bundesliga,,,,,,,,
Werder Bremen,27,25.8,,34,39,28,2,3,77,0.0,536.0,,,,,,,,,2013-2014,Bundesliga,,,,,,,,
Wolfsburg,26,25.9,,34,62,38,4,5,64,0.0,531.0,,,,,,,,,2013-2014,Bundesliga,,,,,,,,
Augsburg,30,26.5,46.4,34,50,33,5,5,55,1.0,458.0,349.0,85.0,603.0,467.0,376.0,2.0,2.0,2.0,2018-2019,Bundesliga,45.3,41.8,32.0,515.0,1158.0,1875.0,654.0,699.0
Bayern Munich,24,27.4,65.7,34,86,62,3,4,44,2.0,312.0,342.0,88.0,777.0,336.0,294.0,4.0,6.0,1.0,2018-2019,Bundesliga,85.6,82.4,66.1,960.0,2192.0,1979.0,522.0,444.0
Dortmund,23,24.8,58.1,34,80,60,4,4,40,3.0,292.0,385.0,66.0,458.0,384.0,319.0,3.0,5.0,0.0,2018-2019,Bundesliga,61.5,58.4,46.0,784.0,1637.0,1784.0,461.0,472.0
Düsseldorf,24,26.9,43.2,34,48,35,5,7,67,1.0,432.0,404.0,49.0,544.0,419.0,384.0,3.0,7.0,0.0,2018-2019,Bundesliga,47.1,41.6,32.2,553.0,1202.0,1725.0,609.0,608.0
Eint Frankfurt,30,26.4,47.2,34,60,42,4,4,60,3.0,420.0,346.0,81.0,678.0,360.0,371.0,1.0,1.0,1.0,2018-2019,Bundesliga,57.2,54.4,42.9,625.0,1247.0,2032.0,819.0,712.0
Freiburg,28,25.8,44.0,34,44,25,5,6,57,3.0,412.0,408.0,51.0,528.0,374.0,357.0,4.0,7.0,0.0,2018-2019,Bundesliga,40.9,36.2,26.5,507.0,1064.0,1649.0,553.0,669.0
Gladbach,22,26.5,53.1,34,53,43,4,7,43,0.0,333.0,357.0,70.0,565.0,310.0,292.0,5.0,3.0,0.0,2018-2019,Bundesliga,52.2,46.7,36.7,775.0,1532.0,1680.0,426.0,549.0
Hannover 96,32,26.3,46.3,34,30,20,3,3,64,4.0,421.0,420.0,58.0,522.0,459.0,342.0,2.0,7.0,1.0,2018-2019,Bundesliga,37.2,34.9,27.2,572.0,1105.0,1788.0,617.0,716.0
Hertha BSC,26,25.9,47.9,34,49,32,4,4,67,5.0,447.0,374.0,75.0,554.0,381.0,352.0,3.0,6.0,2.0,2018-2019,Bundesliga,51.0,48.0,36.8,562.0,1241.0,1746.0,693.0,640.0
Hoffenheim,29,25.5,53.8,34,69,49,6,7,69,2.0,471.0,348.0,66.0,667.0,399.0,363.0,5.0,7.0,1.0,2018-2019,Bundesliga,75.9,70.5,56.8,950.0,1589.0,1847.0,521.0,531.0
Leverkusen,21,25.3,59.8,34,68,51,4,5,50,1.0,367.0,383.0,65.0,633.0,358.0,368.0,3.0,6.0,3.0,2018-2019,Bundesliga,58.3,54.4,43.8,719.0,1791.0,2020.0,541.0,554.0
Mainz 05,28,24.2,46.1,34,44,30,3,3,56,0.0,430.0,359.0,83.0,646.0,395.0,309.0,3.0,4.0,0.0,2018-2019,Bundesliga,51.2,48.8,37.5,624.0,1261.0,1843.0,658.0,627.0
Nürnberg,27,24.9,42.4,34,25,16,2,6,59,4.0,394.0,381.0,53.0,495.0,354.0,350.0,5.0,4.0,2.0,2018-2019,Bundesliga,35.7,30.9,21.1,483.0,989.0,1646.0,621.0,669.0
RB Leipzig,23,24.0,49.6,34,63,41,5,7,61,1.0,465.0,393.0,87.0,616.0,416.0,398.0,3.0,6.0,1.0,2018-2019,Bundesliga,65.7,60.2,46.0,733.0,1607.0,1998.0,743.0,603.0
Schalke 04,32,25.8,45.4,34,37,23,7,9,73,5.0,454.0,397.0,79.0,521.0,419.0,381.0,7.0,6.0,1.0,2018-2019,Bundesliga,45.6,39.0,29.7,676.0,1148.0,1886.0,600.0,559.0
Stuttgart,26,26.3,45.9,34,32,26,1,1,66,5.0,374.0,399.0,67.0,727.0,399.0,362.0,0.0,3.0,4.0,2018-2019,Bundesliga,38.0,37.3,28.2,506.0,1130.0,1720.0,723.0,691.0
Werder Bremen,24,27.1,52.1,34,57,38,4,4,64,3.0,437.0,346.0,40.0,676.0,407.0,344.0,4.0,5.0,0.0,2018-2019,Bundesliga,49.8,46.7,33.7,635.0,1672.0,1825.0,605.0,662.0
Wolfsburg,25,25.4,53.3,34,59,38,5,5,62,0.0,358.0,439.0,67.0,682.0,426.0,343.0,3.0,6.0,0.0,2018-2019,Bundesliga,47.6,43.8,33.0,618.0,1320.0,1813.0,610.0,573.0
Almería,24,25.6,,38,40,21,2,3,105,7.0,624.0,,,,,,,,,2009-2010,La-Liga,,,,,,,,
Athletic Club,29,25.2,,38,48,24,5,10,101,10.0,568.0,,,,,,,,,2009-2010,La-Liga,,,,,,,,
Atlético Madrid,33,26.0,,38,56,27,3,5,96,7.0,611.0,,,,,,,,,2009-2010,La-Liga,,,,,,,,
Barcelona,24,26.3,,38,95,56,3,3,78,5.0,511.0,,,,,,,,,2009-2010,La-Liga,,,,,,,,
Espanyol,28,25.0,,38,29,15,0,0,123,8.0,622.0,,,,,,,,,2009-2010,La-Liga,,,,,,,,
Getafe,24,26.4,,38,57,29,6,6,113,4.0,528.0,,,,,,,,,2009-2010,La-Liga,,,,,,,,
La Coruña,28,27.5,,38,34,15,3,3,70,6.0,486.0,,,,,,,,,2009-2010,La-Liga,,,,,,,,
Málaga,30,26.5,,38,41,20,0,0,136,10.0,684.0,,,,,,,,,2009-2010,La-Liga,,,,,,,,
Mallorca,24,27.7,,38,57,29,4,6,99,4.0,660.0,,,,,,,,,2009-2010,La-Liga,,,,,,,,
Osasuna,25,28.2,,38,36,20,2,3,87,9.0,617.0,,,,,,,,,2009-2010,La-Liga,,,,,,,,
Racing Sant,29,26.6,,38,42,23,4,4,110,7.0,720.0,,,,,,,,,2009-2010,La-Liga,,,,,,,,
Real Madrid,25,25.1,,38,102,53,7,8,91,5.0,586.0,,,,,,,,,2009-2010,La-Liga,,,,,,,,
Sevilla,31,27.4,,38,63,30,5,5,107,10.0,599.0,,,,,,,,,2009-2010,La-Liga,,,,,,,,
Sporting Gijón,28,26.5,,38,35,18,4,6,103,6.0,590.0,,,,,,,,,2009-2010,La-Liga,,,,,,,,
Tenerife,22,27.2,,38,39,17,2,4,93,4.0,613.0,,,,,,,,,2009-2010,La-Liga,,,,,,,,
Valencia,27,26.9,,38,59,32,3,3,116,8.0,630.0,,,,,,,,,2009-2010,La-Liga,,,,,,,,
Valladolid,31,26.4,,38,35,17,2,2,107,11.0,630.0,,,,,,,,,2009-2010,La-Liga,,,,,,,,
Villarreal,25,27.5,,38,58,28,0,0,103,11.0,532.0,,,,,,,,,2009-2010,La-Liga,,,,,,,,
Xerez,24,26.3,,38,38,21,2,3,110,14.0,576.0,,,,,,,,,2009-2010,La-Liga,,,,,,,,
Zaragoza,33,27.1,,38,45,19,4,5,131,6.0,680.0,,,,,,,,,2009-2010,La-Liga,,,,,,,,
Almería,23,25.6,,38,41,19,4,7,121,8.0,753.0,,,,,,,,,2007-2008,La-Liga,,,,,,,,
Athletic Club,30,25.7,,38,39,18,2,4,126,7.0,694.0,,,,,,,,,2007-2008,La-Liga,,,,,,,,
Atlético Madrid,25,26.2,,38,65,30,3,4,123,7.0,661.0,,,,,,,,,2007-2008,La-Liga,,,,,,,,
Barcelona,28,26.8,,38,76,43,6,6,85,5.0,556.0,,,,,,,,,2007-2008,La-Liga,,,,,,,,
Betis,29,26.3,,38,43,23,4,5,102,4.0,739.0,,,,,,,,,2007-2008,La-Liga,,,,,,,,
Espanyol,26,24.9,,38,41,26,6,7,117,4.0,738.0,,,,,,,,,2007-2008,La-Liga,,,,,,,,
Getafe,28,26.9,,38,42,23,4,6,95,9.0,577.0,,,,,,,,,2007-2008,La-Liga,,,,,,,,
La Coruña,31,25.9,,38,44,21,7,8,80,5.0,584.0,,,,,,,,,2007-2008,La-Liga,,,,,,,,
Levante,29,27.9,,38,33,19,3,5,99,2.0,627.0,,,,,,,,,2007-2008,La-Liga,,,,,,,,
Mallorca,25,27.3,,38,69,40,4,4,92,10.0,623.0,,,,,,,,,2007-2008,La-Liga,,,,,,,,
Osasuna,29,25.8,,38,36,20,2,3,118,10.0,674.0,,,,,,,,,2007-2008,La-Liga,,,,,,,,
Racing Sant,27,27.4,,38,42,23,2,5,94,8.0,617.0,,,,,,,,,2007-2008,La-Liga,,,,,,,,
Real Madrid,25,25.9,,38,83,50,6,6,99,6.0,622.0,,,,,,,,,2007-2008,La-Liga,,,,,,,,
Real Murcia,29,27.7,,38,35,20,6,6,120,6.0,737.0,,,,,,,,,2007-2008,La-Liga,,,,,,,,
Recreativo,25,26.6,,38,39,19,0,1,127,11.0,756.0,,,,,,,,,2007-2008,La-Liga,,,,,,,,
Sevilla,31,26.2,,38,71,38,4,6,104,9.0,659.0,,,,,,,,,2007-2008,La-Liga,,,,,,,,
Valencia,29,26.3,,38,46,23,3,3,100,8.0,692.0,,,,,,,,,2007-2008,La-Liga,,,,,,,,
Valladolid,27,27.8,,38,42,19,3,4,87,7.0,665.0,,,,,,,,,2007-2008,La-Liga,,,,,,,,
Villarreal,24,27.3,,38,62,34,10,11,88,3.0,579.0,,,,,,,,,2007-2008,La-Liga,,,,,,,,
Zaragoza,26,28.0,,38,47,24,5,6,119,8.0,680.0,,,,,,,,,2007-2008,La-Liga,,,,,,,,
Augsburg,29,26.0,43.9,34,49,35,5,7,71,3.0,454.0,338.0,81.0,631.0,295.0,319.0,5.0,10.0,2.0,2023-2024,Bundesliga,46.1,40.7,27.7,462.0,1137.0,1669.0,587.0,602.0
Bayern Munich,30,27.4,61.3,34,93,71,5,5,47,2.0,304.0,306.0,60.0,655.0,288.0,323.0,2.0,4.0,0.0,2023-2024,Bundesliga,85.2,81.3,65.9,944.0,1941.0,1768.0,410.0,319.0
Bochum,25,29.1,46.6,34,41,30,4,4,97,2.0,446.0,409.0,83.0,649.0,308.0,366.0,4.0,11.0,4.0,2023-2024,Bundesliga,44.5,41.4,30.4,400.0,1151.0,1808.0,815.0,816.0
Darmstadt 98,32,27.1,45.7,34,28,21,3,3,83,4.0,429.0,351.0,57.0,514.0,317.0,323.0,2.0,2.0,2.0,2023-2024,Bundesliga,32.3,30.0,22.8,437.0,1083.0,1502.0,510.0,569.0
Dortmund,32,26.8,57.8,34,68,49,6,6,59,4.0,315.0,391.0,44.0,522.0,251.0,356.0,5.0,6.0,2.0,2023-2024,Bundesliga,63.5,58.8,45.6,770.0,1452.0,1763.0,389.0,426.0
Eint Frankfurt,34,25.3,52.1,34,48,36,2,3,70,5.0,355.0,318.0,51.0,557.0,302.0,359.0,2.0,11.0,0.0,2023-2024,Bundesliga,46.2,44.4,34.1,574.0,1305.0,1792.0,477.0,525.0
Freiburg,25,27.0,46.6,34,43,32,7,9,64,4.0,364.0,376.0,52.0,593.0,272.0,319.0,7.0,5.0,1.0,2023-2024,Bundesliga,49.4,42.4,32.4,468.0,1208.0,1633.0,625.0,628.0
Gladbach,27,25.4,46.8,34,55,43,5,6,66,2.0,337.0,372.0,53.0,574.0,333.0,337.0,4.0,6.0,0.0,2023-2024,Bundesliga,46.5,41.8,35.5,598.0,1227.0,1701.0,485.0,478.0
Heidenheim,22,26.7,42.5,34,46,34,2,3,54,1.0,442.0,325.0,38.0,663.0,302.0,352.0,1.0,10.0,3.0,2023-2024,Bundesliga,39.4,37.0,27.5,510.0,983.0,1741.0,690.0,612.0
Hoffenheim,30,27.7,49.5,34,65,47,6,6,86,5.0,339.0,366.0,52.0,603.0,357.0,304.0,5.0,5.0,1.0,2023-2024,Bundesliga,53.6,49.0,39.9,538.0,1359.0,1715.0,515.0,515.0
Köln,26,25.4,46.5,34,28,17,5,6,71,4.0,418.0,364.0,53.0,779.0,305.0,375.0,5.0,3.0,0.0,2023-2024,Bundesliga,39.3,34.7,27.2,618.0,1086.0,1689.0,557.0,533.0
Leverkusen,24,26.2,61.8,34,87,71,8,8,59,0.0,305.0,342.0,73.0,586.0,224.0,277.0,7.0,0.0,0.0,2023-2024,Bundesliga,73.6,67.6,55.2,888.0,1997.0,1847.0,363.0,316.0
Mainz 05,30,26.7,46.1,34,38,31,1,5,99,3.0,473.0,410.0,59.0,633.0,346.0,328.0,4.0,4.0,1.0,2023-2024,Bundesliga,44.6,40.7,32.0,480.0,1169.0,1786.0,665.0,761.0
RB Leipzig,26,25.6,55.3,34,74,53,4,7,61,1.0,354.0,388.0,67.0,608.0,240.0,317.0,7.0,5.0,1.0,2023-2024,Bundesliga,65.6,60.2,47.7,714.0,1541.0,1743.0,426.0,394.0
Stuttgart,27,25.0,59.9,34,78,60,5,8,56,1.0,329.0,373.0,50.0,537.0,269.0,316.0,7.0,3.0,3.0,2023-2024,Bundesliga,70.9,64.6,53.3,693.0,1618.0,1754.0,430.0,429.0
Union Berlin,30,28.1,42.9,34,33,23,3,6,67,7.0,402.0,339.0,61.0,662.0,305.0,352.0,3.0,7.0,1.0,2023-2024,Bundesliga,40.1,35.3,25.0,389.0,1146.0,1705.0,620.0,619.0
Werder Bremen,30,27.0,46.8,34,45,33,5,6,73,2.0,396.0,396.0,70.0,543.0,284.0,351.0,5.0,6.0,1.0,2023-2024,Bundesliga,46.9,42.0,35.6,492.0,1172.0,1758.0,508.0,575.0
Wolfsburg,28,25.6,48.0,34,41,27,2,3,86,5.0,415.0,412.0,41.0,593.0,268.0,303.0,3.0,3.0,3.0,2023-2024,Bundesliga,39.2,36.7,28.5,441.0,1235.0,1580.0,512.0,467.0
Auxerre,24,27.1,,38,41,21,2,2,56,2.0,521.0,,,,,,,,,2009-2010,Ligue-1,,,,,,,,
Bordeaux,24,26.3,,38,53,31,5,7,65,6.0,575.0,,,,,,,,,2009-2010,Ligue-1,,,,,,,,
Boulogne,33,26.3,,38,29,18,2,3,79,6.0,592.0,,,,,,,,,2009-2010,Ligue-1,,,,,,,,
Grenoble,32,29.0,,38,30,14,0,2,68,7.0,559.0,,,,,,,,,2009-2010,Ligue-1,,,,,,,,
Le Mans,33,24.4,,38,35,18,1,2,90,8.0,667.0,,,,,,,,,2009-2010,Ligue-1,,,,,,,,
Lens,23,27.1,,38,39,20,5,5,61,2.0,656.0,,,,,,,,,2009-2010,Ligue-1,,,,,,,,
Lille,23,25.1,,38,70,32,10,13,72,4.0,637.0,,,,,,,,,2009-2010,Ligue-1,,,,,,,,
Lorient,24,26.6,,38,53,27,4,4,57,4.0,511.0,,,,,,,,,2009-2010,Ligue-1,,,,,,,,
Lyon,28,25.7,,38,62,33,3,3,66,3.0,630.0,,,,,,,,,2009-2010,Ligue-1,,,,,,,,
Marseille,23,27.7,,38,67,39,6,6,63,2.0,600.0,,,,,,,,,2009-2010,Ligue-1,,,,,,,,
Monaco,28,25.0,,38,36,19,3,4,91,4.0,677.0,,,,,,,,,2009-2010,Ligue-1,,,,,,,,
Montpellier,23,25.9,,38,49,24,6,8,85,6.0,726.0,,,,,,,,,2009-2010,Ligue-1,,,,,,,,
Nancy,26,26.0,,38,45,26,4,5,65,6.0,581.0,,,,,,,,,2009-2010,Ligue-1,,,,,,,,
Nice,26,25.4,,38,39,21,2,2,74,5.0,655.0,,,,,,,,,2009-2010,Ligue-1,,,,,,,,
Paris S-G,22,27.4,,38,48,26,3,4,57,2.0,601.0,,,,,,,,,2009-2010,Ligue-1,,,,,,,,
Rennes,24,26.2,,38,51,29,6,6,50,5.0,568.0,,,,,,,,,2009-2010,Ligue-1,,,,,,,,
Saint-Étienne,28,24.8,,38,27,19,1,2,64,4.0,587.0,,,,,,,,,2009-2010,Ligue-1,,,,,,,,
Sochaux,28,25.4,,38,27,13,2,3,58,4.0,573.0,,,,,,,,,2009-2010,Ligue-1,,,,,,,,
Toulouse,30,24.0,,38,36,14,0,0,74,5.0,711.0,,,,,,,,,2009-2010,Ligue-1,,,,,,,,
Valenciennes,27,26.5,,38,50,29,2,3,74,3.0,707.0,,,,,,,,,2009-2010,Ligue-1,,,,,,,,
Arsenal,26,25.6,,38,69,54,5,6,46,4.0,374.0,,,,,,,,,2012-2013,Premier-League,,,,,,,,
Aston Villa,28,24.1,,38,47,34,3,3,75,3.0,457.0,,,,,,,,,2012-2013,Premier-League,,,,,,,,
Chelsea,26,26.4,,38,71,50,9,11,54,3.0,370.0,,,,,,,,,2012-2013,Premier-League,,,,,,,,
Everton,23,28.8,,38,53,42,2,2,63,3.0,446.0,,,,,,,,,2012-2013,Premier-League,,,,,,,,
Fulham,29,30.4,,38,45,32,6,6,48,3.0,420.0,,,,,,,,,2012-2013,Premier-League,,,,,,,,
Liverpool,28,26.2,,38,67,47,5,6,54,2.0,399.0,,,,,,,,,2012-2013,Premier-League,,,,,,,,
Manchester City,25,26.7,,38,64,45,4,6,64,3.0,456.0,,,,,,,,,2012-2013,Premier-League,,,,,,,,
Manchester Utd,25,27.3,,38,80,63,4,7,56,1.0,371.0,,,,,,,,,2012-2013,Premier-League,,,,,,,,
Newcastle Utd,32,26.2,,38,43,22,4,5,75,4.0,459.0,,,,,,,,,2012-2013,Premier-League,,,,,,,,
Norwich City,27,26.7,,38,40,27,1,2,60,1.0,421.0,,,,,,,,,2012-2013,Premier-League,,,,,,,,
QPR,30,28.2,,38,29,22,1,4,61,3.0,397.0,,,,,,,,,2012-2013,Premier-League,,,,,,,,
Reading,28,27.2,,38,41,28,4,4,45,1.0,387.0,,,,,,,,,2012-2013,Premier-League,,,,,,,,
Southampton,25,25.3,,38,46,25,3,3,43,2.0,406.0,,,,,,,,,2012-2013,Premier-League,,,,,,,,
Stoke City,24,27.1,,38,33,23,3,5,83,4.0,485.0,,,,,,,,,2012-2013,Premier-League,,,,,,,,
Sunderland,29,26.2,,38,39,24,4,4,63,3.0,454.0,,,,,,,,,2012-2013,Premier-League,,,,,,,,
Swansea City,25,26.6,,38,47,32,0,0,59,2.0,399.0,,,,,,,,,2012-2013,Premier-League,,,,,,,,
Tottenham,28,26.3,,38,62,45,0,0,54,2.0,382.0,,,,,,,,,2012-2013,Premier-League,,,,,,,,
West Brom,25,27.6,,38,50,38,5,7,62,4.0,429.0,,,,,,,,,2012-2013,Premier-League,,,,,,,,
West Ham,26,28.0,,38,43,33,4,4,74,1.0,467.0,,,,,,,,,2012-2013,Premier-League,,,,,,,,
Wigan Athletic,28,27.7,,38,45,35,1,1,66,2.0,444.0,,,,,,,,,2012-2013,Premier-League,,,,,,,,
Arsenal,29,25.9,53.5,38,53,38,6,6,49,5.0,346.0,400.0,61.0,751.0,351.0,252.0,5.0,3.0,4.0,2020-2021,Premier-League,51.7,47.0,35.1,758.0,1760.0,1838.0,504.0,594.0
Aston Villa,24,25.2,48.5,38,52,38,5,6,71,4.0,439.0,553.0,71.0,779.0,387.0,282.0,6.0,6.0,1.0,2020-2021,Premier-League,52.5,47.9,37.4,629.0,1420.0,1906.0,728.0,665.0
Brighton,27,25.8,51.1,38,39,24,6,9,49,6.0,428.0,357.0,52.0,686.0,425.0,334.0,7.0,7.0,2.0,2020-2021,Premier-League,50.9,43.8,33.2,685.0,1516.0,2040.0,531.0,574.0
Burnley,25,28.3,42.1,38,32,20,3,3,48,0.0,384.0,389.0,80.0,772.0,416.0,293.0,3.0,3.0,1.0,2020-2021,Premier-League,39.3,36.9,27.7,389.0,1012.0,2000.0,874.0,854.0
Chelsea,27,26.0,60.9,38,56,38,8,10,51,3.0,433.0,364.0,79.0,749.0,382.0,341.0,10.0,4.0,1.0,2020-2021,Premier-League,62.4,54.5,41.5,895.0,1798.0,1999.0,569.0,515.0
Crystal Palace,24,29.1,40.6,38,39,29,3,4,56,2.0,409.0,436.0,67.0,533.0,396.0,366.0,2.0,4.0,0.0,2020-2021,Premier-League,34.1,31.0,23.6,526.0,1132.0,1923.0,685.0,658.0
Everton,29,26.3,46.4,38,45,32,4,5,59,2.0,386.0,392.0,65.0,662.0,392.0,381.0,4.0,4.0,1.0,2020-2021,Premier-League,45.7,41.9,30.7,604.0,1184.0,2030.0,665.0,486.0
Fulham,28,25.2,49.7,38,26,18,3,6,67,3.0,484.0,372.0,43.0,710.0,437.0,329.0,5.0,7.0,1.0,2020-2021,Premier-League,40.5,35.9,26.3,727.0,1354.0,2010.0,649.0,625.0
Leeds United,23,26.1,57.3,38,60,45,4,4,61,1.0,432.0,410.0,76.0,786.0,397.0,417.0,3.0,9.0,2.0,2020-2021,Premier-League,55.6,52.5,41.9,811.0,1633.0,2160.0,538.0,605.0
Leicester City,27,26.5,54.3,38,64,45,10,12,61,0.0,413.0,421.0,71.0,649.0,438.0,403.0,11.0,4.0,2.0,2020-2021,Premier-League,55.8,46.3,33.7,666.0,1464.0,2111.0,600.0,590.0
Liverpool,28,26.8,62.1,38,65,43,6,6,40,0.0,396.0,316.0,65.0,862.0,347.0,303.0,4.0,8.0,0.0,2020-2021,Premier-League,67.5,62.9,48.3,886.0,2057.0,2202.0,537.0,572.0
Manchester City,24,26.1,63.5,38,82,55,5,9,46,2.0,361.0,372.0,57.0,632.0,319.0,271.0,7.0,10.0,1.0,2020-2021,Premier-League,68.2,61.2,45.4,1096.0,2051.0,1946.0,479.0,417.0
Manchester Utd,29,25.6,55.7,38,70,51,10,11,64,1.0,452.0,400.0,76.0,640.0,386.0,311.0,9.0,4.0,2.0,2020-2021,Premier-League,60.1,51.4,41.6,877.0,1832.0,2124.0,546.0,413.0
Newcastle Utd,27,27.1,38.8,38,44,26,6,7,65,3.0,388.0,420.0,58.0,652.0,362.0,268.0,6.0,5.0,3.0,2020-2021,Premier-League,43.4,37.8,29.0,467.0,903.0,1770.0,634.0,655.0
Sheffield Utd,27,26.7,41.7,38,19,13,3,4,73,3.0,459.0,293.0,73.0,666.0,351.0,356.0,3.0,4.0,3.0,2020-2021,Premier-League,32.6,29.5,24.9,491.0,1196.0,1802.0,718.0,798.0
Southampton,29,26.6,52.0,38,47,33,5,6,52,3.0,428.0,421.0,76.0,554.0,401.0,419.0,4.0,9.0,1.0,2020-2021,Premier-League,41.2,36.6,25.8,626.0,1195.0,2010.0,527.0,713.0
Tottenham,24,27.2,51.6,38,66,50,5,5,57,2.0,440.0,468.0,45.0,526.0,342.0,361.0,5.0,10.0,3.0,2020-2021,Premier-League,53.1,49.2,35.3,633.0,1330.0,1951.0,618.0,647.0
West Brom,30,26.4,37.9,38,33,20,4,4,51,4.0,404.0,412.0,75.0,604.0,435.0,328.0,4.0,11.0,3.0,2020-2021,Premier-League,35.8,32.7,24.4,441.0,1027.0,1963.0,709.0,771.0
West Ham,24,27.8,43.2,38,60,46,2,4,50,3.0,375.0,354.0,74.0,775.0,437.0,280.0,3.0,5.0,4.0,2020-2021,Premier-League,55.4,52.1,39.6,659.0,1282.0,2005.0,738.0,677.0
Wolves,27,26.3,49.3,38,34,21,4,4,55,1.0,426.0,383.0,37.0,775.0,432.0,335.0,3.0,8.0,3.0,2020-2021,Premier-League,36.5,33.4,24.1,800.0,1283.0,1899.0,576.0,596.0
Arsenal,30,26.8,61.4,38,73,61,4,5,57,,383.0,377.0,89.0,572.0,427.0,425.0,5.0,6.0,0.0,2017-2018,Premier-League,68.3,64.3,53.3,915.0,2223.0,2148.0,630.0,660.0
Bournemouth,22,26.9,48.1,38,45,36,3,3,57,,339.0,411.0,52.0,707.0,367.0,324.0,2.0,3.0,1.0,2017-2018,Premier-League,38.8,36.4,29.1,702.0,1526.0,1956.0,698.0,750.0
Brighton,24,27.5,43.7,38,33,25,5,7,54,,413.0,277.0,98.0,680.0,449.0,380.0,7.0,3.0,5.0,2017-2018,Premier-League,37.0,31.8,26.2,523.0,1230.0,2122.0,796.0,777.0
Burnley,24,27.5,43.7,38,35,26,0,0,65,,350.0,422.0,100.0,707.0,400.0,355.0,0.0,5.0,1.0,2017-2018,Premier-League,32.3,32.3,23.6,431.0,1103.0,1875.0,912.0,967.0
Chelsea,26,26.7,55.6,38,60,42,3,3,46,,363.0,405.0,108.0,755.0,424.0,426.0,3.0,2.0,2.0,2017-2018,Premier-League,54.4,52.0,41.5,1045.0,1998.0,2233.0,602.0,506.0
Crystal Palace,28,27.1,45.2,38,44,26,8,10,72,,425.0,404.0,56.0,703.0,552.0,447.0,9.0,2.0,2.0,2017-2018,Premier-League,53.5,45.9,33.3,727.0,1308.0,2156.0,752.0,708.0
Everton,30,26.7,45.5,38,42,26,5,8,55,,460.0,364.0,82.0,629.0,514.0,447.0,8.0,5.0,0.0,2017-2018,Premier-League,40.5,34.1,24.7,477.0,1161.0,2046.0,760.0,852.0
Huddersfield,25,26.4,45.7,38,25,19,2,2,65,,397.0,363.0,67.0,765.0,518.0,502.0,2.0,6.0,1.0,2017-2018,Premier-League,31.3,29.8,23.7,627.0,1210.0,2141.0,788.0,800.0
Leicester City,27,27.2,48.0,38,53,38,5,6,60,,364.0,357.0,92.0,744.0,414.0,417.0,6.0,4.0,2.0,2017-2018,Premier-League,50.0,45.3,34.9,655.0,1271.0,2154.0,787.0,752.0
Liverpool,27,25.6,60.3,38,82,58,2,3,44,,344.0,305.0,70.0,764.0,379.0,450.0,3.0,6.0,0.0,2017-2018,Premier-League,72.9,70.6,52.7,982.0,2236.0,2258.0,585.0,650.0
Manchester City,25,26.4,71.0,38,103,85,6,8,63,,344.0,354.0,67.0,691.0,346.0,381.0,8.0,2.0,2.0,2017-2018,Premier-League,78.6,72.7,57.9,1308.0,2570.0,2104.0,512.0,418.0
Manchester Utd,27,26.7,54.7,38,67,53,1,3,64,,405.0,422.0,88.0,753.0,481.0,369.0,1.0,1.0,2.0,2017-2018,Premier-League,55.7,53.3,40.5,920.0,1564.0,2133.0,617.0,493.0
Newcastle Utd,27,25.6,41.7,38,38,29,0,1,54,,409.0,369.0,63.0,616.0,441.0,426.0,1.0,6.0,3.0,2017-2018,Premier-League,41.6,40.9,32.1,548.0,1145.0,2021.0,884.0,927.0
Southampton,26,26.2,51.3,38,36,23,3,3,65,,416.0,377.0,73.0,800.0,462.0,454.0,3.0,2.0,0.0,2017-2018,Premier-League,39.9,37.6,29.5,694.0,1609.0,2222.0,687.0,821.0
Stoke City,30,27.5,41.4,38,34,28,0,3,62,,436.0,375.0,87.0,598.0,461.0,437.0,2.0,5.0,2.0,2017-2018,Premier-League,36.5,34.1,27.4,477.0,1150.0,1832.0,974.0,774.0
Swansea City,26,27.2,45.3,38,27,20,1,1,51,,377.0,400.0,38.0,694.0,390.0,417.0,1.0,6.0,2.0,2017-2018,Premier-League,31.6,30.8,20.2,596.0,1194.0,1877.0,687.0,769.0
Tottenham,25,25.8,61.8,38,70,51,2,3,52,,384.0,394.0,88.0,825.0,380.0,399.0,3.0,3.0,1.0,2017-2018,Premier-League,64.7,62.3,49.0,862.0,2249.0,2142.0,605.0,583.0
Watford,29,27.9,49.7,38,42,27,3,6,65,,441.0,381.0,74.0,713.0,467.0,432.0,6.0,6.0,1.0,2017-2018,Premier-League,45.0,40.2,29.2,647.0,1455.0,2105.0,841.0,883.0
West Brom,24,29.1,40.7,38,31,24,1,1,73,,440.0,345.0,79.0,784.0,470.0,385.0,0.0,1.0,2.0,2017-2018,Premier-League,36.5,35.7,25.9,507.0,1106.0,2094.0,785.0,784.0
West Ham,27,28.0,45.2,38,48,29,2,4,75,,379.0,450.0,97.0,733.0,482.0,410.0,4.0,6.0,1.0,2017-2018,Premier-League,36.7,33.6,24.9,523.0,1179.0,2017.0,743.0,771.0
Arsenal,25,27.3,,38,79,54,6,7,81,6.0,539.0,,,,,,,,,2001-2002,Premier-League,,,,,,,,
Aston Villa,23,27.2,,38,44,38,2,2,42,2.0,485.0,,,,,,,,,2001-2002,Premier-League,,,,,,,,
Blackburn,27,27.2,,38,54,39,1,1,58,4.0,533.0,,,,,,,,,2001-2002,Premier-League,,,,,,,,
Bolton,30,28.6,,38,42,25,0,1,58,6.0,506.0,,,,,,,,,2001-2002,Premier-League,,,,,,,,
Charlton Ath,25,26.6,,38,36,25,0,1,61,3.0,500.0,,,,,,,,,2001-2002,Premier-League,,,,,,,,
Chelsea,25,26.8,,38,65,43,3,3,71,2.0,438.0,,,,,,,,,2001-2002,Premier-League,,,,,,,,
Derby County,34,25.8,,38,33,23,2,5,70,2.0,498.0,,,,,,,,,2001-2002,Premier-League,,,,,,,,
Everton,28,28.0,,38,44,31,3,3,62,4.0,584.0,,,,,,,,,2001-2002,Premier-League,,,,,,,,
Fulham,24,27.7,,38,35,28,1,3,51,1.0,452.0,,,,,,,,,2001-2002,Premier-League,,,,,,,,
Ipswich Town,26,27.2,,38,41,32,1,3,42,1.0,471.0,,,,,,,,,2001-2002,Premier-League,,,,,,,,
Leeds United,21,26.0,,38,54,46,1,2,74,5.0,583.0,,,,,,,,,2001-2002,Premier-League,,,,,,,,
Leicester City,33,27.1,,38,29,21,2,4,76,3.0,558.0,,,,,,,,,2001-2002,Premier-League,,,,,,,,
Liverpool,27,25.5,,38,63,51,1,3,43,2.0,439.0,,,,,,,,,2001-2002,Premier-League,,,,,,,,
Manchester Utd,28,27.5,,38,81,56,5,5,52,1.0,426.0,,,,,,,,,2001-2002,Premier-League,,,,,,,,
Middlesbrough,35,28.2,,38,33,21,2,3,54,7.0,470.0,,,,,,,,,2001-2002,Premier-League,,,,,,,,
Newcastle Utd,24,25.9,,38,72,53,5,7,47,2.0,497.0,,,,,,,,,2001-2002,Premier-League,,,,,,,,
Southampton,30,27.5,,38,42,30,4,4,34,3.0,466.0,,,,,,,,,2001-2002,Premier-League,,,,,,,,
Sunderland,26,26.5,,38,29,19,1,3,67,1.0,509.0,,,,,,,,,2001-2002,Premier-League,,,,,,,,
Tottenham,24,28.7,,38,48,33,3,3,59,4.0,465.0,,,,,,,,,2001-2002,Premier-League,,,,,,,,
West Ham,28,27.4,,38,48,34,4,5,68,3.0,497.0,,,,,,,,,2001-2002,Premier-League,,,,,,,,
Amiens,26,26.5,46.5,38,30,22,2,3,62,6.0,521.0,519.0,65.0,586.0,396.0,384.0,1.0,9.0,2.0,2018-2019,Ligue-1,35.4,33.0,23.4,518.0,1274.0,1918.0,722.0,705.0
Angers,24,28.0,43.3,38,42,27,5,10,49,4.0,449.0,445.0,51.0,628.0,420.0,399.0,10.0,5.0,2.0,2018-2019,Ligue-1,50.7,42.8,33.5,700.0,1320.0,1946.0,616.0,565.0
Bordeaux,33,25.3,50.1,38,34,26,5,6,74,5.0,545.0,497.0,60.0,658.0,391.0,447.0,3.0,7.0,0.0,2018-2019,Ligue-1,39.7,35.0,29.5,742.0,1374.0,2158.0,660.0,721.0
Caen,26,25.8,44.0,38,29,17,4,4,83,6.0,559.0,500.0,50.0,647.0,489.0,435.0,3.0,8.0,2.0,2018-2019,Ligue-1,31.0,27.9,20.6,500.0,1019.0,1911.0,756.0,822.0
Dijon,26,27.1,47.9,38,29,21,3,4,79,7.0,573.0,443.0,59.0,606.0,482.0,408.0,1.0,3.0,1.0,2018-2019,Ligue-1,39.8,36.6,28.1,677.0,1334.0,1963.0,694.0,800.0
Guingamp,30,26.0,44.1,38,28,21,5,6,58,5.0,486.0,464.0,54.0,809.0,421.0,431.0,4.0,6.0,0.0,2018-2019,Ligue-1,40.4,35.7,28.8,645.0,1398.0,1990.0,778.0,843.0
Lille,25,24.1,51.4,38,66,49,11,13,71,4.0,479.0,510.0,39.0,575.0,387.0,378.0,10.0,10.0,0.0,2018-2019,Ligue-1,59.5,49.3,38.7,757.0,1461.0,2018.0,564.0,575.0
Lyon,25,24.4,60.4,38,70,54,5,10,57,3.0,443.0,469.0,94.0,684.0,363.0,384.0,9.0,5.0,3.0,2018-2019,Ligue-1,73.7,66.1,49.0,977.0,2093.0,2028.0,612.0,513.0
Marseille,24,26.9,55.2,38,59,45,4,5,83,8.0,501.0,455.0,46.0,827.0,401.0,489.0,2.0,12.0,0.0,2018-2019,Ligue-1,52.7,48.9,38.5,809.0,1474.0,1949.0,695.0,622.0
Monaco,42,25.6,49.8,38,38,25,4,5,92,6.0,528.0,505.0,55.0,748.0,386.0,422.0,5.0,8.0,2.0,2018-2019,Ligue-1,47.4,43.5,31.4,773.0,1624.0,1941.0,611.0,594.0
Montpellier,25,28.0,48.0,38,50,28,3,3,61,4.0,537.0,478.0,58.0,749.0,484.0,431.0,2.0,5.0,2.0,2018-2019,Ligue-1,50.1,47.7,35.1,601.0,1497.0,2061.0,729.0,741.0
Nantes,33,25.9,50.1,38,46,28,6,8,75,6.0,493.0,496.0,77.0,725.0,435.0,478.0,7.0,8.0,0.0,2018-2019,Ligue-1,49.1,42.8,30.6,656.0,1472.0,2173.0,767.0,685.0
Nice,30,24.2,54.8,38,28,18,5,9,73,5.0,425.0,518.0,40.0,495.0,450.0,420.0,7.0,6.0,1.0,2018-2019,Ligue-1,46.3,39.2,30.8,740.0,1537.0,1957.0,516.0,502.0
Nîmes,23,24.1,45.7,38,55,37,4,6,71,5.0,487.0,494.0,40.0,736.0,443.0,442.0,3.0,5.0,1.0,2018-2019,Ligue-1,50.0,45.3,34.1,717.0,1229.0,2030.0,693.0,828.0
Paris S-G,30,26.2,63.7,38,103,72,10,12,64,4.0,474.0,444.0,92.0,588.0,342.0,434.0,10.0,6.0,4.0,2018-2019,Ligue-1,88.9,79.5,63.1,993.0,2207.0,2060.0,402.0,336.0
Reims,27,26.2,43.6,38,39,27,2,2,67,2.0,532.0,467.0,79.0,633.0,486.0,454.0,2.0,7.0,2.0,2018-2019,Ligue-1,38.1,36.5,27.7,593.0,1262.0,2029.0,647.0,718.0
Rennes,28,25.7,50.6,38,52,34,7,10,70,3.0,490.0,486.0,61.0,663.0,389.0,395.0,9.0,5.0,1.0,2018-2019,Ligue-1,55.6,47.8,34.4,884.0,1522.0,2032.0,625.0,560.0
Saint-Étienne,29,27.8,52.5,38,56,40,5,5,67,7.0,454.0,456.0,60.0,770.0,441.0,406.0,4.0,9.0,1.0,2018-2019,Ligue-1,56.7,52.7,39.2,753.0,1543.0,1948.0,609.0,643.0
Strasbourg,26,26.2,50.1,38,57,43,5,7,71,4.0,512.0,404.0,43.0,719.0,428.0,405.0,5.0,9.0,1.0,2018-2019,Ligue-1,41.3,35.8,28.1,683.0,1460.0,1940.0,631.0,615.0
Toulouse,29,25.5,48.2,38,35,16,7,11,77,5.0,558.0,468.0,69.0,629.0,384.0,418.0,8.0,6.0,1.0,2018-2019,Ligue-1,45.7,37.1,29.3,684.0,1465.0,2024.0,712.0,653.0
Atalanta,28,27.3,,38,52,28,5,7,116,6.0,739.0,,,,,,,,,2007-2008,Serie-A,,,,,,,,
Cagliari,28,27.0,,38,37,15,7,7,94,4.0,653.0,,,,,,,,,2007-2008,Serie-A,,,,,,,,
Catania,28,28.0,,38,31,20,2,3,108,5.0,775.0,,,,,,,,,2007-2008,Serie-A,,,,,,,,
Empoli,24,26.8,,38,29,16,2,5,97,5.0,765.0,,,,,,,,,2007-2008,Serie-A,,,,,,,,
Fiorentina,26,26.3,,38,54,29,7,7,80,3.0,796.0,,,,,,,,,2007-2008,Serie-A,,,,,,,,
Genoa,29,27.4,,38,43,22,5,6,119,8.0,800.0,,,,,,,,,2007-2008,Serie-A,,,,,,,,
Inter,28,28.8,,38,69,37,9,10,73,4.0,620.0,,,,,,,,,2007-2008,Serie-A,,,,,,,,
Juventus,27,28.2,,38,71,39,6,7,95,5.0,786.0,,,,,,,,,2007-2008,Serie-A,,,,,,,,
Lazio,30,27.8,,38,47,24,5,5,101,12.0,697.0,,,,,,,,,2007-2008,Serie-A,,,,,,,,
Livorno,28,28.9,,38,34,15,4,5,96,5.0,659.0,,,,,,,,,2007-2008,Serie-A,,,,,,,,
Milan,26,30.1,,38,66,34,8,10,76,3.0,648.0,,,,,,,,,2007-2008,Serie-A,,,,,,,,
Napoli,27,26.3,,38,49,20,6,9,102,6.0,745.0,,,,,,,,,2007-2008,Serie-A,,,,,,,,
Palermo,26,27.5,,38,45,26,3,6,104,7.0,727.0,,,,,,,,,2007-2008,Serie-A,,,,,,,,
Parma,30,28.5,,38,42,21,6,9,106,10.0,811.0,,,,,,,,,2007-2008,Serie-A,,,,,,,,
Reggina,26,26.7,,38,37,18,3,3,89,3.0,678.0,,,,,,,,,2007-2008,Serie-A,,,,,,,,
Roma,23,28.1,,38,71,38,6,7,81,5.0,606.0,,,,,,,,,2007-2008,Serie-A,,,,,,,,
Sampdoria,26,28.1,,38,54,29,2,2,104,6.0,768.0,,,,,,,,,2007-2008,Serie-A,,,,,,,,
Siena,29,27.7,,38,38,17,2,5,79,3.0,784.0,,,,,,,,,2007-2008,Serie-A,,,,,,,,
Torino,27,28.7,,38,35,17,5,6,115,6.0,839.0,,,,,,,,,2007-2008,Serie-A,,,,,,,,
Udinese,27,24.5,,38,47,26,2,2,82,7.0,710.0,,,,,,,,,2007-2008,Serie-A,,,,,,,,
Arsenal,30,25.3,,38,79,53,3,4,56,1.0,468.0,,,,,,,,,2009-2010,Premier-League,,,,,,,,
Aston Villa,23,27.9,,38,48,34,5,8,62,2.0,504.0,,,,,,,,,2009-2010,Premier-League,,,,,,,,
Birmingham City,25,26.8,,38,36,22,2,4,72,1.0,449.0,,,,,,,,,2009-2010,Premier-League,,,,,,,,
Blackburn,28,27.3,,38,38,22,3,3,61,2.0,538.0,,,,,,,,,2009-2010,Premier-League,,,,,,,,
Bolton,25,27.4,,38,42,24,4,4,78,5.0,552.0,,,,,,,,,2009-2010,Premier-League,,,,,,,,
Burnley,26,27.9,,38,42,25,6,6,57,2.0,451.0,,,,,,,,,2009-2010,Premier-League,,,,,,,,
Chelsea,30,28.7,,38,99,64,11,12,60,5.0,461.0,,,,,,,,,2009-2010,Premier-League,,,,,,,,
Everton,28,27.4,,38,56,33,5,6,58,2.0,511.0,,,,,,,,,2009-2010,Premier-League,,,,,,,,
Fulham,29,29.2,,38,38,21,4,4,46,1.0,465.0,,,,,,,,,2009-2010,Premier-League,,,,,,,,
Hull City,30,27.7,,38,33,16,6,8,70,6.0,554.0,,,,,,,,,2009-2010,Premier-League,,,,,,,,
Liverpool,30,26.3,,38,58,37,3,3,57,5.0,457.0,,,,,,,,,2009-2010,Premier-League,,,,,,,,
Manchester City,31,27.0,,38,73,48,5,5,50,2.0,443.0,,,,,,,,,2009-2010,Premier-League,,,,,,,,
Manchester Utd,30,27.8,,38,74,48,6,8,51,4.0,441.0,,,,,,,,,2009-2010,Premier-League,,,,,,,,
Portsmouth,33,28.2,,38,34,19,3,6,76,5.0,500.0,,,,,,,,,2009-2010,Premier-League,,,,,,,,
Stoke City,23,28.5,,38,32,23,2,2,69,5.0,476.0,,,,,,,,,2009-2010,Premier-League,,,,,,,,
Sunderland,28,25.4,,38,45,28,6,9,87,9.0,540.0,,,,,,,,,2009-2010,Premier-League,,,,,,,,
Tottenham,30,25.4,,38,66,45,2,3,58,1.0,453.0,,,,,,,,,2009-2010,Premier-League,,,,,,,,
West Ham,30,26.0,,38,46,27,7,9,69,3.0,539.0,,,,,,,,,2009-2010,Premier-League,,,,,,,,
Wigan Athletic,27,26.3,,38,36,21,1,2,64,3.0,500.0,,,,,,,,,2009-2010,Premier-League,,,,,,,,
Wolves,29,25.9,,38,28,15,2,2,65,4.0,513.0,,,,,,,,,2009-2010,Premier-League,,,,,,,,
Atalanta,31,27.8,,38,37,16,3,4,119,8.0,625.0,,,,,,,,,2009-2010,Serie-A,,,,,,,,
Bari,30,26.6,,38,48,21,5,6,68,4.0,628.0,,,,,,,,,2009-2010,Serie-A,,,,,,,,
Bologna,31,28.9,,38,40,17,3,3,74,3.0,705.0,,,,,,,,,2009-2010,Serie-A,,,,,,,,
Cagliari,27,26.6,,38,54,30,6,7,90,7.0,643.0,,,,,,,,,2009-2010,Serie-A,,,,,,,,
Catania,30,26.5,,38,44,19,7,9,105,7.0,776.0,,,,,,,,,2009-2010,Serie-A,,,,,,,,
Chievo,26,29.1,,38,36,16,1,1,110,5.0,773.0,,,,,,,,,2009-2010,Serie-A,,,,,,,,
Fiorentina,28,27.1,,38,48,27,2,3,89,6.0,697.0,,,,,,,,,2009-2010,Serie-A,,,,,,,,
Genoa,32,27.4,,38,57,24,9,10,109,7.0,759.0,,,,,,,,,2009-2010,Serie-A,,,,,,,,
Inter,26,29.2,,38,74,44,6,6,97,7.0,631.0,,,,,,,,,2009-2010,Serie-A,,,,,,,,
Juventus,30,28.6,,38,54,24,3,4,103,6.0,723.0,,,,,,,,,2009-2010,Serie-A,,,,,,,,
Lazio,32,27.8,,38,38,24,3,5,103,6.0,702.0,,,,,,,,,2009-2010,Serie-A,,,,,,,,
Livorno,36,27.6,,38,27,17,3,3,93,8.0,649.0,,,,,,,,,2009-2010,Serie-A,,,,,,,,
Milan,28,29.7,,38,59,30,7,10,82,8.0,580.0,,,,,,,,,2009-2010,Serie-A,,,,,,,,
Napoli,25,27.3,,38,50,26,2,5,103,6.0,690.0,,,,,,,,,2009-2010,Serie-A,,,,,,,,
Palermo,25,25.7,,38,59,32,8,9,99,3.0,597.0,,,,,,,,,2009-2010,Serie-A,,,,,,,,
Parma,27,27.5,,38,44,20,2,4,99,7.0,725.0,,,,,,,,,2009-2010,Serie-A,,,,,,,,
Roma,29,28.7,,38,68,34,9,11,91,3.0,600.0,,,,,,,,,2009-2010,Serie-A,,,,,,,,
Sampdoria,26,26.7,,38,49,27,4,5,94,8.0,602.0,,,,,,,,,2009-2010,Serie-A,,,,,,,,
Siena,29,26.5,,38,40,19,2,3,101,5.0,703.0,,,,,,,,,2009-2010,Serie-A,,,,,,,,
Udinese,28,25.2,,38,54,25,6,7,94,3.0,654.0,,,,,,,,,2009-2010,Serie-A,,,,,,,,
Alavés,26,26.7,42.7,38,39,27,2,3,101,1.0,551.0,499.0,58.0,729.0,390.0,389.0,2.0,6.0,2.0,2018-2019,La-Liga,41.1,38.8,29.0,511.0,1113.0,1972.0,864.0,890.0
Athletic Club,27,27.6,50.0,38,39,26,5,7,120,4.0,580.0,492.0,74.0,728.0,453.0,384.0,6.0,5.0,0.0,2018-2019,La-Liga,43.4,37.8,30.7,626.0,1452.0,2036.0,923.0,723.0
Atlético Madrid,29,26.4,49.2,38,53,36,3,4,103,5.0,476.0,453.0,80.0,590.0,463.0,487.0,2.0,5.0,2.0,2018-2019,La-Liga,47.3,44.1,35.3,677.0,1386.0,2080.0,675.0,586.0
Barcelona,30,27.7,64.4,38,88,61,8,9,77,2.0,410.0,550.0,102.0,394.0,391.0,346.0,8.0,2.0,1.0,2018-2019,La-Liga,75.8,68.7,55.8,851.0,2110.0,2017.0,449.0,365.0
Betis,25,26.7,61.8,38,43,30,5,7,89,1.0,435.0,548.0,79.0,590.0,361.0,378.0,5.0,5.0,0.0,2018-2019,La-Liga,47.1,41.5,32.9,887.0,1631.0,1804.0,463.0,467.0
Celta Vigo,28,25.5,51.6,38,52,37,7,7,84,6.0,458.0,484.0,90.0,659.0,382.0,377.0,3.0,7.0,1.0,2018-2019,La-Liga,46.5,41.2,33.6,673.0,1288.0,1904.0,663.0,611.0
Eibar,25,28.5,54.0,38,46,26,7,8,82,2.0,521.0,390.0,92.0,1057.0,368.0,424.0,5.0,4.0,1.0,2018-2019,La-Liga,54.8,48.6,36.7,565.0,1619.0,2272.0,996.0,1018.0
Espanyol,25,27.7,49.4,38,43,26,4,4,92,2.0,531.0,510.0,84.0,544.0,408.0,394.0,3.0,8.0,2.0,2018-2019,La-Liga,48.9,45.8,33.8,642.0,1495.0,1935.0,591.0,582.0
Getafe,26,27.5,40.7,38,47,34,6,6,111,7.0,642.0,501.0,102.0,638.0,453.0,358.0,4.0,7.0,2.0,2018-2019,La-Liga,46.2,41.6,32.9,448.0,1131.0,2029.0,836.0,948.0
Girona,26,26.6,48.0,38,37,23,6,6,83,4.0,537.0,527.0,60.0,743.0,432.0,367.0,3.0,8.0,2.0,2018-2019,La-Liga,43.5,39.3,29.3,634.0,1316.0,1974.0,749.0,756.0
Huesca,30,26.7,44.5,38,43,28,6,7,114,3.0,579.0,442.0,94.0,771.0,440.0,452.0,5.0,9.0,3.0,2018-2019,La-Liga,50.8,45.4,34.6,653.0,1209.0,2029.0,740.0,762.0
Leganés,29,26.6,43.1,38,36,25,3,5,106,4.0,542.0,398.0,75.0,744.0,432.0,382.0,3.0,4.0,1.0,2018-2019,La-Liga,40.6,36.8,28.1,447.0,1153.0,1942.0,914.0,721.0
Levante,26,26.3,45.7,38,56,39,5,7,112,7.0,501.0,487.0,85.0,674.0,422.0,372.0,6.0,9.0,2.0,2018-2019,La-Liga,53.9,48.4,38.5,709.0,1295.0,1969.0,469.0,571.0
Rayo Vallecano,29,26.6,48.7,38,40,24,5,5,106,8.0,567.0,455.0,71.0,783.0,433.0,422.0,5.0,11.0,1.0,2018-2019,La-Liga,48.7,44.8,33.0,831.0,1326.0,1996.0,535.0,587.0
Real Madrid,27,27.1,60.1,38,61,39,9,9,83,6.0,446.0,545.0,112.0,762.0,373.0,395.0,8.0,8.0,0.0,2018-2019,La-Liga,66.7,60.2,49.9,1009.0,2094.0,1957.0,479.0,434.0
Real Sociedad,30,24.9,51.7,38,44,27,8,10,82,4.0,492.0,544.0,92.0,627.0,425.0,344.0,7.0,3.0,2.0,2018-2019,La-Liga,49.7,42.2,33.0,695.0,1381.0,2021.0,699.0,651.0
Sevilla,27,27.9,52.3,38,60,47,5,6,118,6.0,536.0,462.0,111.0,812.0,365.0,408.0,5.0,7.0,0.0,2018-2019,La-Liga,66.6,61.8,49.3,828.0,1804.0,2050.0,651.0,724.0
Valencia,25,26.4,47.1,38,50,38,5,7,90,3.0,463.0,514.0,75.0,715.0,418.0,384.0,6.0,8.0,2.0,2018-2019,La-Liga,60.7,55.2,46.7,751.0,1561.0,2016.0,596.0,621.0
Valladolid,28,27.4,46.8,38,31,19,4,7,92,0.0,521.0,521.0,96.0,804.0,387.0,441.0,6.0,9.0,1.0,2018-2019,La-Liga,41.1,35.6,26.7,662.0,1299.0,1967.0,595.0,854.0
Villarreal,26,27.1,48.3,38,47,34,3,6,118,3.0,518.0,412.0,95.0,618.0,390.0,413.0,3.0,5.0,3.0,2018-2019,La-Liga,53.9,50.0,39.0,715.0,1648.0,1914.0,613.0,629.0
Alavés,30,25.5,40.3,38,40,31,1,3,109,4.0,603.0,522.0,108.0,558.0,498.0,464.0,3.0,10.0,2.0,2017-2018,La-Liga,38.5,36.1,27.7,454.0,1045.0,1975.0,608.0,602.0
Athletic Club,26,26.7,49.6,38,39,25,6,8,93,0.0,528.0,487.0,104.0,816.0,465.0,486.0,7.0,6.0,3.0,2017-2018,La-Liga,49.7,43.8,33.7,652.0,1519.0,2174.0,715.0,609.0
Atlético Madrid,26,26.6,47.5,38,57,41,4,5,96,5.0,538.0,481.0,107.0,524.0,513.0,614.0,4.0,4.0,1.0,2017-2018,La-Liga,50.2,46.3,36.6,703.0,1460.0,2214.0,554.0,539.0
Barcelona,25,27.7,62.8,38,96,74,3,5,67,2.0,383.0,520.0,134.0,409.0,424.0,413.0,4.0,2.0,0.0,2017-2018,La-Liga,83.5,80.1,64.6,1025.0,2151.0,2095.0,343.0,286.0
Betis,29,27.1,56.9,38,56,43,2,3,91,3.0,465.0,486.0,62.0,534.0,427.0,424.0,1.0,4.0,4.0,2017-2018,La-Liga,46.0,43.7,35.2,736.0,1506.0,1953.0,447.0,453.0
Celta Vigo,23,25.7,55.7,38,57,45,2,3,85,1.0,430.0,540.0,92.0,583.0,497.0,420.0,2.0,5.0,1.0,2017-2018,La-Liga,55.0,52.6,43.0,724.0,1595.0,2148.0,545.0,524.0
Eibar,27,27.4,52.0,38,43,31,2,3,86,3.0,492.0,435.0,84.0,1055.0,554.0,436.0,3.0,4.0,3.0,2017-2018,La-Liga,40.9,38.6,30.2,635.0,1468.0,2287.0,752.0,718.0
Espanyol,25,26.8,46.9,38,33,24,2,3,88,1.0,521.0,530.0,76.0,720.0,515.0,500.0,3.0,6.0,2.0,2017-2018,La-Liga,41.1,38.7,27.8,532.0,1276.0,2009.0,597.0,633.0
Getafe,32,28.2,40.2,38,41,27,5,12,134,5.0,673.0,495.0,108.0,585.0,487.0,491.0,11.0,4.0,0.0,2017-2018,La-Liga,48.2,38.6,29.6,374.0,1092.0,2022.0,541.0,730.0
Girona,25,26.3,46.8,38,50,31,6,8,102,0.0,615.0,497.0,80.0,828.0,490.0,403.0,6.0,5.0,3.0,2017-2018,La-Liga,50.6,44.4,34.4,590.0,1215.0,1981.0,643.0,597.0
La Coruña,32,28.2,46.8,38,38,30,3,5,100,2.0,507.0,436.0,94.0,747.0,484.0,500.0,5.0,5.0,3.0,2017-2018,La-Liga,51.6,47.7,40.0,640.0,1477.0,2074.0,558.0,584.0
Las Palmas,36,27.0,54.7,38,24,15,6,8,89,3.0,484.0,665.0,81.0,581.0,508.0,433.0,5.0,5.0,1.0,2017-2018,La-Liga,38.5,32.3,24.8,726.0,1332.0,1998.0,474.0,540.0
Leganés,28,27.8,43.0,38,32,23,2,3,105,5.0,592.0,503.0,97.0,690.0,583.0,483.0,2.0,7.0,0.0,2017-2018,La-Liga,39.9,37.6,30.0,534.0,1111.0,2140.0,653.0,627.0
Levante,33,25.7,42.8,38,43,28,5,5,111,6.0,554.0,446.0,70.0,726.0,477.0,414.0,5.0,6.0,3.0,2017-2018,La-Liga,44.7,40.8,31.8,676.0,1286.0,1967.0,468.0,559.0
Málaga,37,27.2,44.1,38,23,15,4,6,101,8.0,613.0,442.0,89.0,742.0,497.0,509.0,3.0,7.0,0.0,2017-2018,La-Liga,38.4,33.7,26.3,463.0,1169.0,2086.0,602.0,739.0
Real Madrid,24,27.1,60.2,38,91,65,8,10,67,4.0,436.0,517.0,115.0,904.0,424.0,470.0,9.0,4.0,2.0,2017-2018,La-Liga,85.4,77.5,62.8,1131.0,2383.0,2087.0,406.0,369.0
Real Sociedad,27,25.9,56.5,38,64,47,4,5,64,5.0,419.0,538.0,91.0,782.0,446.0,374.0,5.0,8.0,1.0,2017-2018,La-Liga,53.7,49.7,38.9,883.0,1605.0,2038.0,498.0,467.0
Sevilla,31,27.1,54.3,38,48,35,4,5,99,3.0,562.0,493.0,137.0,657.0,409.0,535.0,3.0,8.0,1.0,2017-2018,La-Liga,59.5,55.7,42.8,817.0,1824.0,2129.0,582.0,504.0
Valencia,25,24.8,48.6,38,63,45,8,8,107,5.0,518.0,548.0,83.0,605.0,459.0,492.0,7.0,5.0,0.0,2017-2018,La-Liga,56.0,49.8,39.9,739.0,1563.0,2023.0,534.0,460.0
Villarreal,32,26.6,50.4,38,56,45,4,5,117,6.0,598.0,458.0,111.0,517.0,427.0,466.0,5.0,8.0,0.0,2017-2018,La-Liga,53.3,49.3,42.0,719.0,1453.0,2021.0,553.0,533.0
Augsburg,34,25.9,41.7,34,41,29,4,5,96,5.0,433.0,356.0,58.0,548.0,286.0,299.0,3.0,4.0,2.0,2022-2023,Bundesliga,34.7,30.9,24.3,331.0,847.0,1792.0,640.0,777.0
Bayern Munich,28,26.6,64.2,34,90,67,3,5,49,3.0,306.0,335.0,84.0,603.0,287.0,387.0,5.0,10.0,0.0,2022-2023,Bundesliga,75.0,71.0,56.6,863.0,2041.0,2085.0,471.0,381.0
Bochum,26,29.4,46.1,34,37,28,3,3,64,1.0,429.0,354.0,66.0,568.0,337.0,386.0,3.0,14.0,3.0,2022-2023,Bundesliga,40.0,37.7,28.4,350.0,1022.0,1991.0,770.0,737.0
Dortmund,30,25.8,58.2,34,81,61,4,6,66,0.0,322.0,407.0,41.0,677.0,298.0,334.0,6.0,1.0,1.0,2022-2023,Bundesliga,71.1,66.5,51.9,783.0,1628.0,1958.0,425.0,364.0
Eint Frankfurt,28,26.4,52.9,34,56,33,6,6,71,1.0,429.0,377.0,70.0,616.0,284.0,357.0,6.0,2.0,1.0,2022-2023,Bundesliga,52.1,47.4,36.2,632.0,1372.0,2088.0,467.0,555.0
Freiburg,27,27.4,48.1,34,51,34,7,8,62,2.0,404.0,424.0,57.0,547.0,325.0,289.0,7.0,6.0,0.0,2022-2023,Bundesliga,47.9,41.6,28.5,427.0,1039.0,1754.0,743.0,686.0
Gladbach,27,26.8,53.7,34,52,39,4,6,62,3.0,338.0,447.0,72.0,441.0,267.0,275.0,3.0,6.0,1.0,2022-2023,Bundesliga,52.1,47.5,41.2,518.0,1168.0,1718.0,415.0,419.0
Hertha BSC,32,26.0,42.0,34,42,23,7,7,82,1.0,422.0,394.0,58.0,516.0,366.0,344.0,4.0,6.0,0.0,2022-2023,Bundesliga,39.4,33.9,25.3,413.0,914.0,1835.0,633.0,701.0
Hoffenheim,31,26.8,48.3,34,46,30,7,9,80,5.0,471.0,368.0,78.0,577.0,285.0,323.0,7.0,3.0,1.0,2022-2023,Bundesliga,48.0,41.1,32.4,457.0,1175.0,1843.0,550.0,557.0
Köln,27,26.0,49.9,34,46,31,4,4,75,3.0,400.0,352.0,68.0,790.0,372.0,370.0,2.0,5.0,3.0,2022-2023,Bundesliga,47.9,44.7,35.1,522.0,1247.0,2022.0,659.0,608.0
Leverkusen,27,24.7,52.0,34,57,44,5,7,75,7.0,382.0,409.0,51.0,461.0,294.0,280.0,6.0,7.0,2.0,2022-2023,Bundesliga,51.4,46.0,38.9,678.0,1243.0,1918.0,430.0,492.0
Mainz 05,27,27.0,44.8,34,54,35,4,6,69,1.0,476.0,334.0,74.0,610.0,433.0,341.0,5.0,8.0,0.0,2022-2023,Bundesliga,47.1,42.4,30.0,364.0,1155.0,2081.0,740.0,703.0
RB Leipzig,25,26.3,58.1,34,64,39,6,7,69,2.0,393.0,402.0,80.0,489.0,310.0,312.0,5.0,8.0,2.0,2022-2023,Bundesliga,62.7,57.4,43.2,599.0,1450.0,1966.0,440.0,433.0
Schalke 04,35,27.5,46.0,34,32,24,4,5,68,1.0,427.0,391.0,70.0,764.0,306.0,329.0,3.0,6.0,1.0,2022-2023,Bundesliga,39.6,35.9,28.7,415.0,934.0,1896.0,692.0,739.0
Stuttgart,30,24.7,50.2,34,45,34,5,5,72,5.0,346.0,407.0,56.0,597.0,308.0,316.0,4.0,6.0,1.0,2022-2023,Bundesliga,47.6,43.7,38.1,609.0,1278.0,1989.0,547.0,470.0
Union Berlin,28,27.9,43.8,34,49,38,3,7,65,2.0,445.0,345.0,62.0,708.0,262.0,278.0,4.0,7.0,0.0,2022-2023,Bundesliga,37.9,32.5,25.9,375.0,1012.0,1833.0,767.0,755.0
Werder Bremen,25,27.4,49.3,34,50,37,5,6,76,1.0,426.0,369.0,65.0,514.0,321.0,349.0,3.0,3.0,2.0,2022-2023,Bundesliga,41.1,36.4,29.0,412.0,1140.0,1987.0,631.0,622.0
Wolfsburg,28,24.8,50.6,34,55,44,4,7,63,0.0,390.0,451.0,50.0,568.0,292.0,324.0,6.0,7.0,3.0,2022-2023,Bundesliga,51.3,45.8,39.2,455.0,1306.0,1800.0,525.0,546.0
1860 Munich,26,27.4,,34,40,28,2,3,82,5.0,,,,,,,,,,2000-2001,Bundesliga,,,,,,,,
Bayern Munich,25,28.1,,34,62,50,4,5,92,3.0,,,,,,,,,,2000-2001,Bundesliga,,,,,,,,
Bochum,33,26.6,,34,30,19,4,4,81,10.0,,,,,,,,,,2000-2001,Bundesliga,,,,,,,,
Dortmund,24,27.3,,34,59,43,3,4,74,4.0,,,,,,,,,,2000-2001,Bundesliga,,,,,,,,
Eint Frankfurt,34,27.7,,34,40,29,4,6,73,8.0,,,,,,,,,,2000-2001,Bundesliga,,,,,,,,
Energie Cottbus,24,28.6,,34,38,22,2,4,79,1.0,,,,,,,,,,2000-2001,Bundesliga,,,,,,,,
Freiburg,24,25.1,,34,52,35,6,7,81,3.0,,,,,,,,,,2000-2001,Bundesliga,,,,,,,,
Hamburger SV,29,27.9,,34,58,41,3,5,90,6.0,,,,,,,,,,2000-2001,Bundesliga,,,,,,,,
Hansa Rostock,24,27.5,,34,33,19,2,3,87,10.0,,,,,,,,,,2000-2001,Bundesliga,,,,,,,,
Hertha BSC,26,27.7,,34,57,42,2,3,68,5.0,,,,,,,,,,2000-2001,Bundesliga,,,,,,,,
Kaiserslautern,29,27.9,,34,48,28,6,6,92,5.0,,,,,,,,,,2000-2001,Bundesliga,,,,,,,,
Köln,26,25.5,,34,56,39,3,3,74,7.0,,,,,,,,,,2000-2001,Bundesliga,,,,,,,,
Leverkusen,27,26.5,,34,54,39,6,7,94,8.0,,,,,,,,,,2000-2001,Bundesliga,,,,,,,,
Schalke 04,23,29.1,,34,62,42,2,3,75,2.0,,,,,,,,,,2000-2001,Bundesliga,,,,,,,,
Stuttgart,28,26.3,,34,38,22,4,4,66,3.0,,,,,,,,,,2000-2001,Bundesliga,,,,,,,,
Unterhaching,26,28.0,,34,35,23,1,1,50,4.0,,,,,,,,,,2000-2001,Bundesliga,,,,,,,,
Werder Bremen,25,26.8,,34,52,29,6,8,81,3.0,,,,,,,,,,2000-2001,Bundesliga,,,,,,,,
Wolfsburg,25,28.8,,34,59,41,3,3,71,1.0,,,,,,,,,,2000-2001,Bundesliga,,,,,,,,
1860 Munich,29,28.1,,34,56,33,4,5,79,4.0,,,,,,,,,,2001-2002,Bundesliga,,,,,,,,
Bayern Munich,25,28.0,,34,61,37,5,7,68,1.0,,,,,,,,,,2001-2002,Bundesliga,,,,,,,,
Dortmund,25,27.0,,34,61,39,7,9,78,2.0,,,,,,,,,,2001-2002,Bundesliga,,,,,,,,
Energie Cottbus,29,28.6,,34,36,25,3,3,105,7.0,,,,,,,,,,2001-2002,Bundesliga,,,,,,,,
Freiburg,26,25.6,,34,34,21,3,5,53,2.0,,,,,,,,,,2001-2002,Bundesliga,,,,,,,,
Gladbach,25,27.8,,34,37,19,6,7,62,3.0,,,,,,,,,,2001-2002,Bundesliga,,,,,,,,
Hamburger SV,26,28.2,,34,48,29,3,4,82,3.0,,,,,,,,,,2001-2002,Bundesliga,,,,,,,,
Hansa Rostock,28,28.0,,34,35,21,4,6,60,5.0,,,,,,,,,,2001-2002,Bundesliga,,,,,,,,
Hertha BSC,25,27.6,,34,59,38,4,5,78,4.0,,,,,,,,,,2001-2002,Bundesliga,,,,,,,,
Kaiserslautern,29,27.7,,34,60,39,4,8,94,3.0,,,,,,,,,,2001-2002,Bundesliga,,,,,,,,
Köln,28,26.4,,34,26,20,0,0,85,3.0,,,,,,,,,,2001-2002,Bundesliga,,,,,,,,
Leverkusen,21,26.4,,34,76,52,7,9,105,4.0,,,,,,,,,,2001-2002,Bundesliga,,,,,,,,
Nürnberg,29,25.9,,34,32,16,3,6,78,4.0,,,,,,,,,,2001-2002,Bundesliga,,,,,,,,
Schalke 04,22,29.4,,34,50,28,5,6,79,1.0,,,,,,,,,,2001-2002,Bundesliga,,,,,,,,
St. Pauli,29,26.6,,34,36,18,4,5,81,5.0,,,,,,,,,,2001-2002,Bundesliga,,,,,,,,
Stuttgart,26,26.1,,34,46,30,2,3,60,4.0,,,,,,,,,,2001-2002,Bundesliga,,,,,,,,
Werder Bremen,21,27.0,,34,54,27,7,9,84,5.0,,,,,,,,,,2001-2002,Bundesliga,,,,,,,,
Wolfsburg,28,27.7,,34,53,39,3,4,69,6.0,,,,,,,,,,2001-2002,Bundesliga,,,,,,,,
Arsenal,22,27.3,,38,69,52,7,7,53,3.0,532.0,,,,,,,,,2003-2004,Premier-League,,,,,,,,
Aston Villa,23,25.7,,38,48,34,4,5,52,3.0,609.0,,,,,,,,,2003-2004,Premier-League,,,,,,,,
Birmingham City,27,27.4,,38,43,29,4,5,46,5.0,560.0,,,,,,,,,2003-2004,Premier-League,,,,,,,,
Blackburn,28,28.2,,38,52,39,0,0,61,3.0,556.0,,,,,,,,,2003-2004,Premier-League,,,,,,,,
Bolton,24,28.5,,38,47,35,1,1,66,0.0,521.0,,,,,,,,,2003-2004,Premier-League,,,,,,,,
Charlton Ath,24,28.4,,38,50,29,6,8,38,3.0,494.0,,,,,,,,,2003-2004,Premier-League,,,,,,,,
Chelsea,27,25.9,,38,67,58,4,4,46,3.0,543.0,,,,,,,,,2003-2004,Premier-League,,,,,,,,
Everton,27,27.4,,38,42,31,1,1,54,3.0,474.0,,,,,,,,,2003-2004,Premier-League,,,,,,,,
Fulham,30,27.0,,38,52,32,2,3,66,3.0,537.0,,,,,,,,,2003-2004,Premier-League,,,,,,,,
Leeds United,30,25.1,,38,40,28,4,4,73,5.0,564.0,,,,,,,,,2003-2004,Premier-League,,,,,,,,
Leicester City,30,29.3,,38,45,37,2,3,61,8.0,558.0,,,,,,,,,2003-2004,Premier-League,,,,,,,,
Liverpool,26,26.0,,38,53,36,8,10,46,1.0,479.0,,,,,,,,,2003-2004,Premier-League,,,,,,,,
Manchester City,24,27.9,,38,52,37,4,4,50,3.0,463.0,,,,,,,,,2003-2004,Premier-League,,,,,,,,
Manchester Utd,22,25.8,,38,63,54,1,4,46,3.0,448.0,,,,,,,,,2003-2004,Premier-League,,,,,,,,
Middlesbrough,27,27.6,,38,42,28,3,5,59,1.0,554.0,,,,,,,,,2003-2004,Premier-League,,,,,,,,
Newcastle Utd,24,25.8,,38,53,33,7,10,48,3.0,534.0,,,,,,,,,2003-2004,Premier-League,,,,,,,,
Portsmouth,32,28.6,,38,49,31,3,3,63,3.0,603.0,,,,,,,,,2003-2004,Premier-League,,,,,,,,
Southampton,28,28.1,,38,43,27,2,2,54,3.0,504.0,,,,,,,,,2003-2004,Premier-League,,,,,,,,
Tottenham,28,26.2,,38,47,33,3,3,61,0.0,595.0,,,,,,,,,2003-2004,Premier-League,,,,,,,,
Wolves,27,29.6,,38,39,25,1,4,68,2.0,520.0,,,,,,,,,2003-2004,Premier-League,,,,,,,,
Augsburg,29,25.9,,34,33,22,0,1,68,2.0,541.0,,,,,,,,,2012-2013,Bundesliga,,,,,,,,
Bayern Munich,24,26.1,,34,94,79,4,5,37,1.0,424.0,,,,,,,,,2012-2013,Bundesliga,,,,,,,,
Dortmund,23,24.9,,34,81,63,5,7,43,4.0,436.0,,,,,,,,,2012-2013,Bundesliga,,,,,,,,
Düsseldorf,28,26.6,,34,36,21,3,4,80,3.0,481.0,,,,,,,,,2012-2013,Bundesliga,,,,,,,,
Eint Frankfurt,27,24.9,,34,46,36,3,3,66,3.0,510.0,,,,,,,,,2012-2013,Bundesliga,,,,,,,,
Freiburg,27,24.4,,34,44,30,4,4,58,3.0,508.0,,,,,,,,,2012-2013,Bundesliga,,,,,,,,
Gladbach,22,25.3,,34,44,29,4,4,57,1.0,432.0,,,,,,,,,2012-2013,Bundesliga,,,,,,,,
Greuther Fürth,32,24.9,,34,24,19,1,4,83,6.0,624.0,,,,,,,,,2012-2013,Bundesliga,,,,,,,,
Hamburger SV,25,24.9,,34,42,36,2,3,69,4.0,590.0,,,,,,,,,2012-2013,Bundesliga,,,,,,,,
Hannover 96,25,26.8,,34,59,41,6,6,81,4.0,522.0,,,,,,,,,2012-2013,Bundesliga,,,,,,,,
Hoffenheim,33,24.3,,34,41,31,5,5,78,5.0,571.0,,,,,,,,,2012-2013,Bundesliga,,,,,,,,
Leverkusen,24,24.3,,34,65,51,4,8,61,2.0,498.0,,,,,,,,,2012-2013,Bundesliga,,,,,,,,
Mainz 05,29,28.4,,34,42,26,4,5,73,4.0,494.0,,,,,,,,,2012-2013,Bundesliga,,,,,,,,
Nürnberg,25,27.0,,34,39,27,3,4,70,2.0,570.0,,,,,,,,,2012-2013,Bundesliga,,,,,,,,
Schalke 04,26,25.1,,34,56,48,3,5,58,3.0,491.0,,,,,,,,,2012-2013,Bundesliga,,,,,,,,
Stuttgart,27,25.6,,34,34,21,6,8,77,7.0,529.0,,,,,,,,,2012-2013,Bundesliga,,,,,,,,
Werder Bremen,24,24.2,,34,49,37,5,6,63,6.0,528.0,,,,,,,,,2012-2013,Bundesliga,,,,,,,,
Wolfsburg,29,27.1,,34,46,36,3,3,61,4.0,584.0,,,,,,,,,2012-2013,Bundesliga,,,,,,,,
Atalanta,29,26.7,,38,45,24,1,1,89,8.0,662.0,,,,,,,,,2008-2009,Serie-A,,,,,,,,
Bologna,29,30.2,,38,42,22,7,7,89,4.0,686.0,,,,,,,,,2008-2009,Serie-A,,,,,,,,
Cagliari,25,27.3,,38,49,33,4,4,102,7.0,629.0,,,,,,,,,2008-2009,Serie-A,,,,,,,,
Catania,30,27.2,,38,41,21,5,6,88,4.0,823.0,,,,,,,,,2008-2009,Serie-A,,,,,,,,
Chievo,33,28.8,,38,34,21,4,4,109,9.0,772.0,,,,,,,,,2008-2009,Serie-A,,,,,,,,
Fiorentina,25,26.4,,38,53,27,4,4,87,4.0,758.0,,,,,,,,,2008-2009,Serie-A,,,,,,,,
Genoa,26,26.8,,38,56,33,7,8,104,9.0,775.0,,,,,,,,,2008-2009,Serie-A,,,,,,,,
Inter,29,28.4,,38,65,45,4,6,86,4.0,663.0,,,,,,,,,2008-2009,Serie-A,,,,,,,,
Juventus,28,28.5,,38,67,41,5,6,73,4.0,720.0,,,,,,,,,2008-2009,Serie-A,,,,,,,,
Lazio,29,26.3,,38,45,25,2,5,91,6.0,633.0,,,,,,,,,2008-2009,Serie-A,,,,,,,,
Lecce,28,27.8,,38,36,21,3,3,107,7.0,785.0,,,,,,,,,2008-2009,Serie-A,,,,,,,,
Milan,30,30.4,,38,70,43,10,12,91,4.0,635.0,,,,,,,,,2008-2009,Serie-A,,,,,,,,
Napoli,27,26.0,,38,42,27,2,3,93,7.0,729.0,,,,,,,,,2008-2009,Serie-A,,,,,,,,
Palermo,29,26.4,,38,56,35,4,4,88,8.0,711.0,,,,,,,,,2008-2009,Serie-A,,,,,,,,
Reggina,32,26.4,,38,29,16,7,8,97,6.0,701.0,,,,,,,,,2008-2009,Serie-A,,,,,,,,
Roma,29,27.9,,38,64,34,6,7,95,12.0,602.0,,,,,,,,,2008-2009,Serie-A,,,,,,,,
Sampdoria,29,27.2,,38,48,29,5,6,102,4.0,728.0,,,,,,,,,2008-2009,Serie-A,,,,,,,,
Siena,28,26.4,,38,33,18,2,4,67,2.0,657.0,,,,,,,,,2008-2009,Serie-A,,,,,,,,
Torino,29,27.6,,38,36,16,7,7,102,8.0,834.0,,,,,,,,,2008-2009,Serie-A,,,,,,,,
Udinese,26,24.3,,38,61,34,10,12,77,3.0,672.0,,,,,,,,,2008-2009,Serie-A,,,,,,,,
Amiens,30,27.5,43.3,38,36,24,3,4,74,5.0,504.0,459.0,69.0,590.0,523.0,445.0,4.0,4.0,0.0,2017-2018,Ligue-1,32.8,29.8,21.3,547.0,1178.0,2214.0,637.0,725.0
Angers,27,27.1,45.1,38,41,30,4,4,70,3.0,492.0,436.0,59.0,653.0,410.0,427.0,3.0,7.0,4.0,2017-2018,Ligue-1,47.6,44.5,35.3,699.0,1430.0,2051.0,592.0,654.0
Bordeaux,31,25.1,50.6,38,52,36,4,6,74,2.0,532.0,470.0,76.0,736.0,464.0,459.0,5.0,8.0,1.0,2017-2018,Ligue-1,51.0,46.1,35.9,875.0,1501.0,2227.0,578.0,631.0
Caen,26,27.3,45.5,38,25,19,5,8,68,4.0,523.0,433.0,76.0,971.0,476.0,478.0,5.0,5.0,4.0,2017-2018,Ligue-1,42.8,36.6,29.6,598.0,1548.0,2371.0,814.0,770.0
Dijon,26,26.6,48.4,38,52,36,5,5,70,5.0,492.0,471.0,73.0,567.0,544.0,462.0,5.0,14.0,3.0,2017-2018,Ligue-1,41.6,37.8,29.2,659.0,1320.0,2120.0,603.0,665.0
Guingamp,23,27.2,49.7,38,46,27,6,7,67,2.0,498.0,517.0,100.0,727.0,475.0,437.0,5.0,7.0,1.0,2017-2018,Ligue-1,45.5,40.1,30.0,763.0,1519.0,2026.0,610.0,635.0
Lille,25,22.6,53.8,38,41,31,2,2,61,6.0,482.0,430.0,87.0,614.0,492.0,453.0,2.0,7.0,3.0,2017-2018,Ligue-1,36.4,34.8,29.7,831.0,1581.0,2251.0,485.0,460.0
Lyon,26,24.4,55.6,38,85,62,6,7,72,2.0,475.0,530.0,80.0,572.0,450.0,411.0,6.0,8.0,3.0,2017-2018,Ligue-1,63.4,58.3,43.9,949.0,1670.0,2142.0,573.0,458.0
Marseille,26,27.2,57.8,38,79,54,5,8,81,2.0,508.0,481.0,78.0,864.0,448.0,505.0,7.0,6.0,2.0,2017-2018,Ligue-1,78.1,71.7,55.9,947.0,1586.0,2246.0,607.0,571.0
Metz,36,27.4,45.5,38,33,27,3,4,80,7.0,532.0,435.0,56.0,701.0,511.0,458.0,2.0,5.0,2.0,2017-2018,Ligue-1,40.3,37.2,30.0,589.0,1518.0,2204.0,615.0,725.0
Monaco,32,25.8,50.9,38,83,56,7,8,71,4.0,508.0,517.0,73.0,764.0,497.0,433.0,8.0,5.0,1.0,2017-2018,Ligue-1,62.3,56.1,43.1,735.0,1742.0,2069.0,612.0,609.0
Montpellier,23,26.4,47.0,38,36,28,0,2,72,1.0,447.0,528.0,83.0,849.0,499.0,450.0,2.0,6.0,0.0,2017-2018,Ligue-1,42.6,41.0,31.0,749.0,1572.0,2220.0,633.0,554.0
Nantes,30,25.6,43.7,38,36,24,4,5,68,6.0,490.0,409.0,85.0,789.0,426.0,510.0,4.0,4.0,1.0,2017-2018,Ligue-1,41.8,37.9,29.4,559.0,1405.0,2243.0,667.0,692.0
Nice,31,25.0,58.1,38,52,35,8,10,82,4.0,445.0,533.0,63.0,572.0,437.0,398.0,9.0,5.0,3.0,2017-2018,Ligue-1,49.2,41.7,31.9,841.0,1637.0,1939.0,388.0,381.0
Paris S-G,28,26.1,66.3,38,100,75,7,9,69,6.0,425.0,493.0,93.0,682.0,329.0,435.0,7.0,5.0,1.0,2017-2018,Ligue-1,86.1,79.3,65.1,1044.0,2068.0,2023.0,353.0,265.0
Rennes,28,24.2,49.9,38,48,32,6,8,67,5.0,479.0,525.0,89.0,766.0,415.0,409.0,7.0,8.0,2.0,2017-2018,Ligue-1,49.8,43.6,33.0,619.0,1505.0,2194.0,674.0,642.0
Saint-Étienne,30,26.6,51.3,38,45,31,7,11,72,8.0,510.0,492.0,90.0,657.0,401.0,447.0,10.0,7.0,1.0,2017-2018,Ligue-1,51.0,42.8,35.4,732.0,1552.0,2035.0,627.0,597.0
Strasbourg,25,27.2,49.1,38,43,26,7,7,72,4.0,523.0,437.0,76.0,776.0,515.0,490.0,7.0,7.0,0.0,2017-2018,Ligue-1,45.5,40.0,29.8,658.0,1289.0,2087.0,700.0,664.0
Toulouse,25,23.9,45.7,38,35,24,8,11,93,3.0,590.0,495.0,75.0,822.0,479.0,465.0,9.0,6.0,2.0,2017-2018,Ligue-1,45.5,37.0,29.1,667.0,1473.0,2074.0,748.0,672.0
Troyes,25,26.7,42.6,38,30,21,2,3,78,7.0,495.0,388.0,63.0,689.0,437.0,410.0,3.0,5.0,1.0,2017-2018,Ligue-1,38.0,35.7,26.5,564.0,1333.0,2018.0,641.0,787.0
Arsenal,28,26.7,58.1,38,69,52,4,5,74,2.0,412.0,455.0,89.0,605.0,412.0,366.0,4.0,7.0,1.0,2018-2019,Premier-League,60.1,56.0,46.7,868.0,1874.0,2000.0,555.0,637.0
Bournemouth,28,26.6,46.9,38,55,43,7,9,60,1.0,340.0,441.0,57.0,613.0,371.0,299.0,8.0,5.0,3.0,2018-2019,Premier-League,53.3,46.2,38.8,738.0,1435.0,1910.0,701.0,736.0
Brighton,21,27.4,42.4,38,35,24,5,6,62,4.0,463.0,301.0,90.0,636.0,463.0,391.0,5.0,10.0,0.0,2018-2019,Premier-League,35.3,30.7,24.5,475.0,1150.0,1979.0,824.0,780.0
Burnley,23,28.0,41.2,38,43,32,2,2,75,1.0,360.0,356.0,106.0,692.0,367.0,311.0,1.0,3.0,4.0,2018-2019,Premier-League,44.4,42.8,31.2,421.0,1032.0,1955.0,1016.0,1025.0
Cardiff City,25,27.7,35.4,38,33,20,3,4,66,1.0,374.0,390.0,77.0,562.0,529.0,375.0,2.0,7.0,0.0,2018-2019,Premier-League,42.4,39.2,27.6,434.0,918.0,1975.0,966.0,966.0
Chelsea,24,27.3,62.9,38,61,52,5,5,49,0.0,339.0,424.0,83.0,692.0,353.0,365.0,5.0,2.0,0.0,2018-2019,Premier-League,58.6,54.6,44.9,1058.0,2155.0,2171.0,523.0,504.0
Crystal Palace,26,27.4,45.2,38,48,33,10,11,59,2.0,386.0,391.0,78.0,577.0,445.0,446.0,10.0,5.0,1.0,2018-2019,Premier-League,47.6,39.2,29.5,771.0,1458.0,1996.0,680.0,706.0
Everton,23,25.7,51.5,38,53,34,2,5,57,4.0,432.0,418.0,69.0,814.0,453.0,441.0,4.0,5.0,2.0,2018-2019,Premier-League,49.7,45.7,33.7,697.0,1581.0,2157.0,872.0,877.0
Fulham,28,26.0,48.8,38,33,24,2,3,72,2.0,423.0,342.0,90.0,611.0,434.0,362.0,2.0,7.0,2.0,2018-2019,Premier-League,41.3,39.0,30.0,628.0,1487.0,2072.0,742.0,718.0
Huddersfield,31,26.2,47.2,38,21,13,1,1,57,4.0,420.0,370.0,63.0,768.0,531.0,425.0,1.0,9.0,1.0,2018-2019,Premier-League,28.8,28.0,19.9,601.0,1248.0,2063.0,844.0,807.0
Leicester City,25,25.9,50.9,38,48,34,5,7,63,5.0,351.0,378.0,72.0,779.0,438.0,393.0,6.0,5.0,0.0,2018-2019,Premier-League,52.4,47.3,37.6,752.0,1537.0,2087.0,811.0,679.0
Liverpool,23,26.1,61.8,38,86,55,7,7,41,2.0,315.0,347.0,77.0,721.0,314.0,377.0,7.0,1.0,0.0,2018-2019,Premier-League,73.7,68.4,49.8,857.0,2008.0,2111.0,593.0,587.0
Manchester City,21,26.7,67.9,38,91,71,3,4,44,1.0,328.0,301.0,98.0,783.0,362.0,327.0,4.0,4.0,0.0,2018-2019,Premier-League,84.3,81.3,65.5,1325.0,2429.0,2000.0,540.0,522.0
Manchester Utd,28,26.3,54.7,38,65,40,9,12,77,4.0,433.0,397.0,90.0,638.0,355.0,347.0,11.0,6.0,3.0,2018-2019,Premier-League,61.4,52.0,39.6,801.0,1668.0,1969.0,687.0,550.0
Newcastle Utd,24,26.9,40.4,38,41,33,1,3,57,2.0,423.0,332.0,59.0,711.0,506.0,433.0,2.0,6.0,1.0,2018-2019,Premier-League,39.1,36.7,27.4,467.0,985.0,2034.0,785.0,914.0
Southampton,30,25.4,43.4,38,44,27,4,5,75,3.0,420.0,341.0,61.0,666.0,549.0,428.0,4.0,3.0,3.0,2018-2019,Premier-League,46.9,43.4,29.3,603.0,1333.0,2053.0,767.0,873.0
Tottenham,28,26.8,59.0,38,66,47,4,4,58,3.0,376.0,364.0,74.0,643.0,325.0,373.0,3.0,5.0,3.0,2018-2019,Premier-League,54.9,51.8,39.1,840.0,1744.0,2107.0,599.0,611.0
Watford,25,28.5,46.7,38,51,39,1,1,80,4.0,433.0,382.0,89.0,570.0,428.0,391.0,1.0,5.0,3.0,2018-2019,Premier-League,48.2,47.5,34.8,588.0,1294.0,2021.0,753.0,797.0
West Ham,26,27.6,48.6,38,51,33,5,5,59,1.0,331.0,388.0,71.0,631.0,457.0,393.0,5.0,5.0,1.0,2018-2019,Premier-League,47.6,43.8,34.1,731.0,1478.0,2104.0,636.0,620.0
Wolves,21,26.1,46.8,38,46,35,4,4,73,1.0,409.0,325.0,73.0,622.0,501.0,408.0,4.0,4.0,4.0,2018-2019,Premier-League,52.1,49.0,39.4,743.0,1350.0,2239.0,803.0,788.0
Arsenal,25,27.0,58.3,38,62,53,1,2,45,0.0,348.0,,,,,,,,,2015-2016,Premier-League,,,,,,,,
Aston Villa,29,26.6,46.4,38,24,19,2,2,77,0.0,429.0,,,,,,,,,2015-2016,Premier-League,,,,,,,,
Bournemouth,28,27.7,51.2,38,43,28,3,4,53,0.0,361.0,,,,,,,,,2015-2016,Premier-League,,,,,,,,
Chelsea,28,26.8,56.2,38,55,40,4,5,62,0.0,401.0,,,,,,,,,2015-2016,Premier-League,,,,,,,,
Crystal Palace,30,27.7,45.8,38,38,21,4,5,62,0.0,465.0,,,,,,,,,2015-2016,Premier-League,,,,,,,,
Everton,31,26.5,51.9,38,56,44,4,5,50,0.0,306.0,,,,,,,,,2015-2016,Premier-League,,,,,,,,
Leicester City,23,27.7,42.6,38,68,43,10,13,54,0.0,406.0,,,,,,,,,2015-2016,Premier-League,,,,,,,,
Liverpool,34,25.2,57.2,38,62,50,2,2,67,0.0,410.0,,,,,,,,,2015-2016,Premier-League,,,,,,,,
Manchester City,25,28.3,56.9,38,71,53,5,8,63,0.0,409.0,,,,,,,,,2015-2016,Premier-League,,,,,,,,
Manchester Utd,33,25.6,58.5,38,46,31,3,3,67,0.0,473.0,,,,,,,,,2015-2016,Premier-League,,,,,,,,
Newcastle Utd,31,25.4,46.6,38,43,34,3,3,61,0.0,419.0,,,,,,,,,2015-2016,Premier-League,,,,,,,,
Norwich City,28,27.7,46.0,38,38,27,1,1,64,0.0,431.0,,,,,,,,,2015-2016,Premier-League,,,,,,,,
Southampton,26,26.4,49.2,38,58,45,3,4,63,0.0,417.0,,,,,,,,,2015-2016,Premier-League,,,,,,,,
Stoke City,27,27.4,49.7,38,40,29,5,5,53,0.0,420.0,,,,,,,,,2015-2016,Premier-League,,,,,,,,
Sunderland,31,27.3,41.0,38,44,30,3,3,68,0.0,484.0,,,,,,,,,2015-2016,Premier-League,,,,,,,,
Swansea City,27,27.6,52.5,38,41,25,5,5,60,0.0,392.0,,,,,,,,,2015-2016,Premier-League,,,,,,,,
Tottenham,24,24.5,57.4,38,68,50,5,5,72,0.0,451.0,,,,,,,,,2015-2016,Premier-League,,,,,,,,
Watford,25,28.2,45.1,38,38,18,6,7,77,0.0,455.0,,,,,,,,,2015-2016,Premier-League,,,,,,,,
West Brom,28,29.1,39.8,38,32,25,1,5,65,0.0,400.0,,,,,,,,,2015-2016,Premier-League,,,,,,,,
West Ham,28,26.6,48.4,38,64,38,4,4,57,0.0,381.0,,,,,,,,,2015-2016,Premier-League,,,,,,,,
Augsburg,27,27.4,46.9,34,40,20,7,7,82,0.0,533.0,,,,,,,,,2015-2016,Bundesliga,,,,,,,,
Bayern Munich,25,26.8,70.1,34,79,54,8,9,50,0.0,393.0,,,,,,,,,2015-2016,Bundesliga,,,,,,,,
Darmstadt 98,23,27.5,33.2,34,38,30,2,4,88,0.0,552.0,,,,,,,,,2015-2016,Bundesliga,,,,,,,,
Dortmund,26,25.6,63.9,34,80,64,4,6,39,,386.0,,,,,,,,,2015-2016,Bundesliga,,,,,,,,
Eint Frankfurt,30,26.7,48.0,34,32,25,2,2,99,0.0,519.0,,,,,,,,,2015-2016,Bundesliga,,,,,,,,
Gladbach,26,24.9,56.0,34,64,47,4,5,49,0.0,454.0,,,,,,,,,2015-2016,Bundesliga,,,,,,,,
Hamburger SV,28,27.1,48.7,34,37,26,3,3,75,0.0,583.0,,,,,,,,,2015-2016,Bundesliga,,,,,,,,
Hannover 96,33,25.6,45.9,34,30,21,2,3,66,0.0,513.0,,,,,,,,,2015-2016,Bundesliga,,,,,,,,
Hertha BSC,26,26.1,49.7,34,41,31,3,3,71,0.0,479.0,,,,,,,,,2015-2016,Bundesliga,,,,,,,,
Hoffenheim,26,24.1,46.1,34,39,26,3,6,63,0.0,473.0,,,,,,,,,2015-2016,Bundesliga,,,,,,,,
Ingolstadt 04,25,26.3,45.2,34,33,20,9,10,83,0.0,513.0,,,,,,,,,2015-2016,Bundesliga,,,,,,,,
Köln,23,25.1,45.2,34,38,30,3,4,56,0.0,437.0,,,,,,,,,2015-2016,Bundesliga,,,,,,,,
Leverkusen,27,24.1,53.1,34,51,36,2,3,70,0.0,526.0,,,,,,,,,2015-2016,Bundesliga,,,,,,,,
Mainz 05,29,25.0,46.1,34,46,31,1,1,54,0.0,523.0,,,,,,,,,2015-2016,Bundesliga,,,,,,,,
Schalke 04,28,24.9,52.2,34,47,37,3,5,64,0.0,504.0,,,,,,,,,2015-2016,Bundesliga,,,,,,,,
Stuttgart,31,26.0,47.9,34,48,34,4,4,72,0.0,499.0,,,,,,,,,2015-2016,Bundesliga,,,,,,,,
Werder Bremen,30,26.6,44.9,34,49,32,6,9,80,0.0,512.0,,,,,,,,,2015-2016,Bundesliga,,,,,,,,
Wolfsburg,29,27.0,57.6,34,46,39,3,3,59,0.0,459.0,,,,,,,,,2015-2016,Bundesliga,,,,,,,,
Augsburg,25,27.6,52.3,34,43,29,7,9,63,0.0,533.0,,,,,,,,,2014-2015,Bundesliga,,,,,,,,
Bayern Munich,28,26.6,70.4,34,78,49,6,6,37,0.0,393.0,,,,,,,,,2014-2015,Bundesliga,,,,,,,,
Dortmund,28,26.5,55.3,34,46,39,2,3,54,,436.0,,,,,,,,,2014-2015,Bundesliga,,,,,,,,
Eint Frankfurt,26,25.9,49.5,34,54,33,3,4,89,0.0,544.0,,,,,,,,,2014-2015,Bundesliga,,,,,,,,
Freiburg,27,25.1,48.4,34,36,26,6,9,66,0.0,481.0,,,,,,,,,2014-2015,Bundesliga,,,,,,,,
Gladbach,19,25.7,53.5,34,53,39,3,3,56,0.0,400.0,,,,,,,,,2014-2015,Bundesliga,,,,,,,,
Hamburger SV,31,27.3,46.8,34,22,15,3,3,89,0.0,590.0,,,,,,,,,2014-2015,Bundesliga,,,,,,,,
Hannover 96,25,26.0,51.3,34,38,26,2,3,83,0.0,545.0,,,,,,,,,2014-2015,Bundesliga,,,,,,,,
Hertha BSC,26,26.2,40.5,34,35,18,4,4,78,0.0,575.0,,,,,,,,,2014-2015,Bundesliga,,,,,,,,
Hoffenheim,23,24.8,49.0,34,48,33,4,5,68,0.0,577.0,,,,,,,,,2014-2015,Bundesliga,,,,,,,,
Köln,23,25.1,42.8,34,33,20,4,4,48,0.0,392.0,,,,,,,,,2014-2015,Bundesliga,,,,,,,,
Leverkusen,22,24.9,51.7,34,62,36,0,1,80,0.0,577.0,,,,,,,,,2014-2015,Bundesliga,,,,,,,,
Mainz 05,29,25.3,48.9,34,44,26,5,5,52,0.0,472.0,,,,,,,,,2014-2015,Bundesliga,,,,,,,,
Paderborn 07,24,26.8,43.2,34,30,21,1,1,53,0.0,465.0,,,,,,,,,2014-2015,Bundesliga,,,,,,,,
Schalke 04,29,25.2,51.1,34,40,29,2,3,68,0.0,503.0,,,,,,,,,2014-2015,Bundesliga,,,,,,,,
Stuttgart,24,24.9,47.5,34,41,29,1,1,64,0.0,492.0,,,,,,,,,2014-2015,Bundesliga,,,,,,,,
Werder Bremen,31,25.7,43.4,34,49,36,4,5,70,0.0,556.0,,,,,,,,,2014-2015,Bundesliga,,,,,,,,
Wolfsburg,22,26.1,54.9,34,71,50,3,4,45,0.0,430.0,,,,,,,,,2014-2015,Bundesliga,,,,,,,,
Arsenal,25,25.1,,38,60,48,10,11,60,3.0,367.0,,,,,,,,,2006-2007,Premier-League,,,,,,,,
Aston Villa,30,25.5,,38,45,31,6,8,48,1.0,541.0,,,,,,,,,2006-2007,Premier-League,,,,,,,,
Blackburn,29,28.2,,38,49,33,5,7,84,8.0,497.0,,,,,,,,,2006-2007,Premier-League,,,,,,,,
Bolton,23,28.2,,38,45,35,6,7,85,4.0,528.0,,,,,,,,,2006-2007,Premier-League,,,,,,,,
Charlton Ath,29,27.0,,38,32,22,4,4,60,4.0,443.0,,,,,,,,,2006-2007,Premier-League,,,,,,,,
Chelsea,26,26.7,,38,58,49,3,4,66,4.0,437.0,,,,,,,,,2006-2007,Premier-League,,,,,,,,
Everton,26,27.0,,38,50,35,8,8,69,2.0,523.0,,,,,,,,,2006-2007,Premier-League,,,,,,,,
Fulham,25,28.2,,38,36,27,3,3,60,3.0,459.0,,,,,,,,,2006-2007,Premier-League,,,,,,,,
Liverpool,29,26.1,,38,56,44,6,7,43,0.0,446.0,,,,,,,,,2006-2007,Premier-League,,,,,,,,
Manchester City,29,26.1,,38,28,21,2,4,62,4.0,493.0,,,,,,,,,2006-2007,Premier-League,,,,,,,,
Manchester Utd,25,27.3,,38,80,60,5,6,58,1.0,426.0,,,,,,,,,2006-2007,Premier-League,,,,,,,,
Middlesbrough,27,25.4,,38,43,33,4,5,66,2.0,489.0,,,,,,,,,2006-2007,Premier-League,,,,,,,,
Newcastle Utd,29,26.1,,38,38,26,5,5,67,1.0,461.0,,,,,,,,,2006-2007,Premier-League,,,,,,,,
Portsmouth,25,28.3,,38,40,31,2,3,51,1.0,505.0,,,,,,,,,2006-2007,Premier-League,,,,,,,,
Reading,23,26.9,,38,48,38,3,3,41,3.0,400.0,,,,,,,,,2006-2007,Premier-League,,,,,,,,
Sheffield Utd,32,26.0,,38,31,21,2,4,68,2.0,438.0,,,,,,,,,2006-2007,Premier-League,,,,,,,,
Tottenham,26,25.1,,38,56,37,5,5,47,4.0,410.0,,,,,,,,,2006-2007,Premier-League,,,,,,,,
Watford,33,25.2,,38,24,18,3,3,49,2.0,517.0,,,,,,,,,2006-2007,Premier-League,,,,,,,,
West Ham,30,25.4,,38,35,26,1,3,86,2.0,557.0,,,,,,,,,2006-2007,Premier-League,,,,,,,,
Wigan Athletic,30,27.7,,38,37,24,3,6,77,3.0,510.0,,,,,,,,,2006-2007,Premier-League,,,,,,,,
Augsburg,27,26.6,45.7,34,41,30,4,4,68,,490.0,411.0,70.0,757.0,400.0,543.0,4.0,3.0,0.0,2017-2018,Bundesliga,44.7,41.6,32.3,524.0,1117.0,1616.0,700.0,774.0
Bayern Munich,28,27.4,66.1,34,90,72,6,8,42,,366.0,413.0,67.0,893.0,355.0,467.0,7.0,4.0,3.0,2017-2018,Bundesliga,75.8,69.8,58.8,755.0,2333.0,1687.0,518.0,448.0
Dortmund,30,25.9,59.1,34,62,44,3,6,41,,403.0,422.0,83.0,585.0,336.0,510.0,4.0,3.0,0.0,2017-2018,Bundesliga,66.0,61.4,48.9,733.0,1712.0,1472.0,580.0,516.0
Eint Frankfurt,28,26.4,47.9,34,44,34,2,2,72,,526.0,453.0,85.0,586.0,409.0,483.0,2.0,3.0,2.0,2017-2018,Bundesliga,42.2,40.9,30.7,492.0,1292.0,1576.0,676.0,708.0
Freiburg,29,24.8,44.8,34,32,21,6,10,56,,446.0,429.0,40.0,471.0,392.0,465.0,8.0,5.0,4.0,2017-2018,Bundesliga,39.6,31.7,25.0,399.0,1061.0,1292.0,707.0,771.0
Gladbach,27,25.7,52.0,34,46,26,6,7,47,,398.0,411.0,73.0,490.0,384.0,488.0,5.0,4.0,1.0,2017-2018,Bundesliga,51.1,45.8,35.0,578.0,1385.0,1428.0,516.0,504.0
Hamburger SV,29,25.0,49.0,34,28,18,3,5,63,,499.0,467.0,61.0,668.0,367.0,543.0,3.0,4.0,1.0,2017-2018,Bundesliga,37.7,33.8,24.1,568.0,1283.0,1631.0,678.0,778.0
Hannover 96,26,26.4,46.9,34,44,26,4,5,63,,487.0,503.0,53.0,579.0,382.0,490.0,5.0,4.0,0.0,2017-2018,Bundesliga,44.6,40.6,30.7,472.0,1237.0,1502.0,787.0,681.0
Hertha BSC,25,26.4,46.1,34,43,32,4,5,49,,494.0,465.0,47.0,528.0,386.0,488.0,5.0,7.0,1.0,2017-2018,Bundesliga,39.2,35.3,27.8,426.0,1219.0,1321.0,665.0,667.0
Hoffenheim,26,25.0,51.2,34,64,47,4,5,71,,506.0,438.0,78.0,592.0,345.0,516.0,5.0,4.0,2.0,2017-2018,Bundesliga,50.5,46.6,36.6,644.0,1351.0,1513.0,441.0,479.0
Köln,31,25.3,47.4,34,33,24,3,3,70,,479.0,478.0,81.0,663.0,389.0,502.0,2.0,9.0,0.0,2017-2018,Bundesliga,43.2,41.0,29.8,507.0,1331.0,1593.0,643.0,649.0
Leverkusen,24,24.0,54.6,34,58,46,3,5,57,,451.0,485.0,58.0,658.0,390.0,482.0,4.0,6.0,0.0,2017-2018,Bundesliga,57.5,53.6,42.4,696.0,1661.0,1717.0,552.0,618.0
Mainz 05,27,25.3,44.4,34,38,27,4,4,63,,531.0,435.0,67.0,546.0,402.0,522.0,3.0,7.0,1.0,2017-2018,Bundesliga,35.4,32.3,25.5,484.0,1116.0,1512.0,683.0,657.0
RB Leipzig,23,23.4,55.0,34,57,43,4,5,48,,452.0,485.0,87.0,521.0,397.0,509.0,4.0,5.0,0.0,2017-2018,Bundesliga,51.9,48.0,39.6,778.0,1591.0,1700.0,638.0,544.0
Schalke 04,24,26.1,46.6,34,50,33,10,10,66,,549.0,504.0,81.0,583.0,498.0,534.0,9.0,6.0,1.0,2017-2018,Bundesliga,46.7,38.9,31.4,776.0,1248.0,1871.0,558.0,510.0
Stuttgart,26,25.6,46.6,34,35,22,1,3,59,,462.0,429.0,72.0,610.0,414.0,496.0,2.0,6.0,0.0,2017-2018,Bundesliga,40.3,38.0,26.3,474.0,1026.0,1477.0,627.0,694.0
Werder Bremen,25,26.3,47.4,34,34,27,0,0,55,,522.0,443.0,69.0,655.0,421.0,435.0,0.0,4.0,2.0,2017-2018,Bundesliga,38.9,38.9,31.6,572.0,1473.0,1368.0,636.0,617.0
Wolfsburg,29,25.1,49.3,34,36,26,1,6,65,,444.0,499.0,57.0,556.0,403.0,430.0,6.0,9.0,2.0,2017-2018,Bundesliga,34.2,29.7,21.5,502.0,1304.0,1300.0,601.0,591.0
Almería,24,25.8,,38,45,20,5,5,100,11.0,674.0,,,,,,,,,2008-2009,La-Liga,,,,,,,,
Athletic Club,30,25.4,,38,46,21,7,9,120,13.0,705.0,,,,,,,,,2008-2009,La-Liga,,,,,,,,
Atlético Madrid,22,27.4,,38,78,39,6,7,117,6.0,642.0,,,,,,,,,2008-2009,La-Liga,,,,,,,,
Barcelona,29,26.3,,38,102,66,5,7,77,6.0,492.0,,,,,,,,,2008-2009,La-Liga,,,,,,,,
Betis,29,27.3,,38,51,26,3,4,107,8.0,641.0,,,,,,,,,2008-2009,La-Liga,,,,,,,,
Espanyol,26,26.1,,38,46,21,6,8,119,6.0,668.0,,,,,,,,,2008-2009,La-Liga,,,,,,,,
Getafe,25,26.6,,38,49,22,6,11,126,7.0,585.0,,,,,,,,,2008-2009,La-Liga,,,,,,,,
La Coruña,25,26.7,,38,47,24,7,8,89,4.0,523.0,,,,,,,,,2008-2009,La-Liga,,,,,,,,
Málaga,25,27.0,,38,53,26,9,10,104,7.0,627.0,,,,,,,,,2008-2009,La-Liga,,,,,,,,
Mallorca,22,27.4,,38,52,30,1,3,122,7.0,684.0,,,,,,,,,2008-2009,La-Liga,,,,,,,,
Numancia,26,28.5,,38,38,12,6,9,112,8.0,663.0,,,,,,,,,2008-2009,La-Liga,,,,,,,,
Osasuna,28,26.5,,38,40,26,2,4,114,11.0,637.0,,,,,,,,,2008-2009,La-Liga,,,,,,,,
Racing Sant,30,26.3,,38,47,27,4,6,137,9.0,747.0,,,,,,,,,2008-2009,La-Liga,,,,,,,,
Real Madrid,30,25.9,,38,82,39,3,4,118,9.0,645.0,,,,,,,,,2008-2009,La-Liga,,,,,,,,
Recreativo,27,26.1,,38,34,19,4,4,102,6.0,663.0,,,,,,,,,2008-2009,La-Liga,,,,,,,,
Sevilla,29,27.1,,38,53,29,2,3,103,8.0,624.0,,,,,,,,,2008-2009,La-Liga,,,,,,,,
Sporting Gijón,26,27.0,,38,46,23,6,7,122,5.0,721.0,,,,,,,,,2008-2009,La-Liga,,,,,,,,
Valencia,26,26.4,,38,68,31,9,10,120,6.0,678.0,,,,,,,,,2008-2009,La-Liga,,,,,,,,
Valladolid,25,28.1,,38,44,21,3,3,90,10.0,583.0,,,,,,,,,2008-2009,La-Liga,,,,,,,,
Villarreal,26,27.7,,38,61,36,3,5,103,4.0,606.0,,,,,,,,,2008-2009,La-Liga,,,,,,,,
Augsburg,29,26.8,44.3,34,35,26,1,2,78,5.0,351.0,373.0,59.0,578.0,341.0,300.0,2.0,5.0,2.0,2024-2025,Bundesliga,34.7,33.1,25.1,450.0,1162.0,1441.0,529.0,491.0
Bayern Munich,29,27.7,67.9,34,96,66,9,10,48,1.0,295.0,341.0,56.0,612.0,232.0,300.0,6.0,2.0,0.0,2024-2025,Bundesliga,81.7,74.0,59.7,831.0,2138.0,1665.0,418.0,344.0
Bochum,27,28.0,45.5,34,32,23,1,3,71,2.0,465.0,293.0,63.0,679.0,294.0,360.0,3.0,6.0,0.0,2024-2025,Bundesliga,41.8,39.3,30.0,378.0,1090.0,1447.0,744.0,665.0
Dortmund,28,26.6,58.9,34,69,56,5,6,71,6.0,330.0,343.0,43.0,698.0,249.0,319.0,5.0,4.0,1.0,2024-2025,Bundesliga,61.2,56.5,47.4,701.0,1563.0,1480.0,474.0,418.0
Eint Frankfurt,26,24.9,49.7,34,68,47,3,5,55,1.0,341.0,304.0,57.0,539.0,287.0,341.0,2.0,3.0,2.0,2024-2025,Bundesliga,65.1,61.4,45.2,585.0,1347.0,1486.0,467.0,437.0
Freiburg,26,27.1,48.7,34,46,35,0,4,54,2.0,316.0,325.0,61.0,589.0,276.0,317.0,3.0,4.0,1.0,2024-2025,Bundesliga,44.3,41.1,30.5,442.0,1129.0,1368.0,596.0,608.0
Gladbach,26,26.5,49.6,34,53,39,4,5,53,3.0,339.0,326.0,65.0,617.0,317.0,284.0,5.0,8.0,2.0,2024-2025,Bundesliga,50.6,46.6,37.7,530.0,1112.0,1308.0,530.0,473.0
Heidenheim,27,26.8,43.5,34,37,26,5,5,66,1.0,385.0,390.0,50.0,581.0,312.0,356.0,3.0,6.0,0.0,2024-2025,Bundesliga,40.3,36.3,28.6,516.0,974.0,1420.0,553.0,646.0
Hoffenheim,35,26.4,48.7,34,46,30,3,3,66,2.0,391.0,366.0,70.0,732.0,291.0,336.0,2.0,6.0,3.0,2024-2025,Bundesliga,42.6,40.3,32.7,481.0,1218.0,1466.0,577.0,588.0
Holstein Kiel,27,25.6,43.6,34,49,29,4,5,77,4.0,407.0,350.0,44.0,482.0,294.0,328.0,4.0,7.0,3.0,2024-2025,Bundesliga,39.8,35.9,26.7,359.0,875.0,1267.0,546.0,607.0
Leverkusen,23,27.0,59.2,34,70,53,3,6,62,1.0,325.0,352.0,64.0,735.0,234.0,259.0,5.0,4.0,4.0,2024-2025,Bundesliga,56.9,52.0,41.9,696.0,1692.0,1463.0,463.0,419.0
Mainz 05,25,27.4,50.4,34,53,37,4,4,71,5.0,408.0,329.0,78.0,658.0,352.0,325.0,3.0,5.0,0.0,2024-2025,Bundesliga,50.1,47.0,37.5,466.0,1286.0,1545.0,618.0,697.0
RB Leipzig,29,25.3,52.2,34,51,36,3,4,68,5.0,376.0,333.0,83.0,563.0,268.0,333.0,4.0,3.0,0.0,2024-2025,Bundesliga,46.6,43.4,35.6,516.0,1353.0,1533.0,480.0,439.0
St. Pauli,28,26.9,44.2,34,26,22,1,2,53,4.0,353.0,352.0,66.0,600.0,257.0,315.0,2.0,5.0,1.0,2024-2025,Bundesliga,35.3,33.7,26.3,418.0,1073.0,1350.0,533.0,656.0
Stuttgart,29,24.9,57.2,34,61,45,2,6,72,5.0,358.0,411.0,62.0,637.0,298.0,282.0,4.0,3.0,1.0,2024-2025,Bundesliga,62.3,57.7,45.3,545.0,1493.0,1378.0,468.0,448.0
Union Berlin,28,27.2,40.0,34,36,25,3,3,72,1.0,419.0,313.0,67.0,608.0,312.0,318.0,3.0,6.0,1.0,2024-2025,Bundesliga,37.0,34.7,23.5,390.0,1049.0,1368.0,656.0,676.0
Werder Bremen,23,27.5,50.0,34,53,38,3,5,75,4.0,335.0,402.0,72.0,667.0,315.0,321.0,4.0,3.0,3.0,2024-2025,Bundesliga,49.1,45.7,37.4,495.0,1351.0,1453.0,473.0,470.0
Wolfsburg,27,25.2,46.1,34,53,38,4,5,75,3.0,350.0,366.0,49.0,574.0,312.0,301.0,4.0,3.0,1.0,2024-2025,Bundesliga,47.5,43.4,33.0,489.0,1205.0,1344.0,519.0,562.0
Arsenal,27,24.8,,38,70,51,4,7,70,6.0,442.0,,,,,,,,,2010-2011,Premier-League,,,,,,,,
Aston Villa,32,27.5,,38,45,32,4,6,71,2.0,448.0,,,,,,,,,2010-2011,Premier-League,,,,,,,,
Birmingham City,26,28.0,,38,37,23,2,2,59,3.0,420.0,,,,,,,,,2010-2011,Premier-League,,,,,,,,
Blackburn,29,27.8,,38,43,28,1,2,66,5.0,465.0,,,,,,,,,2010-2011,Premier-League,,,,,,,,
Blackpool,30,26.8,,38,54,29,7,8,47,2.0,433.0,,,,,,,,,2010-2011,Premier-League,,,,,,,,
Bolton,24,28.1,,38,50,34,4,5,70,5.0,503.0,,,,,,,,,2010-2011,Premier-League,,,,,,,,
Chelsea,24,28.2,,38,68,39,6,8,56,1.0,433.0,,,,,,,,,2010-2011,Premier-League,,,,,,,,
Everton,24,28.1,,38,50,33,3,4,60,5.0,482.0,,,,,,,,,2010-2011,Premier-League,,,,,,,,
Fulham,29,29.8,,38,48,32,2,3,52,1.0,477.0,,,,,,,,,2010-2011,Premier-League,,,,,,,,
Liverpool,30,26.9,,38,58,30,7,8,64,2.0,458.0,,,,,,,,,2010-2011,Premier-League,,,,,,,,
Manchester City,27,25.4,,38,56,35,8,9,76,5.0,481.0,,,,,,,,,2010-2011,Premier-League,,,,,,,,
Manchester Utd,29,28.3,,38,75,59,3,5,59,3.0,420.0,,,,,,,,,2010-2011,Premier-League,,,,,,,,
Newcastle Utd,30,26.3,,38,55,35,5,5,76,2.0,462.0,,,,,,,,,2010-2011,Premier-League,,,,,,,,
Stoke City,25,27.6,,38,44,28,3,3,70,2.0,428.0,,,,,,,,,2010-2011,Premier-League,,,,,,,,
Sunderland,31,25.0,,38,41,23,4,5,64,5.0,432.0,,,,,,,,,2010-2011,Premier-League,,,,,,,,
Tottenham,28,26.6,,38,54,34,5,5,51,2.0,382.0,,,,,,,,,2010-2011,Premier-League,,,,,,,,
West Brom,28,26.7,,38,52,37,4,6,55,7.0,425.0,,,,,,,,,2010-2011,Premier-League,,,,,,,,
West Ham,35,27.9,,38,41,21,5,6,59,1.0,447.0,,,,,,,,,2010-2011,Premier-League,,,,,,,,
Wigan Athletic,25,25.8,,38,37,20,2,3,69,4.0,484.0,,,,,,,,,2010-2011,Premier-League,,,,,,,,
Wolves,30,25.8,,38,45,29,3,3,63,2.0,473.0,,,,,,,,,2010-2011,Premier-League,,,,,,,,
Bayern Munich,25,26.9,,34,68,44,2,3,46,1.0,492.0,,,,,,,,,2009-2010,Bundesliga,,,,,,,,
Bochum,28,27.5,,34,31,21,0,0,73,4.0,542.0,,,,,,,,,2009-2010,Bundesliga,,,,,,,,
Dortmund,25,24.5,,34,51,32,3,4,50,0.0,519.0,,,,,,,,,2009-2010,Bundesliga,,,,,,,,
Eint Frankfurt,30,27.5,,34,47,26,2,3,68,5.0,573.0,,,,,,,,,2009-2010,Bundesliga,,,,,,,,
Freiburg,28,26.1,,34,34,20,1,1,52,0.0,556.0,,,,,,,,,2009-2010,Bundesliga,,,,,,,,
Gladbach,24,25.7,,34,39,23,1,1,48,1.0,537.0,,,,,,,,,2009-2010,Bundesliga,,,,,,,,
Hamburger SV,26,27.1,,34,54,30,2,2,56,3.0,592.0,,,,,,,,,2009-2010,Bundesliga,,,,,,,,
Hannover 96,32,26.7,,34,40,24,2,2,69,3.0,569.0,,,,,,,,,2009-2010,Bundesliga,,,,,,,,
Hertha BSC,28,26.0,,34,34,18,0,1,60,2.0,429.0,,,,,,,,,2009-2010,Bundesliga,,,,,,,,
Hoffenheim,28,24.8,,34,44,24,5,6,67,3.0,595.0,,,,,,,,,2009-2010,Bundesliga,,,,,,,,
Köln,26,27.6,,34,32,22,1,1,72,4.0,555.0,,,,,,,,,2009-2010,Bundesliga,,,,,,,,
Leverkusen,24,24.6,,34,65,35,4,4,71,3.0,490.0,,,,,,,,,2009-2010,Bundesliga,,,,,,,,
Mainz 05,29,27.2,,34,36,12,2,2,61,4.0,532.0,,,,,,,,,2009-2010,Bundesliga,,,,,,,,
Nürnberg,27,24.7,,34,32,22,1,1,58,2.0,485.0,,,,,,,,,2009-2010,Bundesliga,,,,,,,,
Schalke 04,29,24.3,,34,53,35,5,5,62,1.0,678.0,,,,,,,,,2009-2010,Bundesliga,,,,,,,,
Stuttgart,28,25.7,,34,50,30,2,3,73,2.0,518.0,,,,,,,,,2009-2010,Bundesliga,,,,,,,,
Werder Bremen,26,25.9,,34,70,44,6,7,54,2.0,529.0,,,,,,,,,2009-2010,Bundesliga,,,,,,,,
Wolfsburg,26,26.4,,34,62,37,4,5,61,1.0,503.0,,,,,,,,,2009-2010,Bundesliga,,,,,,,,
Arsenal,26,24.7,59.3,38,84,64,3,4,51,0.0,373.0,435.0,56.0,674.0,237.0,343.0,3.0,5.0,1.0,2022-2023,Premier-League,71.6,68.9,53.5,824.0,2049.0,1984.0,486.0,559.0
Aston Villa,26,27.0,49.3,38,49,35,3,4,80,1.0,417.0,498.0,58.0,561.0,324.0,338.0,4.0,6.0,4.0,2022-2023,Premier-League,50.3,47.2,38.8,637.0,1242.0,1847.0,442.0,465.0
Bournemouth,31,26.3,40.4,38,37,24,0,0,68,0.0,391.0,365.0,38.0,509.0,353.0,371.0,0.0,7.0,3.0,2022-2023,Premier-League,38.5,38.5,28.4,504.0,1006.0,1942.0,521.0,539.0
Brentford,25,26.2,43.8,38,56,36,7,8,57,1.0,354.0,399.0,72.0,661.0,341.0,338.0,7.0,2.0,3.0,2022-2023,Premier-League,56.3,50.1,38.4,392.0,1131.0,1959.0,664.0,617.0
Brighton,29,26.3,60.2,38,68,46,6,6,58,0.0,427.0,407.0,70.0,694.0,303.0,340.0,4.0,8.0,6.0,2022-2023,Premier-League,73.3,68.9,52.2,809.0,1849.0,2013.0,444.0,387.0
Chelsea,32,26.3,58.7,38,37,27,3,3,81,3.0,397.0,462.0,74.0,693.0,341.0,445.0,3.0,1.0,3.0,2022-2023,Premier-League,49.5,47.2,38.6,829.0,1737.0,2024.0,493.0,453.0
Crystal Palace,26,26.7,46.3,38,38,29,1,3,82,3.0,446.0,479.0,58.0,591.0,359.0,421.0,2.0,4.0,3.0,2022-2023,Premier-League,39.3,36.8,29.0,556.0,1243.0,2093.0,496.0,578.0
Everton,28,26.6,42.8,38,32,24,3,3,81,2.0,396.0,382.0,64.0,704.0,390.0,424.0,3.0,6.0,0.0,2022-2023,Premier-League,45.2,42.8,32.4,500.0,1052.0,2049.0,582.0,613.0
Fulham,29,28.2,48.8,38,52,33,5,9,80,1.0,411.0,405.0,60.0,769.0,340.0,350.0,8.0,8.0,2.0,2022-2023,Premier-League,46.2,39.1,28.5,663.0,1326.0,1979.0,511.0,550.0
Leeds United,29,25.3,47.0,38,45,31,1,3,89,3.0,467.0,405.0,60.0,653.0,392.0,480.0,2.0,6.0,1.0,2022-2023,Premier-League,47.3,44.9,31.8,555.0,1429.0,2206.0,586.0,607.0
Leicester City,28,26.1,47.7,38,49,36,3,6,63,2.0,410.0,397.0,83.0,496.0,367.0,412.0,5.0,5.0,5.0,2022-2023,Premier-League,50.5,45.7,38.4,580.0,1304.0,2013.0,512.0,558.0
Liverpool,28,27.4,60.8,38,71,58,2,4,57,1.0,405.0,321.0,84.0,799.0,333.0,370.0,3.0,4.0,2.0,2022-2023,Premier-League,71.5,68.4,55.6,719.0,1992.0,2211.0,482.0,455.0
Manchester City,24,27.2,64.7,38,92,69,9,10,44,1.0,347.0,384.0,51.0,742.0,223.0,272.0,9.0,3.0,1.0,2022-2023,Premier-League,78.6,71.1,57.5,988.0,2073.0,1866.0,438.0,364.0
Manchester Utd,26,26.9,53.7,38,56,42,3,3,78,2.0,424.0,297.0,79.0,517.0,352.0,400.0,2.0,3.0,1.0,2022-2023,Premier-League,67.7,65.3,52.2,711.0,1595.0,2190.0,465.0,434.0
Newcastle Utd,27,27.3,52.3,38,64,42,6,6,61,1.0,406.0,399.0,71.0,740.0,333.0,360.0,2.0,5.0,2.0,2022-2023,Premier-League,71.9,67.3,51.8,695.0,1618.0,2065.0,552.0,426.0
Nott'ham Forest,33,26.5,37.6,38,36,22,3,6,84,0.0,445.0,390.0,67.0,530.0,349.0,387.0,3.0,9.0,0.0,2022-2023,Premier-League,39.3,34.6,26.3,436.0,859.0,1902.0,560.0,600.0
Southampton,36,24.7,44.5,38,36,25,2,4,73,0.0,430.0,378.0,57.0,613.0,427.0,426.0,3.0,3.0,5.0,2022-2023,Premier-League,37.8,34.6,28.1,588.0,1125.0,2130.0,551.0,611.0
Tottenham,29,27.6,50.0,38,68,46,5,6,77,3.0,424.0,353.0,67.0,719.0,340.0,353.0,5.0,4.0,1.0,2022-2023,Premier-League,57.0,52.3,43.0,692.0,1449.0,1984.0,549.0,474.0
West Ham,25,28.2,42.1,38,41,25,6,8,44,0.0,362.0,316.0,62.0,768.0,408.0,336.0,6.0,6.0,1.0,2022-2023,Premier-League,49.2,43.7,32.7,615.0,1274.0,2023.0,620.0,587.0
Wolves,32,26.7,49.9,38,28,12,3,3,85,6.0,463.0,389.0,62.0,661.0,279.0,370.0,1.0,4.0,1.0,2022-2023,Premier-League,36.8,34.5,25.4,610.0,1343.0,2052.0,465.0,542.0
Atalanta,25,25.7,55.4,38,57,38,5,9,66,,490.0,465.0,79.0,751.0,476.0,488.0,9.0,2.0,0.0,2017-2018,Serie-A,64.1,57.2,44.7,933.0,1920.0,2469.0,563.0,519.0
Benevento,41,26.0,47.5,38,32,23,2,3,79,,486.0,465.0,83.0,661.0,449.0,409.0,2.0,13.0,2.0,2017-2018,Serie-A,38.3,36.0,28.8,772.0,1216.0,1892.0,410.0,501.0
Bologna,30,26.8,46.8,38,37,18,2,3,101,,482.0,466.0,66.0,553.0,462.0,456.0,2.0,4.0,3.0,2017-2018,Serie-A,36.6,34.3,24.3,586.0,1344.0,1855.0,593.0,571.0
Cagliari,29,27.1,45.3,38,33,21,4,7,96,,611.0,458.0,84.0,732.0,431.0,447.0,5.0,12.0,1.0,2017-2018,Serie-A,39.7,34.2,27.4,464.0,1348.0,1901.0,743.0,600.0
Chievo,25,30.3,44.4,38,36,20,1,2,75,,478.0,460.0,102.0,801.0,444.0,367.0,2.0,7.0,4.0,2017-2018,Serie-A,34.1,32.5,25.2,554.0,1358.0,1932.0,645.0,657.0
Crotone,29,25.6,39.9,38,38,21,2,3,65,,501.0,466.0,88.0,635.0,578.0,440.0,2.0,8.0,0.0,2017-2018,Serie-A,34.6,32.2,23.4,472.0,1250.0,2102.0,620.0,744.0
Fiorentina,27,25.0,52.6,38,53,32,7,8,89,,551.0,428.0,82.0,823.0,489.0,497.0,6.0,3.0,0.0,2017-2018,Serie-A,54.5,48.3,37.9,737.0,1695.0,2146.0,566.0,612.0
Genoa,33,27.9,46.3,38,31,18,4,5,75,,555.0,474.0,86.0,769.0,394.0,395.0,5.0,4.0,2.0,2017-2018,Serie-A,43.5,39.6,31.9,699.0,1475.0,2022.0,561.0,589.0
Hellas Verona,32,25.9,41.9,38,30,19,7,7,98,,511.0,404.0,79.0,665.0,541.0,459.0,3.0,8.0,2.0,2017-2018,Serie-A,33.0,27.7,21.1,635.0,1077.0,1883.0,555.0,642.0
Inter,22,27.6,57.1,38,64,34,6,7,69,,452.0,395.0,94.0,1042.0,402.0,435.0,6.0,2.0,4.0,2017-2018,Serie-A,56.7,51.3,43.8,947.0,1877.0,2140.0,538.0,477.0
Juventus,24,29.2,57.2,38,82,39,4,8,66,,432.0,493.0,79.0,672.0,421.0,359.0,5.0,4.0,2.0,2017-2018,Serie-A,55.3,49.4,37.9,789.0,1704.0,2003.0,455.0,366.0
Lazio,24,26.5,51.1,38,86,51,9,11,79,,435.0,350.0,97.0,734.0,494.0,450.0,9.0,10.0,2.0,2017-2018,Serie-A,63.7,55.2,45.8,915.0,1802.0,2304.0,474.0,464.0
Milan,24,25.0,56.0,38,54,28,4,6,75,,495.0,478.0,88.0,872.0,354.0,376.0,4.0,3.0,1.0,2017-2018,Serie-A,51.2,46.6,35.3,778.0,2016.0,1954.0,440.0,500.0
Napoli,23,28.0,63.4,38,73,45,6,8,58,,349.0,369.0,80.0,672.0,341.0,407.0,7.0,2.0,0.0,2017-2018,Serie-A,67.1,60.7,50.8,971.0,2468.0,2393.0,375.0,436.0
Roma,27,27.4,58.0,38,56,37,3,6,48,,396.0,439.0,71.0,962.0,477.0,384.0,4.0,5.0,0.0,2017-2018,Serie-A,63.4,58.8,46.7,938.0,1989.0,2201.0,664.0,471.0
Sampdoria,27,27.0,53.6,38,56,33,7,8,69,,426.0,485.0,54.0,777.0,335.0,423.0,6.0,10.0,2.0,2017-2018,Serie-A,53.5,47.2,35.5,614.0,1627.0,1997.0,463.0,545.0
Sassuolo,28,27.2,42.9,38,28,16,4,10,89,,488.0,556.0,80.0,793.0,506.0,375.0,6.0,3.0,2.0,2017-2018,Serie-A,46.3,38.4,27.7,640.0,1492.0,2077.0,592.0,528.0
SPAL,29,26.7,44.7,38,37,14,5,6,101,,479.0,640.0,91.0,727.0,527.0,414.0,5.0,12.0,4.0,2017-2018,Serie-A,35.8,31.1,21.5,704.0,1218.0,1776.0,507.0,545.0
Torino,27,28.1,51.1,38,53,36,0,2,78,,568.0,508.0,71.0,612.0,421.0,405.0,2.0,8.0,0.0,2017-2018,Serie-A,46.0,44.4,35.1,703.0,1425.0,2122.0,614.0,573.0
Udinese,27,26.5,44.7,38,45,27,7,7,72,,531.0,392.0,60.0,711.0,459.0,415.0,5.0,6.0,5.0,2017-2018,Serie-A,43.2,37.7,29.4,605.0,1364.0,1934.0,539.0,577.0
Auxerre,26,25.8,,38,34,20,1,3,53,1.0,566.0,,,,,,,,,2008-2009,Ligue-1,,,,,,,,
Bordeaux,24,26.4,,38,64,42,2,4,70,4.0,613.0,,,,,,,,,2008-2009,Ligue-1,,,,,,,,
Caen,26,27.3,,38,39,26,1,1,70,2.0,687.0,,,,,,,,,2008-2009,Ligue-1,,,,,,,,
Grenoble,30,29.2,,38,24,17,1,3,69,4.0,623.0,,,,,,,,,2008-2009,Ligue-1,,,,,,,,
Le Havre,36,27.2,,38,30,14,0,0,60,2.0,543.0,,,,,,,,,2008-2009,Ligue-1,,,,,,,,
Le Mans,27,24.5,,38,41,26,1,1,70,3.0,668.0,,,,,,,,,2008-2009,Ligue-1,,,,,,,,
Lille,27,25.3,,38,48,26,2,3,71,1.0,719.0,,,,,,,,,2008-2009,Ligue-1,,,,,,,,
Lorient,27,26.5,,38,46,29,2,4,49,2.0,495.0,,,,,,,,,2008-2009,Ligue-1,,,,,,,,
Lyon,26,26.0,,38,51,30,4,6,63,5.0,642.0,,,,,,,,,2008-2009,Ligue-1,,,,,,,,
Marseille,27,26.1,,38,63,36,5,5,62,3.0,711.0,,,,,,,,,2008-2009,Ligue-1,,,,,,,,
Monaco,33,24.8,,38,39,25,3,5,71,6.0,709.0,,,,,,,,,2008-2009,Ligue-1,,,,,,,,
Nancy,25,26.5,,38,36,19,4,5,69,4.0,619.0,,,,,,,,,2008-2009,Ligue-1,,,,,,,,
Nantes,29,27.4,,38,33,14,4,4,77,2.0,697.0,,,,,,,,,2008-2009,Ligue-1,,,,,,,,
Nice,26,26.6,,38,39,23,3,5,75,5.0,653.0,,,,,,,,,2008-2009,Ligue-1,,,,,,,,
Paris S-G,23,28.0,,38,48,28,3,3,50,1.0,521.0,,,,,,,,,2008-2009,Ligue-1,,,,,,,,
Rennes,27,26.7,,38,40,24,1,1,65,4.0,645.0,,,,,,,,,2008-2009,Ligue-1,,,,,,,,
Saint-Étienne,28,24.9,,38,39,25,3,4,63,3.0,602.0,,,,,,,,,2008-2009,Ligue-1,,,,,,,,
Sochaux,31,26.3,,38,38,22,4,5,66,6.0,637.0,,,,,,,,,2008-2009,Ligue-1,,,,,,,,
Toulouse,23,24.2,,38,41,25,1,2,61,,684.0,,,,,,,,,2008-2009,Ligue-1,,,,,,,,
Valenciennes,25,26.8,,38,35,18,4,5,79,5.0,714.0,,,,,,,,,2008-2009,Ligue-1,,,,,,,,
AA Aachen,27,26.4,,34,45,24,6,8,78,5.0,611.0,,,,,,,,,2006-2007,Bundesliga,,,,,,,,
Arminia,24,28.5,,34,47,31,4,4,51,2.0,466.0,,,,,,,,,2006-2007,Bundesliga,,,,,,,,
Bayern Munich,28,27.5,,34,55,42,2,3,58,2.0,494.0,,,,,,,,,2006-2007,Bundesliga,,,,,,,,
Bochum,28,27.2,,34,47,34,2,2,63,3.0,595.0,,,,,,,,,2006-2007,Bundesliga,,,,,,,,
Dortmund,23,25.3,,34,40,27,3,3,66,2.0,620.0,,,,,,,,,2006-2007,Bundesliga,,,,,,,,
Eint Frankfurt,28,26.3,,34,45,28,2,2,50,7.0,583.0,,,,,,,,,2006-2007,Bundesliga,,,,,,,,
Energie Cottbus,25,28.7,,34,36,21,3,4,91,3.0,667.0,,,,,,,,,2006-2007,Bundesliga,,,,,,,,
Gladbach,32,25.7,,34,22,15,1,1,67,3.0,590.0,,,,,,,,,2006-2007,Bundesliga,,,,,,,,
Hamburger SV,30,26.1,,34,42,26,5,7,69,7.0,663.0,,,,,,,,,2006-2007,Bundesliga,,,,,,,,
Hannover 96,22,27.9,,34,41,31,2,3,52,3.0,620.0,,,,,,,,,2006-2007,Bundesliga,,,,,,,,
Hertha BSC,28,27.3,,34,50,35,1,4,80,7.0,570.0,,,,,,,,,2006-2007,Bundesliga,,,,,,,,
Leverkusen,24,26.1,,34,51,39,2,2,81,7.0,640.0,,,,,,,,,2006-2007,Bundesliga,,,,,,,,
Mainz 05,30,26.4,,34,34,17,7,8,59,2.0,643.0,,,,,,,,,2006-2007,Bundesliga,,,,,,,,
Nürnberg,24,26.1,,34,41,27,3,4,68,2.0,610.0,,,,,,,,,2006-2007,Bundesliga,,,,,,,,
Schalke 04,24,26.2,,34,50,40,1,3,67,2.0,618.0,,,,,,,,,2006-2007,Bundesliga,,,,,,,,
Stuttgart,25,25.0,,34,60,47,0,2,56,6.0,617.0,,,,,,,,,2006-2007,Bundesliga,,,,,,,,
Werder Bremen,24,25.4,,34,74,59,1,4,65,0.0,567.0,,,,,,,,,2006-2007,Bundesliga,,,,,,,,
Wolfsburg,24,27.5,,34,35,27,1,2,66,1.0,675.0,,,,,,,,,2006-2007,Bundesliga,,,,,,,,
Almería,28,27.5,,38,43,28,8,8,103,0.0,563.0,,,,,,,,,2013-2014,La-Liga,,,,,,,,
Athletic Club,24,26.4,,38,65,46,4,7,81,0.0,483.0,,,,,,,,,2013-2014,La-Liga,,,,,,,,
Atlético Madrid,25,26.9,,38,74,55,6,10,98,0.0,522.0,,,,,,,,,2013-2014,La-Liga,,,,,,,,
Barcelona,25,27.4,,38,96,71,11,13,71,0.0,425.0,,,,,,,,,2013-2014,La-Liga,,,,,,,,
Betis,33,26.6,,38,35,21,1,4,118,0.0,540.0,,,,,,,,,2013-2014,La-Liga,,,,,,,,
Celta Vigo,26,25.0,,38,47,32,2,3,86,0.0,513.0,,,,,,,,,2013-2014,La-Liga,,,,,,,,
Elche,28,27.2,,38,30,22,4,6,121,0.0,530.0,,,,,,,,,2013-2014,La-Liga,,,,,,,,
Espanyol,24,26.7,,38,40,30,5,6,100,0.0,607.0,,,,,,,,,2013-2014,La-Liga,,,,,,,,
Getafe,28,27.7,,38,34,30,2,3,129,0.0,574.0,,,,,,,,,2013-2014,La-Liga,,,,,,,,
Granada,26,26.3,,38,31,22,3,6,109,0.0,539.0,,,,,,,,,2013-2014,La-Liga,,,,,,,,
Levante,28,28.9,,38,33,19,4,8,116,0.0,648.0,,,,,,,,,2013-2014,La-Liga,,,,,,,,
Málaga,28,27.0,,38,39,30,2,3,128,0.0,565.0,,,,,,,,,2013-2014,La-Liga,,,,,,,,
Osasuna,25,28.0,,38,31,15,0,0,91,0.0,495.0,,,,,,,,,2013-2014,La-Liga,,,,,,,,
Rayo Vallecano,30,25.8,,38,45,30,7,9,102,0.0,543.0,,,,,,,,,2013-2014,La-Liga,,,,,,,,
Real Madrid,25,26.4,,38,103,78,6,6,76,0.0,452.0,,,,,,,,,2013-2014,La-Liga,,,,,,,,
Real Sociedad,27,25.8,,38,59,44,2,2,76,0.0,451.0,,,,,,,,,2013-2014,La-Liga,,,,,,,,
Sevilla,31,25.9,,38,68,47,7,10,121,0.0,569.0,,,,,,,,,2013-2014,La-Liga,,,,,,,,
Valencia,31,26.1,,38,51,35,2,3,102,0.0,493.0,,,,,,,,,2013-2014,La-Liga,,,,,,,,
Valladolid,25,27.7,,38,37,28,1,2,103,0.0,525.0,,,,,,,,,2013-2014,La-Liga,,,,,,,,
Villarreal,25,25.2,,38,58,42,5,6,77,0.0,528.0,,,,,,,,,2013-2014,La-Liga,,,,,,,,
Atalanta,30,26.8,,38,39,22,3,4,102,4.0,577.0,,,,,,,,,2011-2012,Serie-A,,,,,,,,
Bologna,27,28.1,,38,41,25,2,3,97,3.0,628.0,,,,,,,,,2011-2012,Serie-A,,,,,,,,
Cagliari,25,26.6,,38,35,20,6,6,83,2.0,602.0,,,,,,,,,2011-2012,Serie-A,,,,,,,,
Catania,33,27.5,,38,46,24,9,11,82,6.0,577.0,,,,,,,,,2011-2012,Serie-A,,,,,,,,
Cesena,34,28.8,,38,23,10,4,7,105,10.0,609.0,,,,,,,,,2011-2012,Serie-A,,,,,,,,
Chievo,26,28.0,,38,35,22,3,5,85,1.0,637.0,,,,,,,,,2011-2012,Serie-A,,,,,,,,
Fiorentina,28,27.0,,38,36,22,6,8,93,3.0,584.0,,,,,,,,,2011-2012,Serie-A,,,,,,,,
Genoa,29,28.3,,38,49,29,5,6,95,11.0,577.0,,,,,,,,,2011-2012,Serie-A,,,,,,,,
Inter,30,29.7,,38,57,39,8,11,63,4.0,467.0,,,,,,,,,2011-2012,Serie-A,,,,,,,,
Juventus,25,28.0,,38,67,45,2,4,72,4.0,448.0,,,,,,,,,2011-2012,Serie-A,,,,,,,,
Lazio,32,29.1,,38,54,37,7,7,81,9.0,598.0,,,,,,,,,2011-2012,Serie-A,,,,,,,,
Lecce,31,27.8,,38,40,21,6,7,113,9.0,615.0,,,,,,,,,2011-2012,Serie-A,,,,,,,,
Milan,32,29.1,,38,72,44,10,10,79,4.0,526.0,,,,,,,,,2011-2012,Serie-A,,,,,,,,
Napoli,25,28.3,,38,65,40,4,9,80,5.0,469.0,,,,,,,,,2011-2012,Serie-A,,,,,,,,
Novara,32,28.7,,38,34,17,6,7,83,6.0,591.0,,,,,,,,,2011-2012,Serie-A,,,,,,,,
Palermo,30,26.3,,38,50,34,5,5,91,6.0,576.0,,,,,,,,,2011-2012,Serie-A,,,,,,,,
Parma,32,28.2,,38,52,25,7,8,83,2.0,604.0,,,,,,,,,2011-2012,Serie-A,,,,,,,,
Roma,30,26.9,,38,59,40,2,4,80,10.0,473.0,,,,,,,,,2011-2012,Serie-A,,,,,,,,
Siena,29,28.2,,38,45,20,7,8,96,2.0,608.0,,,,,,,,,2011-2012,Serie-A,,,,,,,,
Udinese,26,26.7,,38,51,35,4,5,88,3.0,594.0,,,,,,,,,2011-2012,Serie-A,,,,,,,,
Atalanta,32,25.2,50.2,38,62,43,5,5,90,2.0,600.0,555.0,80.0,863.0,698.0,491.0,6.0,4.0,1.0,2016-2017,Serie-A,,,,,,,,
Bologna,28,26.3,46.3,38,39,29,1,2,87,2.0,485.0,519.0,96.0,627.0,605.0,534.0,1.0,5.0,2.0,2016-2017,Serie-A,,,,,,,,
Cagliari,34,28.7,43.2,38,53,30,4,6,104,3.0,543.0,505.0,99.0,553.0,574.0,556.0,7.0,12.0,2.0,2016-2017,Serie-A,,,,,,,,
Chievo,29,31.3,46.7,38,42,29,4,5,88,3.0,565.0,535.0,103.0,722.0,536.0,463.0,6.0,6.0,1.0,2016-2017,Serie-A,,,,,,,,
Crotone,31,26.0,37.1,38,34,22,4,5,93,3.0,584.0,478.0,111.0,748.0,620.0,533.0,3.0,10.0,0.0,2016-2017,Serie-A,,,,,,,,
Empoli,29,26.8,49.0,38,29,19,4,5,107,0.0,535.0,609.0,94.0,752.0,529.0,471.0,4.0,11.0,2.0,2016-2017,Serie-A,,,,,,,,
Fiorentina,30,27.3,58.3,38,62,46,6,10,98,3.0,537.0,535.0,87.0,833.0,504.0,434.0,7.0,6.0,0.0,2016-2017,Serie-A,,,,,,,,
Genoa,33,26.9,48.8,38,36,30,2,3,97,4.0,625.0,450.0,86.0,917.0,526.0,510.0,2.0,10.0,5.0,2016-2017,Serie-A,,,,,,,,
Inter,29,27.5,56.4,38,70,55,3,5,81,3.0,540.0,516.0,81.0,1212.0,570.0,571.0,4.0,6.0,1.0,2016-2017,Serie-A,,,,,,,,
Juventus,27,29.1,57.0,38,72,49,3,3,70,0.0,484.0,562.0,95.0,786.0,557.0,457.0,2.0,1.0,1.0,2016-2017,Serie-A,,,,,,,,
Lazio,30,26.0,51.0,38,73,47,12,14,96,3.0,542.0,432.0,106.0,792.0,538.0,591.0,12.0,9.0,3.0,2016-2017,Serie-A,,,,,,,,
Milan,28,25.0,54.1,38,55,39,7,12,98,9.0,519.0,518.0,98.0,799.0,411.0,487.0,10.0,10.0,2.0,2016-2017,Serie-A,,,,,,,,
Napoli,26,26.9,62.1,38,94,68,5,6,58,0.0,376.0,430.0,85.0,790.0,442.0,487.0,6.0,7.0,1.0,2016-2017,Serie-A,,,,,,,,
Palermo,30,26.1,45.6,38,33,24,1,1,107,6.0,568.0,534.0,87.0,665.0,657.0,494.0,1.0,6.0,1.0,2016-2017,Serie-A,,,,,,,,
Pescara,34,26.6,46.4,38,32,27,2,6,98,3.0,551.0,537.0,117.0,661.0,549.0,512.0,7.0,6.0,1.0,2016-2017,Serie-A,,,,,,,,
Roma,22,26.7,57.1,38,88,59,12,14,64,0.0,461.0,488.0,88.0,916.0,622.0,526.0,12.0,4.0,0.0,2016-2017,Serie-A,,,,,,,,
Sampdoria,24,26.6,52.3,38,45,31,7,8,75,1.0,511.0,502.0,81.0,782.0,468.0,511.0,6.0,8.0,0.0,2016-2017,Serie-A,,,,,,,,
Sassuolo,28,26.7,46.8,38,59,36,9,10,90,0.0,517.0,541.0,75.0,751.0,590.0,534.0,8.0,9.0,1.0,2016-2017,Serie-A,,,,,,,,
Torino,29,26.4,50.7,38,70,54,5,9,88,3.0,581.0,497.0,91.0,750.0,594.0,508.0,10.0,7.0,1.0,2016-2017,Serie-A,,,,,,,,
Udinese,29,26.7,41.8,38,47,29,2,3,85,0.0,481.0,516.0,42.0,853.0,526.0,507.0,3.0,9.0,2.0,2016-2017,Serie-A,,,,,,,,
Atalanta,32,28.1,46.4,38,37,21,4,5,113,0.0,617.0,,,,,,,,,2014-2015,Serie-A,,,,,,,,
Cagliari,29,25.7,48.2,38,45,31,4,7,115,0.0,577.0,,,,,,,,,2014-2015,Serie-A,,,,,,,,
Cesena,33,27.3,44.4,38,34,23,5,6,107,0.0,601.0,,,,,,,,,2014-2015,Serie-A,,,,,,,,
Chievo,27,29.1,44.8,38,27,20,1,2,86,0.0,610.0,,,,,,,,,2014-2015,Serie-A,,,,,,,,
Empoli,26,25.1,49.4,38,43,35,3,3,64,0.0,480.0,,,,,,,,,2014-2015,Serie-A,,,,,,,,
Fiorentina,30,27.9,55.9,38,61,41,2,7,86,0.0,521.0,,,,,,,,,2014-2015,Serie-A,,,,,,,,
Genoa,33,26.0,50.9,38,58,41,5,7,108,0.0,612.0,,,,,,,,,2014-2015,Serie-A,,,,,,,,
Hellas Verona,30,29.7,44.1,38,48,35,4,6,105,0.0,505.0,,,,,,,,,2014-2015,Serie-A,,,,,,,,
Inter,34,26.5,56.6,38,58,36,5,7,101,0.0,546.0,,,,,,,,,2014-2015,Serie-A,,,,,,,,
Juventus,28,28.8,56.2,38,71,44,6,9,76,0.0,513.0,,,,,,,,,2014-2015,Serie-A,,,,,,,,
Lazio,29,28.0,52.2,38,70,47,3,5,114,0.0,654.0,,,,,,,,,2014-2015,Serie-A,,,,,,,,
Milan,35,28.1,51.3,38,54,33,11,11,96,0.0,523.0,,,,,,,,,2014-2015,Serie-A,,,,,,,,
Napoli,26,27.0,54.8,38,65,41,4,9,86,0.0,506.0,,,,,,,,,2014-2015,Serie-A,,,,,,,,
Palermo,31,26.8,49.6,38,52,34,5,7,89,0.0,565.0,,,,,,,,,2014-2015,Serie-A,,,,,,,,
Parma,38,28.4,44.9,38,31,20,2,2,110,0.0,634.0,,,,,,,,,2014-2015,Serie-A,,,,,,,,
Roma,32,28.0,57.3,38,53,40,6,7,111,0.0,510.0,,,,,,,,,2014-2015,Serie-A,,,,,,,,
Sampdoria,30,26.2,50.4,38,46,30,2,2,103,0.0,588.0,,,,,,,,,2014-2015,Serie-A,,,,,,,,
Sassuolo,27,27.0,47.0,38,47,30,7,9,115,0.0,563.0,,,,,,,,,2014-2015,Serie-A,,,,,,,,
Torino,31,28.1,49.2,38,48,32,3,6,100,0.0,528.0,,,,,,,,,2014-2015,Serie-A,,,,,,,,
Udinese,28,26.9,46.5,38,41,27,1,1,99,0.0,514.0,,,,,,,,,2014-2015,Serie-A,,,,,,,,
Augsburg,28,27.1,41.9,34,35,22,3,4,71,2.0,481.0,441.0,68.0,426.0,794.0,512.0,4.0,4.0,1.0,2016-2017,Bundesliga,,,,,,,,
Bayern Munich,22,28.0,69.0,34,88,64,5,5,47,0.0,351.0,411.0,92.0,661.0,686.0,421.0,4.0,3.0,0.0,2016-2017,Bundesliga,,,,,,,,
Darmstadt 98,31,27.6,38.3,34,28,16,5,7,76,5.0,496.0,450.0,87.0,446.0,688.0,484.0,6.0,8.0,2.0,2016-2017,Bundesliga,,,,,,,,
Dortmund,27,25.3,62.0,34,71,49,5,7,57,,334.0,550.0,81.0,468.0,566.0,432.0,5.0,2.0,1.0,2016-2017,Bundesliga,,,,,,,,
Eint Frankfurt,26,25.9,49.9,34,35,24,2,6,86,1.0,527.0,468.0,69.0,518.0,849.0,436.0,5.0,4.0,1.0,2016-2017,Bundesliga,,,,,,,,
Freiburg,25,24.7,46.7,34,42,28,6,8,56,0.0,429.0,468.0,58.0,351.0,566.0,471.0,8.0,6.0,0.0,2016-2017,Bundesliga,,,,,,,,
Gladbach,24,25.3,53.9,34,44,27,1,4,50,2.0,411.0,445.0,88.0,396.0,655.0,518.0,2.0,5.0,0.0,2016-2017,Bundesliga,,,,,,,,
Hamburger SV,29,25.8,43.8,34,32,26,0,2,77,2.0,549.0,456.0,79.0,501.0,737.0,553.0,2.0,6.0,1.0,2016-2017,Bundesliga,,,,,,,,
Hertha BSC,26,27.1,48.5,34,42,26,5,5,67,2.0,471.0,482.0,55.0,426.0,676.0,457.0,5.0,5.0,1.0,2016-2017,Bundesliga,,,,,,,,
Hoffenheim,23,25.0,56.2,34,64,47,5,5,63,0.0,502.0,518.0,84.0,417.0,676.0,424.0,5.0,3.0,2.0,2016-2017,Bundesliga,,,,,,,,
Ingolstadt 04,22,26.9,45.9,34,35,20,6,8,75,3.0,538.0,549.0,77.0,559.0,733.0,500.0,7.0,9.0,2.0,2016-2017,Bundesliga,,,,,,,,
Köln,26,26.2,43.4,34,49,36,3,4,74,1.0,466.0,472.0,95.0,410.0,729.0,484.0,4.0,4.0,1.0,2016-2017,Bundesliga,,,,,,,,
Leverkusen,24,24.2,54.3,34,53,39,4,9,56,3.0,462.0,399.0,78.0,407.0,708.0,516.0,7.0,3.0,1.0,2016-2017,Bundesliga,,,,,,,,
Mainz 05,28,25.1,46.0,34,43,28,7,7,73,3.0,480.0,477.0,107.0,491.0,787.0,472.0,7.0,4.0,0.0,2016-2017,Bundesliga,,,,,,,,
RB Leipzig,23,24.0,53.0,34,62,49,3,4,68,1.0,508.0,471.0,120.0,429.0,770.0,582.0,4.0,5.0,1.0,2016-2017,Bundesliga,,,,,,,,
Schalke 04,29,25.3,51.8,34,45,30,2,4,69,0.0,494.0,441.0,96.0,566.0,805.0,450.0,4.0,10.0,1.0,2016-2017,Bundesliga,,,,,,,,
Werder Bremen,31,27.0,44.6,34,61,39,6,6,67,0.0,452.0,515.0,58.0,371.0,718.0,438.0,6.0,11.0,1.0,2016-2017,Bundesliga,,,,,,,,
Wolfsburg,31,25.7,51.7,34,32,23,3,3,69,2.0,498.0,486.0,61.0,548.0,701.0,438.0,3.0,5.0,1.0,2016-2017,Bundesliga,,,,,,,,
Alavés,32,27.6,41.5,38,34,20,6,6,111,7.0,621.0,432.0,61.0,562.0,392.0,346.0,5.0,15.0,0.0,2019-2020,La-Liga,39.3,34.7,26.9,403.0,944.0,1766.0,905.0,712.0
Athletic Club,26,26.7,48.7,38,40,23,8,10,90,2.0,522.0,436.0,84.0,754.0,373.0,324.0,4.0,7.0,2.0,2019-2020,La-Liga,41.5,33.8,26.2,604.0,1291.0,1911.0,912.0,683.0
Atlético Madrid,30,26.1,48.6,38,50,35,6,8,93,3.0,513.0,479.0,116.0,574.0,412.0,406.0,6.0,4.0,3.0,2019-2020,La-Liga,56.8,50.6,39.4,598.0,1333.0,1950.0,827.0,723.0
Barcelona,28,27.8,66.4,38,84,62,6,6,92,6.0,416.0,529.0,83.0,417.0,342.0,323.0,3.0,7.0,0.0,2019-2020,La-Liga,66.3,61.7,49.5,923.0,2042.0,1874.0,455.0,364.0
Betis,27,27.5,56.7,38,48,35,6,8,108,9.0,473.0,577.0,84.0,624.0,302.0,299.0,6.0,11.0,1.0,2019-2020,La-Liga,51.0,45.2,36.9,834.0,1475.0,1709.0,579.0,558.0
Celta Vigo,30,25.8,51.7,38,37,26,6,9,104,6.0,473.0,527.0,70.0,636.0,396.0,357.0,6.0,5.0,0.0,2019-2020,La-Liga,39.2,32.4,26.2,670.0,1364.0,1905.0,650.0,659.0
Eibar,26,29.3,46.3,38,38,24,7,10,92,3.0,538.0,411.0,73.0,870.0,430.0,338.0,5.0,6.0,1.0,2019-2020,La-Liga,42.0,34.2,26.0,424.0,1265.0,2039.0,974.0,1091.0
Espanyol,31,27.7,47.4,38,25,17,4,4,107,9.0,581.0,469.0,65.0,710.0,360.0,364.0,1.0,7.0,2.0,2019-2020,La-Liga,38.6,35.6,27.3,561.0,1240.0,1927.0,755.0,814.0
Getafe,30,27.5,45.0,38,42,31,6,7,135,5.0,706.0,495.0,106.0,833.0,367.0,341.0,4.0,6.0,2.0,2019-2020,La-Liga,41.6,36.1,27.9,416.0,1196.0,1947.0,914.0,1024.0
Granada,27,26.8,43.8,38,50,34,5,5,109,1.0,590.0,497.0,70.0,670.0,383.0,349.0,3.0,5.0,0.0,2019-2020,La-Liga,44.9,40.9,30.5,511.0,1009.0,1764.0,748.0,849.0
Leganés,29,26.9,43.9,38,30,19,3,5,127,4.0,591.0,500.0,75.0,771.0,418.0,357.0,4.0,7.0,1.0,2019-2020,La-Liga,39.9,35.9,27.7,498.0,1165.0,1821.0,778.0,865.0
Levante,29,27.7,48.3,38,45,28,5,5,79,5.0,468.0,460.0,81.0,697.0,331.0,288.0,5.0,7.0,2.0,2019-2020,La-Liga,48.1,44.2,36.3,711.0,1358.0,1913.0,504.0,555.0
Mallorca,32,26.8,45.0,38,39,21,8,10,93,5.0,509.0,526.0,58.0,682.0,376.0,338.0,8.0,16.0,1.0,2019-2020,La-Liga,41.1,33.3,25.4,740.0,1210.0,1867.0,634.0,729.0
Osasuna,31,27.7,47.4,38,46,26,8,8,110,6.0,551.0,410.0,80.0,755.0,417.0,361.0,2.0,5.0,0.0,2019-2020,La-Liga,49.4,43.2,34.4,562.0,1359.0,2056.0,874.0,869.0
Real Madrid,26,27.6,58.8,38,69,52,11,11,82,4.0,487.0,474.0,84.0,776.0,381.0,355.0,11.0,2.0,0.0,2019-2020,La-Liga,67.9,59.2,49.9,951.0,1972.0,2047.0,521.0,411.0
Real Sociedad,27,24.8,56.2,38,54,38,4,5,79,2.0,501.0,489.0,78.0,719.0,320.0,321.0,2.0,9.0,1.0,2019-2020,La-Liga,48.9,45.1,35.4,737.0,1588.0,1892.0,815.0,710.0
Sevilla,26,27.7,57.9,38,53,35,7,7,97,1.0,522.0,480.0,92.0,880.0,346.0,344.0,4.0,4.0,1.0,2019-2020,La-Liga,53.2,47.9,38.4,803.0,1823.0,2069.0,746.0,695.0
Valencia,28,27.0,49.0,38,45,34,5,8,80,8.0,416.0,543.0,100.0,677.0,360.0,311.0,6.0,9.0,1.0,2019-2020,La-Liga,43.3,37.2,31.7,671.0,1378.0,1778.0,553.0,601.0
Valladolid,30,27.1,44.7,38,31,19,3,6,84,0.0,484.0,530.0,81.0,645.0,390.0,327.0,6.0,8.0,0.0,2019-2020,La-Liga,36.6,32.1,24.0,510.0,1106.0,1964.0,618.0,764.0
Villarreal,25,27.6,52.9,38,62,40,10,11,78,1.0,483.0,422.0,71.0,619.0,339.0,323.0,10.0,9.0,2.0,2019-2020,La-Liga,63.6,55.2,43.1,694.0,1483.0,1894.0,536.0,622.0
Atalanta,33,27.8,48.4,38,38,23,4,6,114,0.0,643.0,,,,,,,,,2015-2016,Serie-A,,,,,,,,
Bologna,31,27.0,45.8,38,33,22,2,3,98,0.0,531.0,,,,,,,,,2015-2016,Serie-A,,,,,,,,
Carpi,35,25.9,38.6,38,33,22,5,8,115,0.0,631.0,,,,,,,,,2015-2016,Serie-A,,,,,,,,
Chievo,26,30.5,45.3,38,42,28,5,8,108,0.0,638.0,,,,,,,,,2015-2016,Serie-A,,,,,,,,
Empoli,29,25.4,52.5,38,39,29,1,2,101,0.0,509.0,,,,,,,,,2015-2016,Serie-A,,,,,,,,
Fiorentina,26,27.6,61.0,38,58,38,8,9,102,0.0,535.0,,,,,,,,,2015-2016,Serie-A,,,,,,,,
Frosinone,28,26.5,39.7,38,34,22,3,3,116,0.0,640.0,,,,,,,,,2015-2016,Serie-A,,,,,,,,
Genoa,30,26.7,50.2,38,44,35,4,4,91,0.0,645.0,,,,,,,,,2015-2016,Serie-A,,,,,,,,
Hellas Verona,32,27.5,45.3,38,34,23,6,7,97,0.0,625.0,,,,,,,,,2015-2016,Serie-A,,,,,,,,
Inter,28,26.7,55.0,38,49,35,2,3,104,0.0,514.0,,,,,,,,,2015-2016,Serie-A,,,,,,,,
Juventus,28,28.3,56.0,38,72,54,9,9,97,0.0,570.0,,,,,,,,,2015-2016,Serie-A,,,,,,,,
Lazio,27,27.6,54.4,38,52,31,9,11,107,0.0,592.0,,,,,,,,,2015-2016,Serie-A,,,,,,,,
Milan,30,26.4,52.9,38,49,28,6,7,96,0.0,554.0,,,,,,,,,2015-2016,Serie-A,,,,,,,,
Napoli,22,26.5,62.6,38,78,56,7,8,72,0.0,464.0,,,,,,,,,2015-2016,Serie-A,,,,,,,,
Palermo,31,26.8,43.2,38,37,31,1,1,103,0.0,644.0,,,,,,,,,2015-2016,Serie-A,,,,,,,,
Roma,32,26.2,57.7,38,83,55,4,4,87,0.0,533.0,,,,,,,,,2015-2016,Serie-A,,,,,,,,
Sampdoria,35,27.5,49.4,38,45,30,3,3,111,0.0,578.0,,,,,,,,,2015-2016,Serie-A,,,,,,,,
Sassuolo,26,27.0,51.1,38,48,33,4,5,98,0.0,585.0,,,,,,,,,2015-2016,Serie-A,,,,,,,,
Torino,27,27.6,47.5,38,49,29,9,11,99,0.0,652.0,,,,,,,,,2015-2016,Serie-A,,,,,,,,
Udinese,28,27.6,44.4,38,34,23,2,2,105,0.0,579.0,,,,,,,,,2015-2016,Serie-A,,,,,,,,
Arminia,29,28.3,,34,37,28,1,3,48,0.0,,,,,,,,,,2004-2005,Bundesliga,,,,,,,,
Bayern Munich,26,27.8,,34,73,60,4,4,62,4.0,,,,,,,,,,2004-2005,Bundesliga,,,,,,,,
Bochum,27,27.9,,34,42,31,4,5,73,4.0,,,,,,,,,,2004-2005,Bundesliga,,,,,,,,
Dortmund,27,25.6,,34,47,36,2,3,63,2.0,,,,,,,,,,2004-2005,Bundesliga,,,,,,,,
Freiburg,29,26.0,,34,30,21,0,1,64,4.0,,,,,,,,,,2004-2005,Bundesliga,,,,,,,,
Gladbach,31,27.5,,34,35,26,4,5,85,3.0,,,,,,,,,,2004-2005,Bundesliga,,,,,,,,
Hamburger SV,26,26.8,,34,55,42,1,3,91,4.0,,,,,,,,,,2004-2005,Bundesliga,,,,,,,,
Hannover 96,26,27.2,,34,34,26,1,1,39,1.0,,,,,,,,,,2004-2005,Bundesliga,,,,,,,,
Hansa Rostock,25,27.8,,34,31,21,1,3,87,4.0,,,,,,,,,,2004-2005,Bundesliga,,,,,,,,
Hertha BSC,22,27.0,,34,59,43,5,6,69,5.0,,,,,,,,,,2004-2005,Bundesliga,,,,,,,,
Kaiserslautern,27,27.1,,34,41,25,6,6,78,2.0,,,,,,,,,,2004-2005,Bundesliga,,,,,,,,
Leverkusen,24,26.9,,34,65,46,2,2,62,2.0,,,,,,,,,,2004-2005,Bundesliga,,,,,,,,
Mainz 05,25,26.7,,34,48,34,1,1,50,2.0,,,,,,,,,,2004-2005,Bundesliga,,,,,,,,
Nürnberg,25,26.5,,34,53,41,6,7,81,4.0,,,,,,,,,,2004-2005,Bundesliga,,,,,,,,
Schalke 04,22,27.5,,34,56,40,2,3,75,4.0,,,,,,,,,,2004-2005,Bundesliga,,,,,,,,
Stuttgart,24,26.4,,34,52,44,4,4,79,5.0,,,,,,,,,,2004-2005,Bundesliga,,,,,,,,
Werder Bremen,23,26.8,,34,67,55,2,2,58,4.0,,,,,,,,,,2004-2005,Bundesliga,,,,,,,,
Wolfsburg,24,28.1,,34,49,37,4,4,69,5.0,,,,,,,,,,2004-2005,Bundesliga,,,,,,,,
Arminia,26,27.7,,34,32,21,2,3,55,0.0,,,,,,,,,,2005-2006,Bundesliga,,,,,,,,
Bayern Munich,24,28.1,,34,67,49,2,2,59,4.0,,,,,,,,,,2005-2006,Bundesliga,,,,,,,,
Dortmund,24,24.7,,34,45,32,3,3,53,2.0,,,,,,,,,,2005-2006,Bundesliga,,,,,,,,
Eint Frankfurt,26,26.1,,34,40,25,2,3,60,1.0,,,,,,,,,,2005-2006,Bundesliga,,,,,,,,
Gladbach,28,27.2,,34,38,24,1,1,79,2.0,,,,,,,,,,2005-2006,Bundesliga,,,,,,,,
Hamburger SV,26,26.3,,34,48,38,5,5,74,2.0,,,,,,,,,,2005-2006,Bundesliga,,,,,,,,
Hannover 96,26,27.5,,34,43,32,3,4,65,2.0,,,,,,,,,,2005-2006,Bundesliga,,,,,,,,
Hertha BSC,26,26.9,,34,51,33,4,4,86,8.0,,,,,,,,,,2005-2006,Bundesliga,,,,,,,,
Kaiserslautern,31,25.7,,34,47,27,2,3,61,2.0,,,,,,,,,,2005-2006,Bundesliga,,,,,,,,
Köln,31,25.5,,34,48,30,3,3,82,7.0,,,,,,,,,,2005-2006,Bundesliga,,,,,,,,
Leverkusen,23,26.4,,34,63,46,5,6,63,3.0,,,,,,,,,,2005-2006,Bundesliga,,,,,,,,
Mainz 05,26,26.5,,34,45,35,5,6,67,0.0,,,,,,,,,,2005-2006,Bundesliga,,,,,,,,
MSV Duisburg,28,28.0,,34,33,21,3,4,96,5.0,,,,,,,,,,2005-2006,Bundesliga,,,,,,,,
Nürnberg,29,25.5,,34,49,32,2,3,82,5.0,,,,,,,,,,2005-2006,Bundesliga,,,,,,,,
Schalke 04,23,27.1,,34,46,31,2,5,80,6.0,,,,,,,,,,2005-2006,Bundesliga,,,,,,,,
Stuttgart,23,26.9,,34,36,21,2,3,75,2.0,,,,,,,,,,2005-2006,Bundesliga,,,,,,,,
Werder Bremen,23,26.3,,34,78,55,2,5,70,2.0,,,,,,,,,,2005-2006,Bundesliga,,,,,,,,
Wolfsburg,27,27.4,,34,33,19,1,1,84,6.0,,,,,,,,,,2005-2006,Bundesliga,,,,,,,,
Atalanta,35,27.7,,38,38,25,5,5,126,12.0,565.0,,,,,,,,,2012-2013,Serie-A,,,,,,,,
Bologna,31,26.8,,38,45,28,4,5,106,3.0,656.0,,,,,,,,,2012-2013,Serie-A,,,,,,,,
Cagliari,25,26.1,,38,41,27,7,9,109,9.0,655.0,,,,,,,,,2012-2013,Serie-A,,,,,,,,
Catania,29,27.9,,38,50,38,1,2,95,7.0,648.0,,,,,,,,,2012-2013,Serie-A,,,,,,,,
Chievo,35,28.6,,38,37,24,5,6,105,4.0,615.0,,,,,,,,,2012-2013,Serie-A,,,,,,,,
Fiorentina,30,26.8,,38,70,56,7,10,93,3.0,512.0,,,,,,,,,2012-2013,Serie-A,,,,,,,,
Genoa,37,27.7,,38,38,31,2,4,105,4.0,603.0,,,,,,,,,2012-2013,Serie-A,,,,,,,,
Inter,36,28.2,,38,52,42,4,5,87,4.0,483.0,,,,,,,,,2012-2013,Serie-A,,,,,,,,
Juventus,28,27.8,,38,71,49,8,11,77,1.0,478.0,,,,,,,,,2012-2013,Serie-A,,,,,,,,
Lazio,28,29.1,,38,48,30,7,9,91,8.0,601.0,,,,,,,,,2012-2013,Serie-A,,,,,,,,
Milan,29,26.9,,38,64,36,10,11,99,7.0,517.0,,,,,,,,,2012-2013,Serie-A,,,,,,,,
Napoli,27,28.5,,38,72,55,7,10,90,0.0,507.0,,,,,,,,,2012-2013,Serie-A,,,,,,,,
Palermo,36,26.9,,38,34,26,2,2,98,8.0,553.0,,,,,,,,,2012-2013,Serie-A,,,,,,,,
Parma,33,28.1,,38,44,29,3,5,109,3.0,628.0,,,,,,,,,2012-2013,Serie-A,,,,,,,,
Pescara,39,25.8,,38,27,15,2,3,103,9.0,581.0,,,,,,,,,2012-2013,Serie-A,,,,,,,,
Roma,24,26.0,,38,68,43,5,7,91,8.0,493.0,,,,,,,,,2012-2013,Serie-A,,,,,,,,
Sampdoria,29,25.0,,38,41,29,6,7,93,9.0,527.0,,,,,,,,,2012-2013,Serie-A,,,,,,,,
Siena,37,28.9,,38,35,28,4,7,108,6.0,578.0,,,,,,,,,2012-2013,Serie-A,,,,,,,,
Torino,29,27.7,,38,45,32,5,6,86,5.0,545.0,,,,,,,,,2012-2013,Serie-A,,,,,,,,
Udinese,30,26.3,,38,59,37,4,6,90,6.0,540.0,,,,,,,,,2012-2013,Serie-A,,,,,,,,
Arsenal,27,24.6,,38,73,57,5,6,57,3.0,389.0,,,,,,,,,2007-2008,Premier-League,,,,,,,,
Aston Villa,22,25.5,,38,66,42,6,7,55,4.0,523.0,,,,,,,,,2007-2008,Premier-League,,,,,,,,
Birmingham City,28,25.3,,38,44,21,6,6,68,3.0,502.0,,,,,,,,,2007-2008,Premier-League,,,,,,,,
Blackburn,22,28.0,,38,50,32,5,6,78,6.0,552.0,,,,,,,,,2007-2008,Premier-League,,,,,,,,
Bolton,31,27.5,,38,34,22,0,1,76,0.0,499.0,,,,,,,,,2007-2008,Premier-League,,,,,,,,
Chelsea,27,27.0,,38,64,52,7,7,65,5.0,431.0,,,,,,,,,2007-2008,Premier-League,,,,,,,,
Derby County,36,27.6,,38,19,12,0,0,64,1.0,515.0,,,,,,,,,2007-2008,Premier-League,,,,,,,,
Everton,23,26.9,,38,53,30,1,1,40,3.0,474.0,,,,,,,,,2007-2008,Premier-League,,,,,,,,
Fulham,33,28.0,,38,37,17,2,3,64,6.0,477.0,,,,,,,,,2007-2008,Premier-League,,,,,,,,
Liverpool,25,26.2,,38,64,43,5,5,46,1.0,440.0,,,,,,,,,2007-2008,Premier-League,,,,,,,,
Manchester City,28,24.5,,38,42,30,2,2,49,4.0,395.0,,,,,,,,,2007-2008,Premier-League,,,,,,,,
Manchester Utd,25,26.7,,38,78,52,6,8,51,2.0,406.0,,,,,,,,,2007-2008,Premier-League,,,,,,,,
Middlesbrough,30,25.7,,38,43,27,2,2,85,2.0,516.0,,,,,,,,,2007-2008,Premier-League,,,,,,,,
Newcastle Utd,27,27.0,,38,43,27,4,4,61,1.0,470.0,,,,,,,,,2007-2008,Premier-League,,,,,,,,
Portsmouth,28,28.2,,38,46,32,4,7,59,3.0,528.0,,,,,,,,,2007-2008,Premier-League,,,,,,,,
Reading,26,27.6,,38,41,26,2,4,62,5.0,451.0,,,,,,,,,2007-2008,Premier-League,,,,,,,,
Sunderland,31,24.9,,38,36,21,1,2,63,4.0,502.0,,,,,,,,,2007-2008,Premier-League,,,,,,,,
Tottenham,30,25.5,,38,65,35,4,6,52,1.0,385.0,,,,,,,,,2007-2008,Premier-League,,,,,,,,
West Ham,28,26.5,,38,39,29,2,2,65,2.0,517.0,,,,,,,,,2007-2008,Premier-League,,,,,,,,
Wigan Athletic,27,27.7,,38,33,19,4,5,63,4.0,502.0,,,,,,,,,2007-2008,Premier-League,,,,,,,,
Arsenal,32,25.2,,38,73,57,2,3,70,4.0,405.0,,,,,,,,,2011-2012,Premier-League,,,,,,,,
Aston Villa,27,27.3,,38,37,26,3,3,71,2.0,415.0,,,,,,,,,2011-2012,Premier-League,,,,,,,,
Blackburn,31,25.5,,38,44,32,4,8,69,5.0,442.0,,,,,,,,,2011-2012,Premier-League,,,,,,,,
Bolton,30,27.4,,38,43,29,5,6,52,5.0,448.0,,,,,,,,,2011-2012,Premier-League,,,,,,,,
Chelsea,29,27.6,,38,63,45,4,5,76,4.0,419.0,,,,,,,,,2011-2012,Premier-League,,,,,,,,
Everton,30,28.5,,38,47,32,5,5,61,2.0,452.0,,,,,,,,,2011-2012,Premier-League,,,,,,,,
Fulham,28,29.6,,38,44,31,3,4,54,0.0,370.0,,,,,,,,,2011-2012,Premier-League,,,,,,,,
Liverpool,26,26.3,,38,42,23,1,4,58,5.0,390.0,,,,,,,,,2011-2012,Premier-League,,,,,,,,
Manchester City,24,25.8,,38,91,73,7,8,59,5.0,422.0,,,,,,,,,2011-2012,Premier-League,,,,,,,,
Manchester Utd,31,26.3,,38,87,69,9,11,51,1.0,378.0,,,,,,,,,2011-2012,Premier-League,,,,,,,,
Newcastle Utd,26,25.6,,38,51,36,2,3,67,2.0,405.0,,,,,,,,,2011-2012,Premier-League,,,,,,,,
Norwich City,27,25.8,,38,52,33,2,2,60,3.0,399.0,,,,,,,,,2011-2012,Premier-League,,,,,,,,
QPR,35,28.8,,38,41,25,2,2,59,9.0,405.0,,,,,,,,,2011-2012,Premier-League,,,,,,,,
Stoke City,23,27.9,,38,35,28,4,6,60,2.0,446.0,,,,,,,,,2011-2012,Premier-League,,,,,,,,
Sunderland,28,25.8,,38,43,25,1,2,62,4.0,396.0,,,,,,,,,2011-2012,Premier-League,,,,,,,,
Swansea City,25,25.4,,38,43,24,5,6,41,2.0,313.0,,,,,,,,,2011-2012,Premier-League,,,,,,,,
Tottenham,29,27.6,,38,66,48,4,5,47,3.0,381.0,,,,,,,,,2011-2012,Premier-League,,,,,,,,
West Brom,25,27.8,,38,44,30,1,2,48,1.0,421.0,,,,,,,,,2011-2012,Premier-League,,,,,,,,
Wigan Athletic,23,26.3,,38,41,22,5,7,69,3.0,468.0,,,,,,,,,2011-2012,Premier-League,,,,,,,,
Wolves,32,26.0,,38,40,25,3,4,64,4.0,364.0,,,,,,,,,2011-2012,Premier-League,,,,,,,,
Ajaccio,37,27.1,,38,36,28,0,2,72,0.0,620.0,,,,,,,,,2013-2014,Ligue-1,,,,,,,,
Bastia,27,28.7,,38,42,32,3,3,67,0.0,512.0,,,,,,,,,2013-2014,Ligue-1,,,,,,,,
Bordeaux,32,26.9,,38,49,33,6,6,54,0.0,500.0,,,,,,,,,2013-2014,Ligue-1,,,,,,,,
Evian,29,26.9,,38,39,22,4,5,70,0.0,528.0,,,,,,,,,2013-2014,Ligue-1,,,,,,,,
Guingamp,25,27.2,,38,32,25,4,6,67,0.0,553.0,,,,,,,,,2013-2014,Ligue-1,,,,,,,,
Lille,22,26.9,,38,43,30,5,6,58,0.0,537.0,,,,,,,,,2013-2014,Ligue-1,,,,,,,,
Lorient,28,25.6,,38,46,32,6,6,49,0.0,447.0,,,,,,,,,2013-2014,Ligue-1,,,,,,,,
Lyon,28,25.0,,38,56,36,1,2,56,0.0,559.0,,,,,,,,,2013-2014,Ligue-1,,,,,,,,
Marseille,24,26.4,,38,53,33,2,2,60,0.0,531.0,,,,,,,,,2013-2014,Ligue-1,,,,,,,,
Monaco,29,26.4,,38,62,48,4,5,64,0.0,536.0,,,,,,,,,2013-2014,Ligue-1,,,,,,,,
Montpellier,26,26.0,,38,44,23,3,5,64,0.0,485.0,,,,,,,,,2013-2014,Ligue-1,,,,,,,,
Nantes,28,25.7,,38,36,25,0,2,56,0.0,534.0,,,,,,,,,2013-2014,Ligue-1,,,,,,,,
Nice,29,24.6,,38,30,17,2,3,60,0.0,510.0,,,,,,,,,2013-2014,Ligue-1,,,,,,,,
Paris S-G,23,26.6,,38,79,46,9,10,61,0.0,454.0,,,,,,,,,2013-2014,Ligue-1,,,,,,,,
Reims,25,26.5,,38,43,27,3,4,58,0.0,527.0,,,,,,,,,2013-2014,Ligue-1,,,,,,,,
Rennes,32,25.5,,38,47,26,2,4,50,,448.0,,,,,,,,,2013-2014,Ligue-1,,,,,,,,
Saint-Étienne,26,26.9,,38,55,32,4,5,69,,518.0,,,,,,,,,2013-2014,Ligue-1,,,,,,,,
Sochaux,36,25.2,,38,35,24,2,2,73,0.0,570.0,,,,,,,,,2013-2014,Ligue-1,,,,,,,,
Toulouse,28,24.2,,38,44,32,3,6,80,,517.0,,,,,,,,,2013-2014,Ligue-1,,,,,,,,
Valenciennes,26,26.7,,38,35,23,4,7,62,0.0,548.0,,,,,,,,,2013-2014,Ligue-1,,,,,,,,
Arsenal,30,28.3,,38,71,49,3,5,71,5.0,517.0,,,,,,,,,1999-2000,Premier-League,,,,,,,,
Aston Villa,25,26.6,,38,48,41,3,5,65,1.0,538.0,,,,,,,,,1999-2000,Premier-League,,,,,,,,
Bradford City,25,29.8,,38,37,21,5,5,55,1.0,519.0,,,,,,,,,1999-2000,Premier-League,,,,,,,,
Chelsea,27,28.9,,38,48,45,1,1,64,4.0,622.0,,,,,,,,,1999-2000,Premier-League,,,,,,,,
Coventry City,30,27.1,,38,46,32,5,5,54,1.0,467.0,,,,,,,,,1999-2000,Premier-League,,,,,,,,
Derby County,31,26.2,,38,42,28,2,4,90,4.0,550.0,,,,,,,,,1999-2000,Premier-League,,,,,,,,
Everton,28,27.4,,38,58,48,6,7,60,5.0,614.0,,,,,,,,,1999-2000,Premier-League,,,,,,,,
Leeds United,20,24.1,,38,57,36,4,6,79,3.0,613.0,,,,,,,,,1999-2000,Premier-League,,,,,,,,
Leicester City,26,27.8,,38,53,34,3,3,45,3.0,398.0,,,,,,,,,1999-2000,Premier-League,,,,,,,,
Liverpool,23,24.3,,38,50,30,3,5,62,4.0,511.0,,,,,,,,,1999-2000,Premier-League,,,,,,,,
Manchester Utd,29,26.8,,38,94,69,3,5,46,4.0,409.0,,,,,,,,,1999-2000,Premier-League,,,,,,,,
Middlesbrough,28,28.5,,38,44,26,6,9,82,3.0,583.0,,,,,,,,,1999-2000,Premier-League,,,,,,,,
Newcastle Utd,32,26.8,,38,60,43,6,6,48,1.0,539.0,,,,,,,,,1999-2000,Premier-League,,,,,,,,
Sheffield Weds,25,28.4,,38,34,24,3,4,43,1.0,439.0,,,,,,,,,1999-2000,Premier-League,,,,,,,,
Southampton,29,27.4,,38,42,32,1,1,72,5.0,522.0,,,,,,,,,1999-2000,Premier-League,,,,,,,,
Sunderland,27,26.9,,38,57,39,6,8,79,3.0,606.0,,,,,,,,,1999-2000,Premier-League,,,,,,,,
Tottenham,28,26.7,,38,55,40,1,1,86,1.0,533.0,,,,,,,,,1999-2000,Premier-League,,,,,,,,
Watford,31,26.2,,38,35,28,2,2,68,2.0,557.0,,,,,,,,,1999-2000,Premier-League,,,,,,,,
West Ham,28,26.7,,38,51,42,2,2,73,6.0,558.0,,,,,,,,,1999-2000,Premier-League,,,,,,,,
Wimbledon,26,26.7,,38,44,33,1,1,46,4.0,508.0,,,,,,,,,1999-2000,Premier-League,,,,,,,,
Arminia,27,28.5,,34,34,17,1,3,57,1.0,446.0,,,,,,,,,2007-2008,Bundesliga,,,,,,,,
Bayern Munich,23,27.3,,34,68,45,2,4,50,3.0,460.0,,,,,,,,,2007-2008,Bundesliga,,,,,,,,
Bochum,25,27.6,,34,46,25,2,2,68,1.0,613.0,,,,,,,,,2007-2008,Bundesliga,,,,,,,,
Dortmund,32,27.1,,34,48,25,1,2,69,5.0,572.0,,,,,,,,,2007-2008,Bundesliga,,,,,,,,
Eint Frankfurt,28,26.4,,34,42,24,2,2,57,0.0,523.0,,,,,,,,,2007-2008,Bundesliga,,,,,,,,
Energie Cottbus,26,28.7,,34,35,18,3,3,72,1.0,575.0,,,,,,,,,2007-2008,Bundesliga,,,,,,,,
Hamburger SV,26,26.1,,34,47,29,3,4,55,3.0,575.0,,,,,,,,,2007-2008,Bundesliga,,,,,,,,
Hannover 96,26,27.8,,34,53,23,5,6,72,5.0,574.0,,,,,,,,,2007-2008,Bundesliga,,,,,,,,
Hansa Rostock,27,25.7,,34,29,15,1,1,62,0.0,509.0,,,,,,,,,2007-2008,Bundesliga,,,,,,,,
Hertha BSC,28,25.9,,34,38,18,4,5,54,0.0,509.0,,,,,,,,,2007-2008,Bundesliga,,,,,,,,
Karlsruher,22,26.4,,34,37,23,0,1,59,1.0,481.0,,,,,,,,,2007-2008,Bundesliga,,,,,,,,
Leverkusen,25,25.5,,34,53,30,6,6,65,2.0,606.0,,,,,,,,,2007-2008,Bundesliga,,,,,,,,
MSV Duisburg,30,27.2,,34,36,15,2,2,90,5.0,627.0,,,,,,,,,2007-2008,Bundesliga,,,,,,,,
Nürnberg,27,27.5,,34,35,18,3,4,66,3.0,511.0,,,,,,,,,2007-2008,Bundesliga,,,,,,,,
Schalke 04,25,25.8,,34,52,30,2,2,57,2.0,507.0,,,,,,,,,2007-2008,Bundesliga,,,,,,,,
Stuttgart,28,25.5,,34,56,29,3,3,66,6.0,473.0,,,,,,,,,2007-2008,Bundesliga,,,,,,,,
Werder Bremen,29,25.3,,34,75,39,4,6,71,7.0,583.0,,,,,,,,,2007-2008,Bundesliga,,,,,,,,
Wolfsburg,29,25.6,,34,56,31,2,3,65,3.0,622.0,,,,,,,,,2007-2008,Bundesliga,,,,,,,,
Amiens,27,27.4,45.6,28,30,20,3,5,59,4.0,403.0,320.0,37.0,463.0,300.0,238.0,5.0,1.0,1.0,2019-2020,Ligue-1,27.4,23.4,16.9,384.0,1013.0,1543.0,470.0,551.0
Angers,26,28.0,45.3,28,27,21,1,1,43,2.0,336.0,315.0,28.0,550.0,267.0,279.0,1.0,3.0,0.0,2019-2020,Ligue-1,29.3,28.5,23.0,542.0,1088.0,1511.0,449.0,455.0
Bordeaux,26,26.9,53.6,28,40,29,2,2,55,0.0,379.0,361.0,40.0,425.0,302.0,284.0,1.0,3.0,1.0,2019-2020,Ligue-1,30.4,28.8,21.6,441.0,995.0,1562.0,487.0,445.0
Brest,24,26.1,49.8,28,32,27,1,5,45,2.0,329.0,286.0,35.0,520.0,352.0,282.0,4.0,6.0,0.0,2019-2020,Ligue-1,30.7,26.8,22.1,415.0,1138.0,1464.0,405.0,477.0
Dijon,28,26.9,46.5,28,26,17,1,1,43,2.0,351.0,334.0,32.0,451.0,332.0,304.0,0.0,1.0,2.0,2019-2020,Ligue-1,30.5,29.9,22.9,513.0,909.0,1497.0,542.0,499.0
Lille,25,24.3,52.9,28,35,25,5,8,51,3.0,385.0,343.0,60.0,528.0,278.0,237.0,7.0,6.0,3.0,2019-2020,Ligue-1,40.3,34.0,24.5,544.0,1077.0,1536.0,478.0,479.0
Lyon,27,24.8,56.2,28,42,29,5,6,50,4.0,342.0,312.0,26.0,495.0,311.0,304.0,4.0,3.0,3.0,2019-2020,Ligue-1,37.6,33.0,25.2,563.0,1208.0,1495.0,455.0,372.0
Marseille,23,27.1,53.5,28,38,28,4,6,68,3.0,376.0,318.0,23.0,499.0,312.0,325.0,4.0,5.0,2.0,2019-2020,Ligue-1,36.2,31.6,25.8,639.0,1107.0,1471.0,472.0,448.0
Metz,24,25.9,45.3,28,27,20,2,4,45,4.0,335.0,344.0,31.0,447.0,312.0,337.0,2.0,4.0,0.0,2019-2020,Ligue-1,27.1,24.0,18.0,578.0,845.0,1504.0,462.0,547.0
Monaco,28,26.0,50.9,28,44,29,4,4,61,10.0,336.0,345.0,44.0,510.0,281.0,307.0,3.0,6.0,1.0,2019-2020,Ligue-1,48.9,45.7,33.1,646.0,1302.0,1479.0,405.0,372.0
Montpellier,27,28.5,47.6,28,33,19,2,5,57,5.0,421.0,386.0,42.0,614.0,308.0,286.0,4.0,5.0,2.0,2019-2020,Ligue-1,35.3,31.3,23.2,425.0,1104.0,1596.0,606.0,518.0
Nantes,29,25.4,48.0,28,23,16,2,2,52,2.0,376.0,340.0,44.0,464.0,305.0,347.0,0.0,6.0,1.0,2019-2020,Ligue-1,30.2,28.7,23.6,548.0,1034.0,1638.0,464.0,518.0
Nice,31,23.9,54.6,28,41,30,5,5,58,7.0,295.0,362.0,22.0,395.0,343.0,279.0,4.0,7.0,2.0,2019-2020,Ligue-1,35.7,31.9,24.9,499.0,1260.0,1441.0,279.0,299.0
Nîmes,28,25.4,45.0,28,29,20,2,2,44,6.0,360.0,401.0,39.0,544.0,329.0,302.0,2.0,4.0,1.0,2019-2020,Ligue-1,30.3,28.7,22.2,421.0,959.0,1431.0,575.0,596.0
Paris S-G,31,27.2,65.2,27,71,51,6,8,51,1.0,333.0,291.0,57.0,520.0,255.0,295.0,5.0,0.0,1.0,2019-2020,Ligue-1,74.2,67.9,54.4,711.0,1681.0,1511.0,234.0,226.0
Reims,26,25.3,48.9,28,26,16,5,5,57,5.0,384.0,385.0,45.0,539.0,325.0,324.0,4.0,6.0,0.0,2019-2020,Ligue-1,30.6,26.7,22.1,597.0,1042.0,1478.0,427.0,503.0
Rennes,26,25.5,49.6,28,37,26,3,5,51,1.0,387.0,404.0,40.0,478.0,272.0,296.0,5.0,5.0,1.0,2019-2020,Ligue-1,37.1,33.4,25.6,557.0,936.0,1462.0,495.0,465.0
Saint-Étienne,31,27.0,48.2,28,28,20,5,5,61,3.0,371.0,324.0,43.0,563.0,376.0,318.0,3.0,6.0,0.0,2019-2020,Ligue-1,31.4,27.6,20.2,515.0,979.0,1542.0,532.0,526.0
Strasbourg,25,25.8,49.6,27,32,21,3,4,47,1.0,367.0,311.0,33.0,579.0,301.0,293.0,4.0,7.0,0.0,2019-2020,Ligue-1,34.2,31.1,22.9,492.0,982.0,1442.0,512.0,399.0
Toulouse,30,25.1,44.2,28,21,14,4,6,49,5.0,396.0,295.0,30.0,534.0,320.0,346.0,4.0,5.0,1.0,2019-2020,Ligue-1,31.7,27.2,19.6,556.0,949.0,1517.0,468.0,522.0
Bari,34,26.9,,38,27,18,5,8,79,7.0,544.0,,,,,,,,,2010-2011,Serie-A,,,,,,,,
Bologna,25,26.5,,38,35,20,1,4,87,4.0,602.0,,,,,,,,,2010-2011,Serie-A,,,,,,,,
Brescia,32,28.3,,38,34,18,5,6,104,5.0,619.0,,,,,,,,,2010-2011,Serie-A,,,,,,,,
Cagliari,22,26.2,,38,41,28,1,2,75,0.0,613.0,,,,,,,,,2010-2011,Serie-A,,,,,,,,
Catania,29,26.8,,38,38,21,3,3,73,7.0,615.0,,,,,,,,,2010-2011,Serie-A,,,,,,,,
Cesena,29,28.6,,38,37,23,4,5,86,7.0,575.0,,,,,,,,,2010-2011,Serie-A,,,,,,,,
Chievo,26,28.2,,38,37,21,1,2,97,4.0,662.0,,,,,,,,,2010-2011,Serie-A,,,,,,,,
Fiorentina,30,27.5,,38,47,32,3,4,73,5.0,564.0,,,,,,,,,2010-2011,Serie-A,,,,,,,,
Genoa,32,27.8,,38,42,29,2,2,69,5.0,584.0,,,,,,,,,2010-2011,Serie-A,,,,,,,,
Inter,30,29.5,,38,68,48,5,6,56,3.0,432.0,,,,,,,,,2010-2011,Serie-A,,,,,,,,
Juventus,32,27.4,,38,56,35,4,4,74,5.0,588.0,,,,,,,,,2010-2011,Serie-A,,,,,,,,
Lazio,25,28.0,,38,52,40,4,5,73,7.0,530.0,,,,,,,,,2010-2011,Serie-A,,,,,,,,
Lecce,26,27.4,,38,45,31,2,5,89,9.0,664.0,,,,,,,,,2010-2011,Serie-A,,,,,,,,
Milan,34,29.2,,38,63,47,5,6,69,5.0,541.0,,,,,,,,,2010-2011,Serie-A,,,,,,,,
Napoli,24,27.7,,38,58,45,7,10,101,5.0,558.0,,,,,,,,,2010-2011,Serie-A,,,,,,,,
Palermo,27,24.9,,38,58,31,2,4,82,3.0,505.0,,,,,,,,,2010-2011,Serie-A,,,,,,,,
Parma,31,28.1,,38,39,17,3,3,93,7.0,624.0,,,,,,,,,2010-2011,Serie-A,,,,,,,,
Roma,29,29.7,,38,57,33,11,13,84,9.0,518.0,,,,,,,,,2010-2011,Serie-A,,,,,,,,
Sampdoria,30,26.0,,38,32,13,7,8,84,5.0,529.0,,,,,,,,,2010-2011,Serie-A,,,,,,,,
Udinese,24,25.6,,38,65,41,5,7,77,7.0,567.0,,,,,,,,,2010-2011,Serie-A,,,,,,,,
Arsenal,25,25.0,58.2,38,86,62,10,10,64,2.0,391.0,394.0,87.0,670.0,292.0,348.0,9.0,3.0,1.0,2023-2024,Premier-League,76.1,68.5,55.3,821.0,2106.0,1752.0,503.0,499.0
Aston Villa,31,26.9,53.1,38,72,55,4,4,94,2.0,412.0,473.0,47.0,651.0,236.0,311.0,4.0,2.0,4.0,2023-2024,Premier-League,63.3,60.3,48.6,775.0,1451.0,1619.0,334.0,363.0
Bournemouth,30,25.7,44.4,38,52,39,2,3,79,3.0,507.0,376.0,56.0,709.0,357.0,410.0,3.0,7.0,1.0,2023-2024,Premier-League,55.9,53.6,40.5,709.0,1314.0,2013.0,582.0,671.0
Brentford,28,26.6,45.2,38,54,38,3,3,89,2.0,385.0,419.0,70.0,706.0,378.0,399.0,3.0,2.0,0.0,2023-2024,Premier-League,58.2,56.0,42.7,505.0,1283.0,1892.0,632.0,607.0
Brighton,30,25.9,59.8,38,50,36,5,6,90,3.0,414.0,454.0,84.0,671.0,288.0,366.0,6.0,6.0,2.0,2023-2024,Premier-League,56.8,52.2,41.6,864.0,1780.0,1751.0,406.0,345.0
Burnley,31,24.5,47.4,38,40,30,3,3,77,7.0,429.0,353.0,76.0,550.0,280.0,342.0,3.0,7.0,3.0,2023-2024,Premier-League,40.6,38.3,29.7,727.0,1181.0,1727.0,561.0,696.0
Chelsea,32,24.2,58.6,38,76,51,11,12,109,4.0,446.0,451.0,85.0,558.0,298.0,376.0,11.0,5.0,3.0,2023-2024,Premier-League,74.5,65.1,51.4,873.0,1615.0,1846.0,440.0,402.0
Crystal Palace,26,26.8,42.3,38,56,43,4,4,73,2.0,457.0,427.0,72.0,583.0,323.0,464.0,4.0,3.0,2.0,2023-2024,Premier-League,48.6,45.4,38.7,506.0,1176.0,1909.0,553.0,555.0
Everton,26,27.1,40.8,38,40,17,2,3,82,1.0,457.0,361.0,89.0,752.0,358.0,442.0,2.0,8.0,3.0,2023-2024,Premier-League,54.0,51.6,38.1,495.0,1129.0,1970.0,676.0,577.0
Fulham,25,28.4,50.6,38,54,40,2,2,84,4.0,384.0,364.0,51.0,736.0,371.0,384.0,2.0,8.0,4.0,2023-2024,Premier-League,50.8,49.2,37.6,670.0,1467.0,1837.0,487.0,509.0
Liverpool,30,26.3,61.3,38,80,60,6,9,69,5.0,463.0,376.0,100.0,817.0,292.0,418.0,8.0,1.0,2.0,2023-2024,Premier-League,87.8,80.4,63.7,924.0,2110.0,2034.0,583.0,441.0
Luton Town,28,26.7,42.4,38,49,33,5,5,71,0.0,443.0,448.0,67.0,841.0,325.0,368.0,2.0,4.0,4.0,2023-2024,Premier-League,42.4,38.6,29.5,675.0,1113.0,1868.0,635.0,631.0
Manchester City,25,26.6,65.2,38,94,69,9,10,53,2.0,289.0,410.0,42.0,700.0,233.0,305.0,8.0,3.0,1.0,2023-2024,Premier-League,80.5,72.9,60.2,1127.0,2060.0,1734.0,325.0,288.0
Manchester Utd,31,26.1,50.6,38,57,36,6,7,83,1.0,401.0,340.0,91.0,594.0,313.0,409.0,6.0,7.0,1.0,2023-2024,Premier-League,56.5,51.0,40.1,758.0,1479.0,1851.0,436.0,450.0
Newcastle Utd,32,27.2,52.2,38,83,55,8,9,79,1.0,386.0,469.0,59.0,648.0,285.0,391.0,9.0,5.0,1.0,2023-2024,Premier-League,76.0,69.0,51.3,737.0,1557.0,1836.0,453.0,418.0
Nott'ham Forest,33,25.7,40.6,38,49,43,1,1,82,3.0,428.0,371.0,77.0,595.0,331.0,430.0,1.0,4.0,2.0,2023-2024,Premier-League,49.9,49.1,37.9,601.0,1141.0,1807.0,584.0,557.0
Sheffield Utd,35,25.7,35.8,38,31,18,5,5,101,5.0,423.0,318.0,64.0,428.0,348.0,405.0,3.0,7.0,7.0,2023-2024,Premier-League,38.3,34.5,25.8,346.0,884.0,1637.0,586.0,694.0
Tottenham,29,25.2,61.6,38,69,58,2,2,92,4.0,425.0,510.0,83.0,710.0,355.0,451.0,2.0,7.0,3.0,2023-2024,Premier-League,68.2,66.7,57.4,957.0,2107.0,1907.0,359.0,388.0
West Ham,26,28.3,41.1,38,58,40,4,5,82,3.0,390.0,392.0,71.0,661.0,361.0,426.0,4.0,10.0,4.0,2023-2024,Premier-League,52.3,48.4,34.8,556.0,1207.0,1817.0,576.0,570.0
Wolves,27,26.6,48.9,38,47,36,4,4,102,4.0,476.0,405.0,78.0,578.0,284.0,430.0,4.0,8.0,1.0,2023-2024,Premier-League,46.7,43.6,31.8,671.0,1180.0,1885.0,441.0,491.0
Augsburg,28,26.2,38.6,34,45,29,3,5,68,2.0,378.0,384.0,81.0,479.0,434.0,314.0,4.0,1.0,3.0,2019-2020,Bundesliga,43.1,39.1,29.7,411.0,815.0,1765.0,545.0,612.0
Bayern Munich,29,26.7,65.1,34,97,75,6,6,54,3.0,322.0,355.0,78.0,850.0,342.0,293.0,6.0,4.0,1.0,2019-2020,Bundesliga,89.5,84.8,73.1,930.0,2300.0,2048.0,478.0,403.0
Dortmund,27,25.8,60.4,34,84,74,2,2,49,1.0,305.0,327.0,56.0,510.0,375.0,329.0,1.0,3.0,3.0,2019-2020,Bundesliga,61.0,59.5,50.6,792.0,1736.0,1914.0,361.0,358.0
Düsseldorf,28,27.1,45.6,34,36,26,4,4,78,0.0,407.0,430.0,56.0,705.0,376.0,307.0,3.0,5.0,4.0,2019-2020,Bundesliga,35.9,32.7,24.2,487.0,1268.0,1737.0,583.0,649.0
Eint Frankfurt,27,27.0,50.9,34,57,45,2,2,71,4.0,425.0,368.0,57.0,892.0,376.0,377.0,1.0,3.0,2.0,2019-2020,Bundesliga,59.5,58.0,44.8,677.0,1389.0,2047.0,699.0,665.0
Freiburg,26,26.4,48.1,34,46,27,5,6,43,2.0,329.0,437.0,56.0,649.0,354.0,252.0,5.0,4.0,0.0,2019-2020,Bundesliga,46.7,42.0,33.0,537.0,1128.0,1629.0,636.0,673.0
Gladbach,25,26.3,52.4,34,64,53,4,6,77,3.0,424.0,446.0,91.0,570.0,381.0,322.0,5.0,2.0,0.0,2019-2020,Bundesliga,72.0,67.2,53.6,650.0,1305.0,1880.0,546.0,554.0
Hertha BSC,32,26.2,44.7,34,45,35,3,3,78,4.0,465.0,350.0,57.0,527.0,409.0,341.0,3.0,7.0,2.0,2019-2020,Bundesliga,43.1,40.7,32.7,546.0,1073.0,1725.0,611.0,530.0
Hoffenheim,31,26.0,51.6,34,52,36,3,4,66,2.0,383.0,416.0,61.0,579.0,349.0,309.0,3.0,8.0,2.0,2019-2020,Bundesliga,56.1,53.0,40.2,598.0,1261.0,1666.0,564.0,541.0
Köln,29,25.6,46.7,34,50,38,2,4,79,4.0,487.0,436.0,75.0,708.0,435.0,413.0,3.0,6.0,2.0,2019-2020,Bundesliga,48.9,46.3,35.6,494.0,1158.0,1948.0,715.0,668.0
Leverkusen,24,26.1,63.2,34,57,48,2,2,61,6.0,394.0,369.0,92.0,713.0,333.0,353.0,2.0,2.0,0.0,2019-2020,Bundesliga,59.1,57.5,48.6,761.0,1471.0,2035.0,518.0,490.0
Mainz 05,25,24.6,43.2,34,42,34,3,3,75,3.0,462.0,401.0,70.0,615.0,363.0,331.0,3.0,5.0,1.0,2019-2020,Bundesliga,48.2,45.8,37.4,524.0,1146.0,1785.0,609.0,669.0
Paderborn 07,27,25.7,45.9,34,37,26,2,4,84,3.0,426.0,358.0,62.0,572.0,364.0,400.0,2.0,5.0,2.0,2019-2020,Bundesliga,39.2,36.1,26.8,682.0,1009.0,1797.0,462.0,564.0
RB Leipzig,29,24.2,55.3,34,81,58,5,5,53,3.0,373.0,370.0,78.0,628.0,364.0,361.0,3.0,2.0,0.0,2019-2020,Bundesliga,71.3,67.6,54.4,759.0,1700.0,2031.0,518.0,484.0
Schalke 04,29,24.6,49.0,34,35,25,2,2,64,2.0,400.0,380.0,81.0,472.0,407.0,361.0,1.0,6.0,2.0,2019-2020,Bundesliga,37.8,36.2,25.5,603.0,1201.0,1927.0,627.0,632.0
Union Berlin,26,27.7,41.9,34,38,27,4,5,71,5.0,523.0,374.0,64.0,628.0,421.0,322.0,3.0,4.0,1.0,2019-2020,Bundesliga,41.4,37.6,28.0,387.0,944.0,1848.0,908.0,835.0
Werder Bremen,30,26.7,48.8,34,40,30,3,6,80,4.0,461.0,450.0,53.0,601.0,423.0,345.0,4.0,1.0,3.0,2019-2020,Bundesliga,39.4,34.7,25.8,509.0,1309.0,1723.0,568.0,666.0
Wolfsburg,26,26.0,48.4,34,48,33,4,4,71,4.0,490.0,399.0,72.0,651.0,377.0,363.0,3.0,5.0,0.0,2019-2020,Bundesliga,52.8,49.7,37.9,620.0,1247.0,1999.0,644.0,599.0
1860 Munich,27,27.6,,34,43,33,0,0,76,4.0,,,,,,,,,,2002-2003,Bundesliga,,,,,,,,
Arminia,23,27.6,,34,33,27,3,3,56,5.0,,,,,,,,,,2002-2003,Bundesliga,,,,,,,,
Bayern Munich,26,28.1,,34,70,60,1,1,50,0.0,,,,,,,,,,2002-2003,Bundesliga,,,,,,,,
Bochum,26,27.8,,34,55,38,1,2,62,0.0,,,,,,,,,,2002-2003,Bundesliga,,,,,,,,
Dortmund,25,26.6,,34,51,41,4,5,72,5.0,,,,,,,,,,2002-2003,Bundesliga,,,,,,,,
Energie Cottbus,30,27.5,,34,33,20,1,1,91,5.0,,,,,,,,,,2002-2003,Bundesliga,,,,,,,,
Gladbach,30,26.9,,34,42,31,2,2,59,4.0,,,,,,,,,,2002-2003,Bundesliga,,,,,,,,
Hamburger SV,26,27.6,,34,45,36,1,3,82,6.0,,,,,,,,,,2002-2003,Bundesliga,,,,,,,,
Hannover 96,29,27.7,,34,46,33,1,3,78,3.0,,,,,,,,,,2002-2003,Bundesliga,,,,,,,,
Hansa Rostock,22,27.7,,34,35,26,1,1,59,5.0,,,,,,,,,,2002-2003,Bundesliga,,,,,,,,
Hertha BSC,27,27.2,,34,49,43,4,4,67,1.0,,,,,,,,,,2002-2003,Bundesliga,,,,,,,,
Kaiserslautern,27,27.5,,34,39,30,5,6,76,1.0,,,,,,,,,,2002-2003,Bundesliga,,,,,,,,
Leverkusen,28,25.6,,34,45,33,2,4,80,6.0,,,,,,,,,,2002-2003,Bundesliga,,,,,,,,
Nürnberg,27,26.6,,34,33,21,6,9,74,3.0,,,,,,,,,,2002-2003,Bundesliga,,,,,,,,
Schalke 04,24,27.9,,34,45,33,5,7,85,9.0,,,,,,,,,,2002-2003,Bundesliga,,,,,,,,
Stuttgart,25,26.5,,34,51,42,4,6,67,2.0,,,,,,,,,,2002-2003,Bundesliga,,,,,,,,
Werder Bremen,23,26.3,,34,45,38,4,6,77,8.0,,,,,,,,,,2002-2003,Bundesliga,,,,,,,,
Wolfsburg,26,28.3,,34,39,26,3,3,96,4.0,,,,,,,,,,2002-2003,Bundesliga,,,,,,,,
Almería,26,25.7,,38,36,27,0,1,104,4.0,571.0,,,,,,,,,2010-2011,La-Liga,,,,,,,,
Athletic Club,29,25.4,,38,57,34,7,11,110,7.0,618.0,,,,,,,,,2010-2011,La-Liga,,,,,,,,
Atlético Madrid,24,26.0,,38,61,44,2,5,106,5.0,599.0,,,,,,,,,2010-2011,La-Liga,,,,,,,,
Barcelona,28,26.5,,38,94,73,5,5,72,2.0,395.0,,,,,,,,,2010-2011,La-Liga,,,,,,,,
Espanyol,31,24.9,,38,44,28,6,6,113,5.0,547.0,,,,,,,,,2010-2011,La-Liga,,,,,,,,
Getafe,23,26.2,,38,47,30,5,5,117,7.0,528.0,,,,,,,,,2010-2011,La-Liga,,,,,,,,
Hércules,26,28.6,,38,36,17,3,4,101,8.0,518.0,,,,,,,,,2010-2011,La-Liga,,,,,,,,
La Coruña,30,27.2,,38,30,21,5,5,95,5.0,512.0,,,,,,,,,2010-2011,La-Liga,,,,,,,,
Levante,28,28.8,,38,41,29,2,2,127,3.0,562.0,,,,,,,,,2010-2011,La-Liga,,,,,,,,
Málaga,34,26.3,,38,53,36,3,6,107,7.0,552.0,,,,,,,,,2010-2011,La-Liga,,,,,,,,
Mallorca,24,26.5,,38,41,31,4,7,88,4.0,529.0,,,,,,,,,2010-2011,La-Liga,,,,,,,,
Osasuna,26,29.5,,38,44,27,5,5,116,7.0,636.0,,,,,,,,,2010-2011,La-Liga,,,,,,,,
Racing Sant,29,27.5,,38,38,21,1,6,92,7.0,606.0,,,,,,,,,2010-2011,La-Liga,,,,,,,,
Real Madrid,32,25.5,,38,100,67,11,12,102,8.0,536.0,,,,,,,,,2010-2011,La-Liga,,,,,,,,
Real Sociedad,23,26.2,,38,45,32,4,4,80,0.0,535.0,,,,,,,,,2010-2011,La-Liga,,,,,,,,
Sevilla,32,26.5,,38,62,41,10,12,108,7.0,543.0,,,,,,,,,2010-2011,La-Liga,,,,,,,,
Sporting Gijón,31,26.7,,38,33,21,7,7,115,6.0,597.0,,,,,,,,,2010-2011,La-Liga,,,,,,,,
Valencia,27,27.0,,38,63,47,2,2,121,8.0,604.0,,,,,,,,,2010-2011,La-Liga,,,,,,,,
Villarreal,28,26.4,,38,54,39,4,4,94,5.0,459.0,,,,,,,,,2010-2011,La-Liga,,,,,,,,
Zaragoza,24,27.5,,38,40,22,6,6,128,9.0,688.0,,,,,,,,,2010-2011,La-Liga,,,,,,,,
Bastia,31,27.2,48.9,38,35,20,5,5,80,0.0,560.0,,,,,,,,,2014-2015,Ligue-1,,,,,,,,
Bordeaux,30,26.2,52.8,38,46,34,8,8,66,0.0,502.0,,,,,,,,,2014-2015,Ligue-1,,,,,,,,
Caen,23,27.2,45.2,38,51,34,6,6,45,0.0,468.0,,,,,,,,,2014-2015,Ligue-1,,,,,,,,
Evian,29,26.8,45.8,38,37,25,1,2,70,0.0,531.0,,,,,,,,,2014-2015,Ligue-1,,,,,,,,
Guingamp,28,28.3,44.2,38,40,26,7,7,62,0.0,476.0,,,,,,,,,2014-2015,Ligue-1,,,,,,,,
Lens,27,26.0,47.3,38,32,19,5,8,76,,555.0,,,,,,,,,2014-2015,Ligue-1,,,,,,,,
Lille,27,26.4,51.3,38,42,28,5,8,63,0.0,463.0,,,,,,,,,2014-2015,Ligue-1,,,,,,,,
Lorient,32,24.8,49.6,38,41,27,5,5,56,0.0,458.0,,,,,,,,,2014-2015,Ligue-1,,,,,,,,
Lyon,26,24.6,56.9,38,69,47,9,12,64,0.0,576.0,,,,,,,,,2014-2015,Ligue-1,,,,,,,,
Marseille,25,25.6,57.7,38,72,45,2,4,69,0.0,548.0,,,,,,,,,2014-2015,Ligue-1,,,,,,,,
Metz,31,26.3,44.9,38,31,17,8,10,76,,595.0,,,,,,,,,2014-2015,Ligue-1,,,,,,,,
Monaco,27,25.5,51.7,38,50,35,5,7,63,0.0,506.0,,,,,,,,,2014-2015,Ligue-1,,,,,,,,
Montpellier,26,27.3,47.3,38,45,32,3,6,51,0.0,512.0,,,,,,,,,2014-2015,Ligue-1,,,,,,,,
Nantes,27,26.3,47.1,38,26,17,4,6,73,0.0,568.0,,,,,,,,,2014-2015,Ligue-1,,,,,,,,
Nice,30,24.0,50.4,38,44,29,4,4,89,0.0,554.0,,,,,,,,,2014-2015,Ligue-1,,,,,,,,
Paris S-G,23,26.8,60.4,38,80,55,13,14,66,0.0,443.0,,,,,,,,,2014-2015,Ligue-1,,,,,,,,
Reims,30,27.0,48.9,38,45,31,3,3,79,0.0,544.0,,,,,,,,,2014-2015,Ligue-1,,,,,,,,
Rennes,22,26.0,50.2,38,34,28,1,3,56,,485.0,,,,,,,,,2014-2015,Ligue-1,,,,,,,,
Saint-Étienne,24,27.1,50.3,38,50,33,5,7,70,,556.0,,,,,,,,,2014-2015,Ligue-1,,,,,,,,
Toulouse,27,24.4,49.1,38,42,31,3,3,63,,582.0,,,,,,,,,2014-2015,Ligue-1,,,,,,,,
Arminia,26,26.0,42.3,34,23,16,1,2,52,1.0,390.0,417.0,49.0,471.0,418.0,328.0,2.0,6.0,1.0,2020-2021,Bundesliga,32.9,31.3,23.9,358.0,880.0,1725.0,740.0,711.0
Augsburg,25,27.0,41.4,34,35,23,2,5,71,4.0,395.0,403.0,67.0,500.0,454.0,308.0,3.0,9.0,3.0,2020-2021,Bundesliga,37.3,33.4,25.9,431.0,987.0,1802.0,559.0,688.0
Bayern Munich,29,27.3,60.7,34,98,75,9,10,44,3.0,317.0,374.0,74.0,828.0,399.0,316.0,7.0,3.0,0.0,2020-2021,Bundesliga,75.9,68.1,55.2,829.0,2084.0,2050.0,430.0,409.0
Dortmund,26,25.6,59.6,34,74,57,3,7,44,1.0,359.0,373.0,69.0,532.0,413.0,318.0,6.0,6.0,1.0,2020-2021,Bundesliga,66.2,60.4,51.2,763.0,1745.0,2023.0,432.0,350.0
Eint Frankfurt,25,27.2,53.7,34,63,52,8,8,82,1.0,459.0,366.0,69.0,776.0,428.0,352.0,6.0,6.0,2.0,2020-2021,Bundesliga,58.5,52.2,44.0,664.0,1548.0,2094.0,604.0,552.0
Freiburg,24,26.2,47.3,34,51,34,6,6,62,0.0,437.0,401.0,56.0,636.0,452.0,247.0,5.0,6.0,2.0,2020-2021,Bundesliga,45.5,40.9,29.5,463.0,1170.0,1718.0,588.0,637.0
Gladbach,23,26.9,51.7,34,63,44,10,11,61,2.0,395.0,412.0,82.0,561.0,436.0,307.0,9.0,6.0,0.0,2020-2021,Bundesliga,54.9,46.5,37.1,612.0,1371.0,1914.0,512.0,488.0
Hertha BSC,32,25.4,49.6,34,40,29,4,6,67,3.0,469.0,428.0,77.0,585.0,417.0,270.0,6.0,8.0,1.0,2020-2021,Bundesliga,41.9,37.2,29.1,589.0,1176.0,1743.0,527.0,513.0
Hoffenheim,30,25.7,51.2,34,51,38,5,6,68,4.0,442.0,407.0,49.0,658.0,431.0,296.0,4.0,9.0,2.0,2020-2021,Bundesliga,51.9,47.3,37.4,581.0,1517.0,1896.0,516.0,620.0
Köln,28,24.9,46.3,34,33,23,4,6,63,1.0,422.0,429.0,57.0,655.0,429.0,328.0,4.0,9.0,0.0,2020-2021,Bundesliga,40.5,35.9,25.5,429.0,1131.0,1948.0,607.0,614.0
Leverkusen,30,25.4,59.7,34,52,41,3,3,58,0.0,433.0,335.0,72.0,674.0,322.0,282.0,1.0,2.0,2.0,2020-2021,Bundesliga,46.3,44.0,34.7,724.0,1522.0,2006.0,444.0,487.0
Mainz 05,31,25.8,40.7,34,39,23,5,5,63,1.0,500.0,379.0,57.0,605.0,500.0,364.0,4.0,7.0,1.0,2020-2021,Bundesliga,49.9,46.0,34.9,442.0,1046.0,1923.0,613.0,650.0
RB Leipzig,25,25.0,59.7,34,59,44,8,10,57,0.0,435.0,404.0,81.0,649.0,353.0,305.0,9.0,3.0,0.0,2020-2021,Bundesliga,64.4,56.7,43.7,624.0,1718.0,2060.0,622.0,466.0
Schalke 04,42,25.9,44.7,34,24,20,0,3,74,2.0,415.0,403.0,68.0,425.0,411.0,337.0,3.0,8.0,5.0,2020-2021,Bundesliga,28.7,26.3,20.6,452.0,943.0,1748.0,519.0,564.0
Stuttgart,29,24.1,51.5,34,54,42,6,8,65,2.0,420.0,434.0,55.0,539.0,426.0,294.0,6.0,7.0,1.0,2020-2021,Bundesliga,51.4,45.1,37.1,701.0,1467.0,2053.0,544.0,452.0
Union Berlin,27,27.3,44.9,34,50,39,5,7,57,2.0,434.0,375.0,84.0,640.0,405.0,283.0,6.0,5.0,2.0,2020-2021,Bundesliga,46.9,41.3,33.4,464.0,1059.0,1977.0,585.0,669.0
Werder Bremen,27,26.3,43.9,34,35,25,5,5,67,3.0,396.0,467.0,68.0,548.0,407.0,333.0,3.0,6.0,3.0,2020-2021,Bundesliga,32.9,29.0,21.5,414.0,1065.0,1738.0,609.0,582.0
Wolfsburg,26,25.6,51.1,34,57,48,2,3,58,3.0,442.0,379.0,77.0,643.0,477.0,363.0,1.0,5.0,1.0,2020-2021,Bundesliga,49.0,46.9,37.7,595.0,1397.0,2088.0,567.0,566.0
Arminia,26,25.8,40.7,34,26,18,2,2,55,2.0,433.0,307.0,54.0,487.0,421.0,311.0,2.0,7.0,2.0,2021-2022,Bundesliga,26.3,24.7,17.2,405.0,887.0,1907.0,658.0,734.0
Augsburg,26,26.6,41.5,34,39,26,5,5,74,0.0,448.0,357.0,73.0,592.0,363.0,335.0,4.0,5.0,2.0,2021-2022,Bundesliga,36.7,32.8,23.9,441.0,895.0,1927.0,557.0,604.0
Bayern Munich,30,26.8,64.5,34,92,70,5,5,36,2.0,305.0,354.0,76.0,656.0,349.0,338.0,1.0,2.0,1.0,2021-2022,Bundesliga,89.0,85.1,66.7,833.0,2164.0,2220.0,422.0,394.0
Bochum,28,28.0,44.7,34,37,22,4,6,55,2.0,424.0,391.0,75.0,600.0,429.0,353.0,4.0,8.0,4.0,2021-2022,Bundesliga,40.6,35.9,26.7,467.0,926.0,2088.0,609.0,599.0
Dortmund,33,25.9,59.2,34,81,57,11,11,63,1.0,362.0,398.0,73.0,491.0,347.0,322.0,6.0,6.0,2.0,2021-2022,Bundesliga,64.0,55.9,45.0,670.0,1468.0,2052.0,419.0,363.0
Eint Frankfurt,27,26.2,49.6,34,43,33,1,2,61,1.0,422.0,299.0,53.0,697.0,377.0,330.0,1.0,4.0,1.0,2021-2022,Bundesliga,41.6,40.1,32.0,609.0,1255.0,2251.0,552.0,644.0
Freiburg,26,26.5,49.0,34,55,37,5,6,34,0.0,392.0,375.0,58.0,633.0,355.0,299.0,4.0,2.0,1.0,2021-2022,Bundesliga,50.4,45.7,34.5,401.0,1229.0,1920.0,675.0,638.0
Gladbach,26,26.0,54.0,34,54,38,5,7,67,1.0,359.0,472.0,73.0,440.0,326.0,345.0,6.0,5.0,0.0,2021-2022,Bundesliga,56.2,50.6,37.8,527.0,1291.0,1850.0,464.0,419.0
Greuther Fürth,29,25.9,43.6,34,26,15,5,5,61,0.0,437.0,434.0,69.0,478.0,374.0,336.0,3.0,6.0,5.0,2021-2022,Bundesliga,30.0,26.2,18.8,413.0,976.0,1878.0,468.0,602.0
Hertha BSC,36,26.7,43.7,34,35,23,3,3,62,2.0,421.0,430.0,73.0,505.0,406.0,321.0,3.0,8.0,0.0,2021-2022,Bundesliga,33.3,30.9,25.0,462.0,975.0,1830.0,556.0,575.0
Hoffenheim,32,26.1,53.2,34,55,42,0,0,75,0.0,429.0,348.0,70.0,703.0,285.0,291.0,0.0,4.0,1.0,2021-2022,Bundesliga,58.3,58.3,46.8,588.0,1474.0,1905.0,485.0,574.0
Köln,26,27.0,54.8,34,52,40,1,1,68,1.0,419.0,459.0,67.0,829.0,426.0,361.0,1.0,1.0,2.0,2021-2022,Bundesliga,50.1,49.3,38.6,550.0,1406.0,2137.0,597.0,590.0
Leverkusen,29,24.4,53.7,34,76,58,2,6,66,2.0,364.0,329.0,64.0,537.0,360.0,281.0,5.0,4.0,1.0,2021-2022,Bundesliga,62.6,57.8,46.2,709.0,1341.0,2009.0,442.0,415.0
Mainz 05,28,26.2,46.5,34,49,36,4,4,62,4.0,495.0,386.0,63.0,598.0,439.0,305.0,3.0,6.0,1.0,2021-2022,Bundesliga,50.4,47.2,36.4,444.0,1178.0,2097.0,606.0,580.0
RB Leipzig,29,25.3,56.1,34,72,53,8,9,49,0.0,360.0,426.0,66.0,523.0,349.0,289.0,5.0,3.0,1.0,2021-2022,Bundesliga,64.5,58.4,49.2,542.0,1467.0,1994.0,504.0,420.0
Stuttgart,34,24.0,50.7,34,40,31,1,3,64,2.0,371.0,419.0,53.0,550.0,342.0,307.0,1.0,4.0,1.0,2021-2022,Bundesliga,43.7,41.4,33.1,571.0,1269.0,2021.0,586.0,451.0
Union Berlin,28,28.3,43.7,34,50,33,5,5,62,1.0,423.0,333.0,64.0,663.0,376.0,296.0,2.0,2.0,4.0,2021-2022,Bundesliga,47.0,43.3,31.5,429.0,1123.0,1975.0,584.0,681.0
Wolfsburg,30,26.0,50.5,34,42,25,3,4,61,3.0,411.0,415.0,74.0,619.0,388.0,298.0,3.0,7.0,1.0,2021-2022,Bundesliga,47.7,44.9,33.8,502.0,1220.0,1984.0,621.0,522.0
Angers,29,26.7,46.1,38,39,25,3,4,60,1.0,435.0,386.0,55.0,732.0,570.0,496.0,4.0,2.0,4.0,2016-2017,Ligue-1,,,,,,,,
Bastia,29,26.9,43.4,38,28,18,0,1,85,7.0,445.0,501.0,50.0,580.0,608.0,472.0,1.0,8.0,2.0,2016-2017,Ligue-1,,,,,,,,
Bordeaux,27,25.9,48.3,38,51,35,4,7,67,1.0,441.0,501.0,103.0,690.0,516.0,563.0,6.0,4.0,2.0,2016-2017,Ligue-1,,,,,,,,
Caen,27,28.7,45.8,38,35,28,4,5,61,1.0,439.0,457.0,57.0,963.0,693.0,556.0,6.0,8.0,2.0,2016-2017,Ligue-1,,,,,,,,
Dijon,27,27.7,46.4,38,42,29,3,4,74,3.0,493.0,472.0,80.0,698.0,628.0,600.0,3.0,11.0,1.0,2016-2017,Ligue-1,,,,,,,,
Guingamp,25,27.6,47.5,38,46,33,4,4,63,3.0,501.0,506.0,101.0,735.0,576.0,480.0,4.0,11.0,1.0,2016-2017,Ligue-1,,,,,,,,
Lille,31,26.9,51.1,38,40,26,6,7,64,3.0,540.0,533.0,57.0,685.0,583.0,465.0,8.0,6.0,1.0,2016-2017,Ligue-1,,,,,,,,
Lorient,30,26.8,50.5,38,43,30,4,6,68,0.0,439.0,383.0,73.0,770.0,595.0,431.0,4.0,6.0,2.0,2016-2017,Ligue-1,,,,,,,,
Lyon,27,25.0,59.1,38,74,44,12,14,65,2.0,503.0,523.0,103.0,655.0,498.0,531.0,11.0,6.0,1.0,2016-2017,Ligue-1,,,,,,,,
Marseille,27,27.4,55.9,38,56,37,4,4,71,1.0,520.0,386.0,105.0,693.0,596.0,538.0,4.0,2.0,1.0,2016-2017,Ligue-1,,,,,,,,
Metz,31,26.5,42.4,38,37,22,8,9,75,,515.0,436.0,91.0,698.0,697.0,502.0,9.0,7.0,1.0,2016-2017,Ligue-1,,,,,,,,
Monaco,29,25.0,51.9,38,103,62,11,11,53,1.0,465.0,449.0,84.0,949.0,534.0,525.0,11.0,5.0,0.0,2016-2017,Ligue-1,,,,,,,,
Montpellier,32,26.8,49.4,38,48,30,3,3,48,2.0,401.0,455.0,66.0,821.0,595.0,467.0,1.0,8.0,2.0,2016-2017,Ligue-1,,,,,,,,
Nancy,27,27.2,43.1,38,29,22,1,3,78,1.0,499.0,459.0,127.0,685.0,659.0,525.0,1.0,9.0,2.0,2016-2017,Ligue-1,,,,,,,,
Nantes,27,24.8,48.4,38,40,31,2,4,78,1.0,543.0,395.0,108.0,814.0,524.0,642.0,4.0,9.0,1.0,2016-2017,Ligue-1,,,,,,,,
Nice,27,24.3,58.9,38,63,45,6,8,60,1.0,424.0,572.0,75.0,411.0,434.0,472.0,8.0,5.0,1.0,2016-2017,Ligue-1,,,,,,,,
Paris S-G,28,26.4,65.3,38,79,54,9,10,54,1.0,404.0,409.0,129.0,909.0,521.0,478.0,10.0,3.0,1.0,2016-2017,Ligue-1,,,,,,,,
Rennes,31,26.3,52.0,38,35,25,2,3,59,,460.0,418.0,80.0,672.0,499.0,523.0,3.0,4.0,1.0,2016-2017,Ligue-1,,,,,,,,
Saint-Étienne,34,26.1,49.8,38,40,26,5,6,58,,484.0,449.0,95.0,761.0,641.0,502.0,6.0,4.0,0.0,2016-2017,Ligue-1,,,,,,,,
Toulouse,30,23.3,45.4,38,37,22,6,9,90,,558.0,470.0,47.0,639.0,554.0,536.0,9.0,9.0,0.0,2016-2017,Ligue-1,,,,,,,,
Athletic Club,25,27.7,49.9,38,57,42,3,5,86,6.0,501.0,477.0,91.0,844.0,780.0,628.0,4.0,7.0,2.0,2015-2016,La-Liga,,,,,,,,
Atlético Madrid,25,25.9,48.5,38,62,47,1,2,94,3.0,507.0,439.0,84.0,761.0,767.0,717.0,2.0,1.0,0.0,2015-2016,La-Liga,,,,,,,,
Barcelona,25,28.0,67.1,38,109,74,11,19,67,1.0,384.0,557.0,121.0,532.0,569.0,522.0,15.0,1.0,2.0,2015-2016,La-Liga,,,,,,,,
Betis,29,27.4,46.7,38,34,25,3,4,114,5.0,493.0,555.0,79.0,669.0,771.0,613.0,2.0,1.0,1.0,2015-2016,La-Liga,,,,,,,,
Celta Vigo,27,26.1,56.4,38,50,41,4,5,115,8.0,532.0,529.0,104.0,515.0,836.0,610.0,5.0,5.0,2.0,2015-2016,La-Liga,,,,,,,,
Eibar,28,25.6,45.2,38,47,31,6,8,108,4.0,597.0,408.0,87.0,827.0,803.0,635.0,7.0,4.0,2.0,2015-2016,La-Liga,,,,,,,,
Espanyol,26,24.9,46.2,38,38,29,1,3,132,5.0,654.0,491.0,98.0,636.0,709.0,622.0,2.0,6.0,2.0,2015-2016,La-Liga,,,,,,,,
Getafe,27,26.7,46.1,38,36,31,1,2,129,6.0,531.0,443.0,72.0,742.0,718.0,573.0,2.0,10.0,1.0,2015-2016,La-Liga,,,,,,,,
Granada,28,25.9,44.6,38,45,26,7,7,141,7.0,586.0,504.0,91.0,626.0,721.0,604.0,5.0,5.0,2.0,2015-2016,La-Liga,,,,,,,,
La Coruña,25,28.2,47.1,38,41,31,1,1,86,4.0,403.0,433.0,85.0,725.0,804.0,598.0,1.0,4.0,1.0,2015-2016,La-Liga,,,,,,,,
Las Palmas,27,27.6,54.6,38,42,31,4,5,100,4.0,466.0,563.0,79.0,466.0,784.0,546.0,3.0,4.0,1.0,2015-2016,La-Liga,,,,,,,,
Levante,27,27.2,45.9,38,36,23,2,2,134,7.0,549.0,477.0,75.0,692.0,696.0,497.0,2.0,7.0,5.0,2015-2016,La-Liga,,,,,,,,
Málaga,30,28.0,48.8,38,37,27,2,4,110,5.0,553.0,466.0,85.0,828.0,747.0,592.0,2.0,2.0,3.0,2015-2016,La-Liga,,,,,,,,
Rayo Vallecano,29,28.5,55.6,38,52,38,2,3,115,10.0,549.0,473.0,124.0,992.0,707.0,580.0,1.0,9.0,2.0,2015-2016,La-Liga,,,,,,,,
Real Madrid,24,26.5,57.3,38,108,86,6,9,75,5.0,421.0,490.0,116.0,904.0,643.0,585.0,8.0,4.0,0.0,2015-2016,La-Liga,,,,,,,,
Real Sociedad,27,25.3,51.8,38,44,31,1,1,109,5.0,468.0,579.0,86.0,946.0,873.0,601.0,1.0,7.0,1.0,2015-2016,La-Liga,,,,,,,,
Sevilla,33,26.9,50.0,38,50,35,6,7,106,8.0,560.0,497.0,106.0,904.0,663.0,511.0,7.0,3.0,2.0,2015-2016,La-Liga,,,,,,,,
Sporting Gijón,28,24.5,43.1,38,39,29,1,2,107,6.0,527.0,447.0,81.0,668.0,748.0,618.0,2.0,10.0,1.0,2015-2016,La-Liga,,,,,,,,
Valencia,30,24.7,50.1,38,42,27,4,5,110,7.0,571.0,596.0,92.0,724.0,781.0,632.0,5.0,4.0,1.0,2015-2016,La-Liga,,,,,,,,
Villarreal,26,25.3,45.9,38,42,32,3,3,103,4.0,536.0,440.0,107.0,555.0,781.0,539.0,3.0,3.0,1.0,2015-2016,La-Liga,,,,,,,,
Arsenal,28,27.8,,38,84,66,5,6,56,2.0,515.0,,,,,,,,,2002-2003,Premier-League,,,,,,,,
Aston Villa,27,26.2,,38,42,29,3,4,66,4.0,571.0,,,,,,,,,2002-2003,Premier-League,,,,,,,,
Birmingham City,33,27.9,,38,40,26,4,5,74,3.0,553.0,,,,,,,,,2002-2003,Premier-League,,,,,,,,
Blackburn,28,27.7,,38,50,38,5,6,66,4.0,590.0,,,,,,,,,2002-2003,Premier-League,,,,,,,,
Bolton,27,29.1,,38,38,24,1,2,71,3.0,464.0,,,,,,,,,2002-2003,Premier-League,,,,,,,,
Charlton Ath,26,27.0,,38,43,24,4,5,56,1.0,533.0,,,,,,,,,2002-2003,Premier-League,,,,,,,,
Chelsea,23,27.8,,38,67,40,3,3,62,1.0,498.0,,,,,,,,,2002-2003,Premier-League,,,,,,,,
Everton,28,27.4,,38,48,32,4,4,56,5.0,514.0,,,,,,,,,2002-2003,Premier-League,,,,,,,,
Fulham,27,27.3,,38,38,23,6,7,58,6.0,540.0,,,,,,,,,2002-2003,Premier-League,,,,,,,,
Leeds United,29,25.8,,38,54,39,4,5,73,1.0,568.0,,,,,,,,,2002-2003,Premier-League,,,,,,,,
Liverpool,23,24.9,,38,61,49,4,6,48,1.0,439.0,,,,,,,,,2002-2003,Premier-League,,,,,,,,
Manchester City,26,27.8,,38,47,40,2,2,58,5.0,510.0,,,,,,,,,2002-2003,Premier-League,,,,,,,,
Manchester Utd,26,27.0,,38,73,56,9,9,46,1.0,488.0,,,,,,,,,2002-2003,Premier-League,,,,,,,,
Middlesbrough,29,26.4,,38,48,31,2,3,53,4.0,515.0,,,,,,,,,2002-2003,Premier-League,,,,,,,,
Newcastle Utd,26,24.8,,38,63,42,3,4,48,2.0,500.0,,,,,,,,,2002-2003,Premier-League,,,,,,,,
Southampton,26,27.2,,38,42,24,6,6,49,3.0,548.0,,,,,,,,,2002-2003,Premier-League,,,,,,,,
Sunderland,34,26.0,,38,21,16,1,3,60,0.0,573.0,,,,,,,,,2002-2003,Premier-League,,,,,,,,
Tottenham,25,28.1,,38,50,35,3,3,64,4.0,497.0,,,,,,,,,2002-2003,Premier-League,,,,,,,,
West Brom,23,27.2,,38,29,11,1,1,49,4.0,573.0,,,,,,,,,2002-2003,Premier-League,,,,,,,,
West Ham,24,27.3,,38,41,29,4,5,67,4.0,542.0,,,,,,,,,2002-2003,Premier-League,,,,,,,,
Ajaccio,25,27.4,,38,39,23,4,6,95,9.0,603.0,,,,,,,,,2011-2012,Ligue-1,,,,,,,,
Auxerre,29,27.0,,38,46,28,1,1,87,5.0,609.0,,,,,,,,,2011-2012,Ligue-1,,,,,,,,
Bordeaux,26,26.7,,38,53,30,7,9,64,4.0,578.0,,,,,,,,,2011-2012,Ligue-1,,,,,,,,
Brest,31,27.4,,38,31,15,4,6,73,5.0,669.0,,,,,,,,,2011-2012,Ligue-1,,,,,,,,
Caen,23,26.3,,38,39,21,6,6,72,6.0,678.0,,,,,,,,,2011-2012,Ligue-1,,,,,,,,
Dijon,29,24.4,,38,38,19,3,4,82,7.0,579.0,,,,,,,,,2011-2012,Ligue-1,,,,,,,,
Evian,28,27.1,,38,52,26,5,6,83,5.0,614.0,,,,,,,,,2011-2012,Ligue-1,,,,,,,,
Lille,24,27.0,,38,70,42,12,13,68,4.0,541.0,,,,,,,,,2011-2012,Ligue-1,,,,,,,,
Lorient,33,25.8,,38,34,22,3,3,67,4.0,449.0,,,,,,,,,2011-2012,Ligue-1,,,,,,,,
Lyon,28,25.5,,38,62,35,6,6,62,6.0,596.0,,,,,,,,,2011-2012,Ligue-1,,,,,,,,
Marseille,24,26.3,,38,44,30,3,4,74,5.0,579.0,,,,,,,,,2011-2012,Ligue-1,,,,,,,,
Montpellier,23,26.3,,38,65,36,7,10,71,7.0,610.0,,,,,,,,,2011-2012,Ligue-1,,,,,,,,
Nancy,31,25.6,,38,37,26,3,4,60,2.0,620.0,,,,,,,,,2011-2012,Ligue-1,,,,,,,,
Nice,31,26.0,,38,38,21,7,9,70,7.0,610.0,,,,,,,,,2011-2012,Ligue-1,,,,,,,,
Paris S-G,24,26.9,,38,74,53,10,10,81,4.0,585.0,,,,,,,,,2011-2012,Ligue-1,,,,,,,,
Rennes,27,24.1,,38,52,35,6,7,68,3.0,568.0,,,,,,,,,2011-2012,Ligue-1,,,,,,,,
Saint-Étienne,30,25.1,,38,45,31,2,2,72,5.0,551.0,,,,,,,,,2011-2012,Ligue-1,,,,,,,,
Sochaux,31,24.9,,38,38,21,3,3,50,7.0,533.0,,,,,,,,,2011-2012,Ligue-1,,,,,,,,
Toulouse,26,23.9,,38,35,22,3,5,76,8.0,675.0,,,,,,,,,2011-2012,Ligue-1,,,,,,,,
Valenciennes,26,26.5,,38,38,19,5,6,67,4.0,640.0,,,,,,,,,2011-2012,Ligue-1,,,,,,,,
Athletic Club,25,25.4,,38,44,38,1,2,126,9.0,533.0,,,,,,,,,2012-2013,La-Liga,,,,,,,,
Atlético Madrid,27,25.9,,38,63,37,8,8,107,5.0,594.0,,,,,,,,,2012-2013,La-Liga,,,,,,,,
Barcelona,25,26.6,,38,112,91,4,5,60,2.0,402.0,,,,,,,,,2012-2013,La-Liga,,,,,,,,
Betis,33,26.8,,38,55,41,3,4,122,7.0,549.0,,,,,,,,,2012-2013,La-Liga,,,,,,,,
Celta Vigo,28,26.9,,38,37,27,3,3,105,4.0,506.0,,,,,,,,,2012-2013,La-Liga,,,,,,,,
Espanyol,25,26.5,,38,42,32,4,4,158,11.0,643.0,,,,,,,,,2012-2013,La-Liga,,,,,,,,
Getafe,27,26.9,,38,43,31,4,4,117,9.0,544.0,,,,,,,,,2012-2013,La-Liga,,,,,,,,
Granada,28,26.9,,38,35,18,7,8,107,5.0,570.0,,,,,,,,,2012-2013,La-Liga,,,,,,,,
La Coruña,28,28.8,,38,45,26,4,6,109,8.0,426.0,,,,,,,,,2012-2013,La-Liga,,,,,,,,
Levante,27,29.2,,38,39,22,3,5,119,7.0,587.0,,,,,,,,,2012-2013,La-Liga,,,,,,,,
Málaga,28,27.9,,38,52,37,4,5,96,6.0,493.0,,,,,,,,,2012-2013,La-Liga,,,,,,,,
Mallorca,29,26.9,,38,43,23,2,3,108,8.0,599.0,,,,,,,,,2012-2013,La-Liga,,,,,,,,
Osasuna,30,27.6,,38,33,24,1,1,119,10.0,563.0,,,,,,,,,2012-2013,La-Liga,,,,,,,,
Rayo Vallecano,29,26.6,,38,49,30,7,7,141,4.0,590.0,,,,,,,,,2012-2013,La-Liga,,,,,,,,
Real Madrid,31,26.9,,38,100,71,8,10,97,5.0,468.0,,,,,,,,,2012-2013,La-Liga,,,,,,,,
Real Sociedad,22,25.3,,38,68,49,7,7,98,2.0,448.0,,,,,,,,,2012-2013,La-Liga,,,,,,,,
Sevilla,30,26.7,,38,56,36,5,7,106,12.0,547.0,,,,,,,,,2012-2013,La-Liga,,,,,,,,
Valencia,23,26.4,,38,65,48,6,7,128,8.0,575.0,,,,,,,,,2012-2013,La-Liga,,,,,,,,
Valladolid,23,27.3,,38,48,32,5,6,83,3.0,502.0,,,,,,,,,2012-2013,La-Liga,,,,,,,,
Zaragoza,33,26.9,,38,37,23,8,8,135,11.0,612.0,,,,,,,,,2012-2013,La-Liga,,,,,,,,
Almería,27,26.1,46.4,38,33,22,5,6,124,0.0,556.0,,,,,,,,,2014-2015,La-Liga,,,,,,,,
Athletic Club,26,26.8,53.2,38,41,26,5,5,103,0.0,525.0,,,,,,,,,2014-2015,La-Liga,,,,,,,,
Atlético Madrid,25,27.5,48.6,38,65,48,5,6,118,0.0,543.0,,,,,,,,,2014-2015,La-Liga,,,,,,,,
Barcelona,24,27.7,65.7,38,107,79,6,7,69,0.0,369.0,,,,,,,,,2014-2015,La-Liga,,,,,,,,
Celta Vigo,23,26.3,55.9,38,47,33,4,6,120,0.0,581.0,,,,,,,,,2014-2015,La-Liga,,,,,,,,
Córdoba,33,25.7,45.9,38,21,12,2,3,106,0.0,492.0,,,,,,,,,2014-2015,La-Liga,,,,,,,,
Eibar,23,27.6,43.8,38,33,25,2,2,110,0.0,565.0,,,,,,,,,2014-2015,La-Liga,,,,,,,,
Elche,24,26.3,47.9,38,35,25,4,7,113,0.0,585.0,,,,,,,,,2014-2015,La-Liga,,,,,,,,
Espanyol,27,26.9,46.0,38,47,29,4,4,125,0.0,610.0,,,,,,,,,2014-2015,La-Liga,,,,,,,,
Getafe,27,26.9,46.9,38,32,25,1,2,98,0.0,540.0,,,,,,,,,2014-2015,La-Liga,,,,,,,,
Granada,34,26.6,47.4,38,29,17,6,6,115,0.0,573.0,,,,,,,,,2014-2015,La-Liga,,,,,,,,
La Coruña,27,26.9,48.4,38,33,17,4,7,111,0.0,559.0,,,,,,,,,2014-2015,La-Liga,,,,,,,,
Levante,29,28.0,44.5,38,34,22,3,4,107,0.0,570.0,,,,,,,,,2014-2015,La-Liga,,,,,,,,
Málaga,23,26.6,49.5,38,40,27,4,7,112,0.0,569.0,,,,,,,,,2014-2015,La-Liga,,,,,,,,
Rayo Vallecano,28,27.2,54.8,38,46,33,2,3,113,0.0,552.0,,,,,,,,,2014-2015,La-Liga,,,,,,,,
Real Madrid,24,26.4,56.2,38,116,91,11,13,87,0.0,406.0,,,,,,,,,2014-2015,La-Liga,,,,,,,,
Real Sociedad,25,26.5,49.8,38,41,35,3,3,89,0.0,509.0,,,,,,,,,2014-2015,La-Liga,,,,,,,,
Sevilla,26,26.2,50.3,38,68,45,8,10,118,0.0,604.0,,,,,,,,,2014-2015,La-Liga,,,,,,,,
Valencia,24,24.8,50.0,38,66,48,5,7,112,0.0,566.0,,,,,,,,,2014-2015,La-Liga,,,,,,,,
Villarreal,28,25.0,48.6,38,48,34,2,2,96,0.0,526.0,,,,,,,,,2014-2015,La-Liga,,,,,,,,
Arsenal,29,26.1,56.6,38,69,47,6,7,69,0.0,377.0,,,,,,,,,2014-2015,Premier-League,,,,,,,,
Aston Villa,27,26.3,49.0,38,31,23,1,1,76,0.0,398.0,,,,,,,,,2014-2015,Premier-League,,,,,,,,
Burnley,24,27.2,42.5,38,27,22,1,2,66,0.0,406.0,,,,,,,,,2014-2015,Premier-League,,,,,,,,
Chelsea,25,27.0,55.9,38,72,59,4,5,75,0.0,382.0,,,,,,,,,2014-2015,Premier-League,,,,,,,,
Crystal Palace,30,27.8,40.4,38,46,27,5,7,70,0.0,527.0,,,,,,,,,2014-2015,Premier-League,,,,,,,,
Everton,28,27.9,54.7,38,47,31,4,7,71,0.0,387.0,,,,,,,,,2014-2015,Premier-League,,,,,,,,
Hull City,29,27.4,44.2,38,32,22,1,1,75,0.0,451.0,,,,,,,,,2014-2015,Premier-League,,,,,,,,
Leicester City,28,27.9,43.5,38,45,29,3,3,49,0.0,485.0,,,,,,,,,2014-2015,Premier-League,,,,,,,,
Liverpool,25,25.2,55.8,38,48,30,5,6,70,0.0,386.0,,,,,,,,,2014-2015,Premier-League,,,,,,,,
Manchester City,24,28.6,59.8,38,82,61,7,8,82,0.0,445.0,,,,,,,,,2014-2015,Premier-League,,,,,,,,
Manchester Utd,33,26.0,61.2,38,60,41,3,5,68,0.0,452.0,,,,,,,,,2014-2015,Premier-League,,,,,,,,
Newcastle Utd,27,25.9,47.7,38,40,30,1,1,78,0.0,433.0,,,,,,,,,2014-2015,Premier-League,,,,,,,,
QPR,32,28.2,45.2,38,39,29,3,5,79,0.0,450.0,,,,,,,,,2014-2015,Premier-League,,,,,,,,
Southampton,29,26.0,53.1,38,49,32,2,3,59,0.0,468.0,,,,,,,,,2014-2015,Premier-League,,,,,,,,
Stoke City,25,27.4,50.4,38,47,30,3,3,84,0.0,477.0,,,,,,,,,2014-2015,Premier-League,,,,,,,,
Sunderland,25,27.8,45.2,38,30,20,4,4,96,0.0,440.0,,,,,,,,,2014-2015,Premier-League,,,,,,,,
Swansea City,28,26.6,50.1,38,43,34,2,2,54,0.0,397.0,,,,,,,,,2014-2015,Premier-League,,,,,,,,
Tottenham,27,24.4,57.0,38,56,40,3,5,81,0.0,442.0,,,,,,,,,2014-2015,Premier-League,,,,,,,,
West Brom,26,28.0,43.7,38,37,29,4,5,64,0.0,420.0,,,,,,,,,2014-2015,Premier-League,,,,,,,,
West Ham,28,26.8,45.6,38,43,34,1,2,66,0.0,416.0,,,,,,,,,2014-2015,Premier-League,,,,,,,,
Arles-Avignon,34,27.5,,38,21,17,1,1,71,8.0,653.0,,,,,,,,,2010-2011,Ligue-1,,,,,,,,
Auxerre,25,26.8,,38,44,28,2,2,73,0.0,560.0,,,,,,,,,2010-2011,Ligue-1,,,,,,,,
Bordeaux,31,26.4,,38,41,27,5,7,78,3.0,586.0,,,,,,,,,2010-2011,Ligue-1,,,,,,,,
Brest,25,26.9,,38,36,24,5,7,50,0.0,622.0,,,,,,,,,2010-2011,Ligue-1,,,,,,,,
Caen,26,25.6,,38,46,32,1,1,84,4.0,694.0,,,,,,,,,2010-2011,Ligue-1,,,,,,,,
Lens,31,27.0,,38,32,22,1,2,54,3.0,592.0,,,,,,,,,2010-2011,Ligue-1,,,,,,,,
Lille,22,25.7,,38,66,45,2,4,54,1.0,512.0,,,,,,,,,2010-2011,Ligue-1,,,,,,,,
Lorient,27,25.6,,38,46,31,4,4,53,6.0,444.0,,,,,,,,,2010-2011,Ligue-1,,,,,,,,
Lyon,26,25.5,,38,58,40,2,4,61,8.0,594.0,,,,,,,,,2010-2011,Ligue-1,,,,,,,,
Marseille,24,26.7,,38,60,41,2,3,61,4.0,624.0,,,,,,,,,2010-2011,Ligue-1,,,,,,,,
Monaco,34,25.5,,38,34,18,4,5,78,4.0,629.0,,,,,,,,,2010-2011,Ligue-1,,,,,,,,
Montpellier,25,25.8,,38,32,23,3,4,83,8.0,703.0,,,,,,,,,2010-2011,Ligue-1,,,,,,,,
Nancy,26,26.9,,38,41,27,2,4,69,7.0,635.0,,,,,,,,,2010-2011,Ligue-1,,,,,,,,
Nice,32,25.7,,38,31,24,2,4,80,4.0,515.0,,,,,,,,,2010-2011,Ligue-1,,,,,,,,
Paris S-G,25,28.1,,38,51,35,3,3,60,4.0,530.0,,,,,,,,,2010-2011,Ligue-1,,,,,,,,
Rennes,27,24.9,,38,37,24,5,6,58,5.0,606.0,,,,,,,,,2010-2011,Ligue-1,,,,,,,,
Saint-Étienne,26,26.3,,38,44,21,4,5,65,2.0,599.0,,,,,,,,,2010-2011,Ligue-1,,,,,,,,
Sochaux,25,24.8,,38,58,44,3,3,49,4.0,528.0,,,,,,,,,2010-2011,Ligue-1,,,,,,,,
Toulouse,26,24.1,,38,36,23,4,5,62,2.0,739.0,,,,,,,,,2010-2011,Ligue-1,,,,,,,,
Valenciennes,26,26.9,,38,45,35,1,2,68,2.0,600.0,,,,,,,,,2010-2011,Ligue-1,,,,,,,,
Atalanta,30,27.2,57.2,38,96,68,7,10,80,2.0,534.0,518.0,50.0,767.0,418.0,351.0,9.0,6.0,3.0,2019-2020,Serie-A,83.5,75.6,58.9,978.0,1867.0,2145.0,624.0,500.0
Bologna,31,27.2,52.6,38,48,31,5,6,109,7.0,595.0,567.0,85.0,733.0,412.0,338.0,6.0,8.0,1.0,2019-2020,Serie-A,56.9,52.2,41.3,799.0,1672.0,1903.0,644.0,666.0
Brescia,32,25.6,40.6,38,34,22,4,4,95,6.0,504.0,583.0,68.0,641.0,361.0,273.0,3.0,11.0,3.0,2019-2020,Serie-A,43.4,40.2,28.8,537.0,1241.0,1768.0,498.0,602.0
Cagliari,33,27.4,45.7,38,50,34,4,6,108,6.0,534.0,449.0,56.0,762.0,337.0,338.0,3.0,9.0,3.0,2019-2020,Serie-A,41.8,37.1,32.0,662.0,1288.0,1836.0,516.0,691.0
Fiorentina,33,25.1,47.4,38,48,30,9,11,105,5.0,546.0,500.0,50.0,726.0,347.0,333.0,8.0,11.0,0.0,2019-2020,Serie-A,53.6,45.4,34.5,857.0,1446.0,1926.0,458.0,491.0
Genoa,34,26.8,49.5,38,46,28,11,16,107,10.0,571.0,514.0,57.0,723.0,385.0,335.0,12.0,9.0,2.0,2019-2020,Serie-A,48.7,36.2,27.6,583.0,1280.0,1828.0,600.0,583.0
Hellas Verona,30,26.1,49.8,38,45,27,8,9,87,7.0,555.0,490.0,91.0,750.0,398.0,290.0,7.0,9.0,1.0,2019-2020,Serie-A,50.5,43.6,34.5,728.0,1575.0,2146.0,718.0,783.0
Inter,29,27.7,54.2,38,80,57,10,11,104,6.0,563.0,450.0,96.0,790.0,370.0,287.0,10.0,4.0,1.0,2019-2020,Serie-A,69.4,60.8,44.0,797.0,1820.0,1862.0,515.0,470.0
Juventus,30,28.6,58.1,38,73,47,13,14,87,3.0,508.0,486.0,73.0,698.0,370.0,318.0,10.0,12.0,0.0,2019-2020,Serie-A,71.1,60.1,45.5,879.0,1746.0,1811.0,432.0,338.0
Lazio,27,27.9,50.4,38,77,45,15,18,99,2.0,462.0,399.0,71.0,741.0,378.0,311.0,12.0,9.0,1.0,2019-2020,Serie-A,68.0,53.9,42.5,935.0,1668.0,1921.0,450.0,515.0
Lecce,30,28.7,44.8,38,52,30,11,15,98,5.0,469.0,490.0,67.0,711.0,383.0,293.0,10.0,13.0,3.0,2019-2020,Serie-A,54.7,43.5,32.6,752.0,1356.0,1804.0,487.0,495.0
Milan,32,24.6,54.9,38,60,38,8,9,97,6.0,545.0,460.0,63.0,713.0,419.0,345.0,4.0,10.0,1.0,2019-2020,Serie-A,62.8,56.0,46.0,816.0,1717.0,1928.0,538.0,507.0
Napoli,25,26.9,59.2,38,60,45,5,5,73,2.0,421.0,523.0,54.0,813.0,330.0,295.0,2.0,8.0,1.0,2019-2020,Serie-A,61.7,57.8,46.8,979.0,2024.0,1958.0,384.0,374.0
Parma,25,28.8,43.8,38,53,38,4,6,81,1.0,519.0,467.0,60.0,597.0,394.0,348.0,4.0,11.0,0.0,2019-2020,Serie-A,48.4,43.7,33.9,673.0,1227.0,1871.0,540.0,463.0
Roma,31,26.9,52.7,38,73,47,12,14,111,7.0,541.0,435.0,45.0,781.0,400.0,303.0,7.0,10.0,0.0,2019-2020,Serie-A,73.2,62.8,48.6,944.0,1651.0,1852.0,530.0,415.0
Sampdoria,31,26.0,42.7,38,48,25,9,12,111,7.0,563.0,459.0,63.0,814.0,396.0,354.0,10.0,9.0,4.0,2019-2020,Serie-A,50.2,40.8,30.8,613.0,1369.0,1928.0,588.0,625.0
Sassuolo,31,26.4,57.5,38,69,49,5,6,99,3.0,498.0,560.0,64.0,562.0,348.0,332.0,4.0,9.0,4.0,2019-2020,Serie-A,52.9,48.2,39.2,902.0,1590.0,1812.0,341.0,385.0
SPAL,34,27.5,46.9,38,27,17,5,7,98,4.0,541.0,525.0,53.0,693.0,394.0,327.0,6.0,8.0,3.0,2019-2020,Serie-A,40.7,35.2,26.5,696.0,1236.0,1718.0,552.0,520.0
Torino,27,27.3,47.4,38,44,29,7,8,96,7.0,606.0,539.0,63.0,756.0,495.0,314.0,3.0,11.0,3.0,2019-2020,Serie-A,44.8,39.4,30.3,843.0,1220.0,2048.0,699.0,640.0
Udinese,25,26.5,44.7,38,37,26,0,0,77,3.0,506.0,414.0,65.0,730.0,375.0,340.0,0.0,10.0,0.0,2019-2020,Serie-A,41.6,41.6,33.5,709.0,1274.0,1888.0,483.0,534.0
Augsburg,29,26.8,,34,36,28,4,5,66,2.0,545.0,,,,,,,,,2011-2012,Bundesliga,,,,,,,,
Bayern Munich,21,25.4,,34,75,49,9,11,44,3.0,459.0,,,,,,,,,2011-2012,Bundesliga,,,,,,,,
Dortmund,23,24.4,,34,80,58,1,1,35,2.0,454.0,,,,,,,,,2011-2012,Bundesliga,,,,,,,,
Freiburg,31,24.9,,34,44,31,3,4,56,1.0,550.0,,,,,,,,,2011-2012,Bundesliga,,,,,,,,
Gladbach,25,25.6,,34,49,35,3,3,51,1.0,413.0,,,,,,,,,2011-2012,Bundesliga,,,,,,,,
Hamburger SV,26,25.2,,34,35,15,3,3,64,2.0,574.0,,,,,,,,,2011-2012,Bundesliga,,,,,,,,
Hannover 96,23,26.5,,34,38,25,5,5,66,3.0,539.0,,,,,,,,,2011-2012,Bundesliga,,,,,,,,
Hertha BSC,25,26.0,,34,37,25,1,2,74,8.0,488.0,,,,,,,,,2011-2012,Bundesliga,,,,,,,,
Hoffenheim,27,24.2,,34,38,22,8,9,72,3.0,625.0,,,,,,,,,2011-2012,Bundesliga,,,,,,,,
Kaiserslautern,32,25.4,,34,21,15,1,1,71,4.0,579.0,,,,,,,,,2011-2012,Bundesliga,,,,,,,,
Köln,26,26.3,,34,39,29,3,3,69,6.0,491.0,,,,,,,,,2011-2012,Bundesliga,,,,,,,,
Leverkusen,26,24.4,,34,51,34,1,2,48,4.0,478.0,,,,,,,,,2011-2012,Bundesliga,,,,,,,,
Mainz 05,27,27.1,,34,46,31,5,5,51,2.0,567.0,,,,,,,,,2011-2012,Bundesliga,,,,,,,,
Nürnberg,27,25.4,,34,38,27,3,3,74,2.0,562.0,,,,,,,,,2011-2012,Bundesliga,,,,,,,,
Schalke 04,28,24.5,,34,74,50,6,7,65,2.0,540.0,,,,,,,,,2011-2012,Bundesliga,,,,,,,,
Stuttgart,26,26.2,,34,63,42,5,5,67,4.0,530.0,,,,,,,,,2011-2012,Bundesliga,,,,,,,,
Werder Bremen,31,25.2,,34,49,37,3,3,67,5.0,532.0,,,,,,,,,2011-2012,Bundesliga,,,,,,,,
Wolfsburg,36,26.5,,34,44,36,2,2,67,4.0,654.0,,,,,,,,,2011-2012,Bundesliga,,,,,,,,
Bayern Munich,24,26.5,,34,77,54,3,6,43,2.0,415.0,,,,,,,,,2010-2011,Bundesliga,,,,,,,,
Dortmund,23,23.4,,34,63,42,0,3,41,1.0,495.0,,,,,,,,,2010-2011,Bundesliga,,,,,,,,
Eint Frankfurt,27,26.2,,34,31,20,4,4,75,3.0,494.0,,,,,,,,,2010-2011,Bundesliga,,,,,,,,
Freiburg,27,25.5,,34,38,21,4,6,48,3.0,537.0,,,,,,,,,2010-2011,Bundesliga,,,,,,,,
Gladbach,28,25.8,,34,47,29,4,4,56,8.0,497.0,,,,,,,,,2010-2011,Bundesliga,,,,,,,,
Hamburger SV,25,28.0,,34,45,28,3,3,55,2.0,475.0,,,,,,,,,2010-2011,Bundesliga,,,,,,,,
Hannover 96,23,25.6,,34,48,30,3,3,60,5.0,559.0,,,,,,,,,2010-2011,Bundesliga,,,,,,,,
Hoffenheim,28,23.9,,34,48,27,5,5,63,4.0,625.0,,,,,,,,,2010-2011,Bundesliga,,,,,,,,
Kaiserslautern,25,25.2,,34,47,32,1,2,63,4.0,602.0,,,,,,,,,2010-2011,Bundesliga,,,,,,,,
Köln,30,26.3,,34,47,25,2,2,79,1.0,587.0,,,,,,,,,2010-2011,Bundesliga,,,,,,,,
Leverkusen,21,25.2,,34,62,39,6,6,57,1.0,494.0,,,,,,,,,2010-2011,Bundesliga,,,,,,,,
Mainz 05,26,26.1,,34,49,37,3,5,54,1.0,539.0,,,,,,,,,2010-2011,Bundesliga,,,,,,,,
Nürnberg,28,25.2,,34,45,28,2,4,69,3.0,530.0,,,,,,,,,2010-2011,Bundesliga,,,,,,,,
Schalke 04,31,25.3,,34,37,23,2,3,57,4.0,573.0,,,,,,,,,2010-2011,Bundesliga,,,,,,,,
St. Pauli,28,26.7,,34,34,23,3,3,60,5.0,529.0,,,,,,,,,2010-2011,Bundesliga,,,,,,,,
Stuttgart,27,24.8,,34,60,35,6,8,64,4.0,513.0,,,,,,,,,2010-2011,Bundesliga,,,,,,,,
Werder Bremen,28,26.6,,34,43,29,7,11,71,4.0,545.0,,,,,,,,,2010-2011,Bundesliga,,,,,,,,
Wolfsburg,28,26.4,,34,43,28,0,4,73,2.0,579.0,,,,,,,,,2010-2011,Bundesliga,,,,,,,,
Ajaccio,28,28.5,,38,37,22,4,5,73,7.0,582.0,,,,,,,,,2012-2013,Ligue-1,,,,,,,,
Bastia,29,27.8,,38,49,32,5,7,83,7.0,540.0,,,,,,,,,2012-2013,Ligue-1,,,,,,,,
Bordeaux,26,27.0,,38,39,29,2,4,66,3.0,488.0,,,,,,,,,2012-2013,Ligue-1,,,,,,,,
Brest,33,26.3,,38,31,19,5,5,70,4.0,590.0,,,,,,,,,2012-2013,Ligue-1,,,,,,,,
Evian,30,27.6,,38,44,32,3,3,75,3.0,557.0,,,,,,,,,2012-2013,Ligue-1,,,,,,,,
Lille,25,26.9,,38,56,42,2,3,59,3.0,532.0,,,,,,,,,2012-2013,Ligue-1,,,,,,,,
Lorient,30,26.5,,38,56,38,4,5,52,7.0,429.0,,,,,,,,,2012-2013,Ligue-1,,,,,,,,
Lyon,31,26.0,,38,59,33,9,11,65,6.0,578.0,,,,,,,,,2012-2013,Ligue-1,,,,,,,,
Marseille,25,26.4,,38,41,30,1,3,53,7.0,507.0,,,,,,,,,2012-2013,Ligue-1,,,,,,,,
Montpellier,28,26.6,,38,52,34,3,4,67,6.0,601.0,,,,,,,,,2012-2013,Ligue-1,,,,,,,,
Nancy,29,25.5,,38,38,27,1,2,65,5.0,540.0,,,,,,,,,2012-2013,Ligue-1,,,,,,,,
Nice,32,24.9,,38,57,34,6,8,65,5.0,579.0,,,,,,,,,2012-2013,Ligue-1,,,,,,,,
Paris S-G,31,26.8,,38,65,48,4,4,74,9.0,466.0,,,,,,,,,2012-2013,Ligue-1,,,,,,,,
Reims,26,26.1,,38,30,18,3,6,66,6.0,525.0,,,,,,,,,2012-2013,Ligue-1,,,,,,,,
Rennes,31,24.8,,38,48,33,2,2,46,10.0,486.0,,,,,,,,,2012-2013,Ligue-1,,,,,,,,
Saint-Étienne,25,25.9,,38,57,44,2,3,59,4.0,505.0,,,,,,,,,2012-2013,Ligue-1,,,,,,,,
Sochaux,27,24.8,,38,39,29,2,3,63,3.0,521.0,,,,,,,,,2012-2013,Ligue-1,,,,,,,,
Toulouse,24,24.1,,38,47,35,1,2,64,7.0,646.0,,,,,,,,,2012-2013,Ligue-1,,,,,,,,
Troyes,26,26.7,,38,43,28,2,3,55,5.0,508.0,,,,,,,,,2012-2013,Ligue-1,,,,,,,,
Valenciennes,26,26.7,,38,45,32,3,4,58,3.0,569.0,,,,,,,,,2012-2013,Ligue-1,,,,,,,,
Athletic Club,22,24.4,,38,49,33,1,2,116,8.0,551.0,,,,,,,,,2011-2012,La-Liga,,,,,,,,
Atlético Madrid,24,25.1,,38,51,32,5,6,132,4.0,675.0,,,,,,,,,2011-2012,La-Liga,,,,,,,,
Barcelona,29,26.6,,38,112,69,10,11,81,4.0,400.0,,,,,,,,,2011-2012,La-Liga,,,,,,,,
Betis,31,27.4,,38,47,25,3,3,107,7.0,536.0,,,,,,,,,2011-2012,La-Liga,,,,,,,,
Espanyol,29,24.2,,38,45,32,1,1,135,6.0,588.0,,,,,,,,,2011-2012,La-Liga,,,,,,,,
Getafe,29,27.6,,38,38,20,3,3,134,8.0,583.0,,,,,,,,,2011-2012,La-Liga,,,,,,,,
Granada,25,26.5,,38,35,18,4,4,116,10.0,439.0,,,,,,,,,2011-2012,La-Liga,,,,,,,,
Levante,27,30.4,,38,54,30,8,8,125,4.0,484.0,,,,,,,,,2011-2012,La-Liga,,,,,,,,
Málaga,26,27.3,,38,51,26,1,2,77,7.0,426.0,,,,,,,,,2011-2012,La-Liga,,,,,,,,
Mallorca,28,26.4,,38,38,25,5,5,122,6.0,673.0,,,,,,,,,2011-2012,La-Liga,,,,,,,,
Osasuna,28,27.8,,38,43,30,1,2,110,8.0,576.0,,,,,,,,,2011-2012,La-Liga,,,,,,,,
Racing Sant,32,25.6,,38,27,21,4,4,121,8.0,600.0,,,,,,,,,2011-2012,La-Liga,,,,,,,,
Rayo Vallecano,32,26.8,,38,51,26,5,6,129,3.0,612.0,,,,,,,,,2011-2012,La-Liga,,,,,,,,
Real Madrid,25,26.1,,38,120,85,12,13,97,5.0,521.0,,,,,,,,,2011-2012,La-Liga,,,,,,,,
Real Sociedad,24,25.0,,38,45,27,0,1,85,8.0,463.0,,,,,,,,,2011-2012,La-Liga,,,,,,,,
Sevilla,28,26.9,,38,47,32,1,4,116,8.0,494.0,,,,,,,,,2011-2012,La-Liga,,,,,,,,
Sporting Gijón,30,26.4,,38,41,21,3,3,125,5.0,640.0,,,,,,,,,2011-2012,La-Liga,,,,,,,,
Valencia,26,25.9,,38,55,34,3,4,129,7.0,639.0,,,,,,,,,2011-2012,La-Liga,,,,,,,,
Villarreal,28,26.6,,38,38,22,6,10,103,5.0,535.0,,,,,,,,,2011-2012,La-Liga,,,,,,,,
Zaragoza,28,27.1,,38,35,20,4,6,126,9.0,658.0,,,,,,,,,2011-2012,La-Liga,,,,,,,,
Angers,29,27.2,42.5,38,40,25,4,5,71,0.0,584.0,,,,,,,,,2015-2016,Ligue-1,,,,,,,,
Bastia,26,28.7,43.4,38,34,20,2,2,85,0.0,525.0,,,,,,,,,2015-2016,Ligue-1,,,,,,,,
Bordeaux,35,24.9,50.8,38,48,33,1,2,86,0.0,492.0,,,,,,,,,2015-2016,Ligue-1,,,,,,,,
Caen,24,28.2,40.2,38,38,22,5,6,58,0.0,455.0,,,,,,,,,2015-2016,Ligue-1,,,,,,,,
Gazélec Ajaccio,23,28.4,47.0,38,36,26,3,3,98,0.0,575.0,,,,,,,,,2015-2016,Ligue-1,,,,,,,,
Guingamp,28,28.4,42.8,38,46,36,2,3,81,0.0,505.0,,,,,,,,,2015-2016,Ligue-1,,,,,,,,
Lille,32,27.1,51.1,38,38,28,3,3,86,0.0,572.0,,,,,,,,,2015-2016,Ligue-1,,,,,,,,
Lorient,31,25.4,49.0,38,46,30,7,7,66,0.0,478.0,,,,,,,,,2015-2016,Ligue-1,,,,,,,,
Lyon,30,25.5,61.3,38,66,44,3,3,69,0.0,521.0,,,,,,,,,2015-2016,Ligue-1,,,,,,,,
Marseille,28,25.0,56.6,38,48,35,2,4,74,0.0,521.0,,,,,,,,,2015-2016,Ligue-1,,,,,,,,
Monaco,31,26.1,48.1,38,54,36,6,8,86,0.0,547.0,,,,,,,,,2015-2016,Ligue-1,,,,,,,,
Montpellier,30,27.1,49.8,38,46,34,2,2,62,0.0,470.0,,,,,,,,,2015-2016,Ligue-1,,,,,,,,
Nantes,29,25.8,49.2,38,30,25,0,0,81,0.0,606.0,,,,,,,,,2015-2016,Ligue-1,,,,,,,,
Nice,33,24.2,57.9,38,55,43,5,5,68,0.0,461.0,,,,,,,,,2015-2016,Ligue-1,,,,,,,,
Paris S-G,28,27.0,66.5,38,101,72,6,8,47,0.0,392.0,,,,,,,,,2015-2016,Ligue-1,,,,,,,,
Reims,31,26.9,47.6,38,43,30,2,3,88,0.0,514.0,,,,,,,,,2015-2016,Ligue-1,,,,,,,,
Rennes,31,26.2,50.4,38,48,32,3,7,74,,498.0,,,,,,,,,2015-2016,Ligue-1,,,,,,,,
Saint-Étienne,31,27.2,51.5,38,39,27,3,4,76,,592.0,,,,,,,,,2015-2016,Ligue-1,,,,,,,,
Toulouse,25,23.8,46.6,38,43,28,4,6,80,,537.0,,,,,,,,,2015-2016,Ligue-1,,,,,,,,
Troyes,33,26.5,48.2,38,27,18,3,3,76,0.0,418.0,,,,,,,,,2015-2016,Ligue-1,,,,,,,,
Alavés,25,25.4,44.4,38,41,27,4,4,120,5.0,548.0,485.0,92.0,643.0,565.0,558.0,4.0,6.0,2.0,2016-2017,La-Liga,,,,,,,,
Athletic Club,25,26.8,51.1,38,53,31,8,8,89,2.0,528.0,529.0,76.0,912.0,593.0,581.0,6.0,3.0,0.0,2016-2017,La-Liga,,,,,,,,
Atlético Madrid,22,26.9,48.4,38,70,54,2,7,85,3.0,510.0,474.0,117.0,660.0,645.0,600.0,7.0,4.0,0.0,2016-2017,La-Liga,,,,,,,,
Barcelona,25,26.9,66.1,38,113,71,8,9,75,1.0,427.0,577.0,118.0,551.0,445.0,463.0,8.0,0.0,2.0,2016-2017,La-Liga,,,,,,,,
Betis,27,26.1,47.9,38,41,27,2,2,106,5.0,583.0,576.0,87.0,645.0,593.0,560.0,2.0,5.0,0.0,2016-2017,La-Liga,,,,,,,,
Celta Vigo,27,26.1,53.2,38,52,33,7,7,111,8.0,516.0,516.0,101.0,481.0,627.0,550.0,6.0,10.0,2.0,2016-2017,La-Liga,,,,,,,,
Eibar,24,26.9,47.8,38,53,34,6,8,96,7.0,522.0,385.0,92.0,920.0,676.0,526.0,6.0,6.0,1.0,2016-2017,La-Liga,,,,,,,,
Espanyol,27,27.2,44.0,38,48,36,2,4,82,2.0,572.0,497.0,62.0,674.0,607.0,583.0,3.0,2.0,1.0,2016-2017,La-Liga,,,,,,,,
Granada,35,24.7,45.1,38,30,19,0,1,116,6.0,559.0,442.0,62.0,623.0,620.0,477.0,1.0,4.0,1.0,2016-2017,La-Liga,,,,,,,,
La Coruña,28,27.7,47.0,38,42,29,3,7,97,4.0,546.0,523.0,69.0,879.0,563.0,531.0,7.0,3.0,2.0,2016-2017,La-Liga,,,,,,,,
Las Palmas,29,27.3,59.0,38,52,34,6,6,106,6.0,471.0,632.0,88.0,462.0,523.0,440.0,6.0,11.0,1.0,2016-2017,La-Liga,,,,,,,,
Leganés,31,26.3,44.7,38,36,24,3,4,107,3.0,648.0,475.0,90.0,663.0,671.0,546.0,4.0,7.0,0.0,2016-2017,La-Liga,,,,,,,,
Málaga,29,26.0,48.4,38,48,33,3,5,116,7.0,560.0,528.0,87.0,792.0,663.0,562.0,5.0,9.0,0.0,2016-2017,La-Liga,,,,,,,,
Osasuna,35,26.3,39.0,38,37,24,4,6,100,3.0,574.0,415.0,76.0,648.0,677.0,545.0,5.0,10.0,3.0,2016-2017,La-Liga,,,,,,,,
Real Madrid,24,27.0,56.2,38,106,83,6,8,76,2.0,434.0,544.0,137.0,857.0,517.0,572.0,5.0,4.0,1.0,2016-2017,La-Liga,,,,,,,,
Real Sociedad,27,26.0,56.7,38,56,39,7,8,89,6.0,536.0,589.0,84.0,829.0,603.0,456.0,7.0,7.0,2.0,2016-2017,La-Liga,,,,,,,,
Sevilla,28,26.8,59.2,38,67,48,3,5,109,4.0,589.0,524.0,126.0,661.0,522.0,521.0,5.0,5.0,1.0,2016-2017,La-Liga,,,,,,,,
Sporting Gijón,29,26.4,44.4,38,42,26,4,7,116,4.0,574.0,498.0,78.0,676.0,552.0,517.0,7.0,9.0,2.0,2016-2017,La-Liga,,,,,,,,
Valencia,31,25.9,48.8,38,53,38,4,6,114,6.0,556.0,569.0,90.0,668.0,628.0,621.0,5.0,13.0,2.0,2016-2017,La-Liga,,,,,,,,
Villarreal,27,26.7,49.3,38,55,36,6,8,91,4.0,523.0,500.0,84.0,514.0,567.0,505.0,7.0,6.0,0.0,2016-2017,La-Liga,,,,,,,,
Atalanta,31,28.4,,38,43,32,2,3,90,0.0,495.0,,,,,,,,,2013-2014,Serie-A,,,,,,,,
Bologna,28,28.6,,38,28,12,5,6,104,0.0,594.0,,,,,,,,,2013-2014,Serie-A,,,,,,,,
Cagliari,31,27.2,,38,34,21,5,8,104,0.0,562.0,,,,,,,,,2013-2014,Serie-A,,,,,,,,
Catania,34,27.2,,38,34,23,3,3,102,0.0,613.0,,,,,,,,,2013-2014,Serie-A,,,,,,,,
Chievo,36,28.9,,38,33,24,6,7,107,0.0,618.0,,,,,,,,,2013-2014,Serie-A,,,,,,,,
Fiorentina,31,27.7,,38,65,41,11,11,90,0.0,445.0,,,,,,,,,2013-2014,Serie-A,,,,,,,,
Genoa,31,27.2,,38,39,23,5,9,100,0.0,574.0,,,,,,,,,2013-2014,Serie-A,,,,,,,,
Hellas Verona,29,28.4,,38,60,38,8,8,71,0.0,488.0,,,,,,,,,2013-2014,Serie-A,,,,,,,,
Inter,28,27.6,,38,59,48,0,1,73,0.0,483.0,,,,,,,,,2013-2014,Serie-A,,,,,,,,
Juventus,26,28.3,,38,78,54,4,4,70,0.0,541.0,,,,,,,,,2013-2014,Serie-A,,,,,,,,
Lazio,30,28.0,,38,51,30,7,8,90,0.0,581.0,,,,,,,,,2013-2014,Serie-A,,,,,,,,
Livorno,31,25.7,,38,37,23,4,4,115,0.0,545.0,,,,,,,,,2013-2014,Serie-A,,,,,,,,
Milan,32,28.0,,38,55,33,3,5,92,0.0,555.0,,,,,,,,,2013-2014,Serie-A,,,,,,,,
Napoli,30,27.1,,38,76,51,7,9,79,0.0,456.0,,,,,,,,,2013-2014,Serie-A,,,,,,,,
Parma,30,29.5,,38,56,38,3,6,103,0.0,588.0,,,,,,,,,2013-2014,Serie-A,,,,,,,,
Roma,29,27.5,,38,70,51,6,6,87,0.0,473.0,,,,,,,,,2013-2014,Serie-A,,,,,,,,
Sampdoria,33,25.3,,38,46,29,4,5,110,0.0,644.0,,,,,,,,,2013-2014,Serie-A,,,,,,,,
Sassuolo,38,26.5,,38,43,25,7,8,101,0.0,594.0,,,,,,,,,2013-2014,Serie-A,,,,,,,,
Torino,26,27.1,,38,57,35,5,8,94,0.0,471.0,,,,,,,,,2013-2014,Serie-A,,,,,,,,
Udinese,27,25.8,,38,45,25,6,8,85,0.0,502.0,,,,,,,,,2013-2014,Serie-A,,,,,,,,
Ajaccio,29,28.2,,38,31,20,2,2,79,6.0,,,,,,,,,,2003-2004,Ligue-1,,,,,,,,
Auxerre,23,25.7,,38,58,35,1,1,43,1.0,,,,,,,,,,2003-2004,Ligue-1,,,,,,,,
Bastia,25,26.0,,38,32,16,3,3,95,6.0,,,,,,,,,,2003-2004,Ligue-1,,,,,,,,
Bordeaux,30,24.7,,38,38,28,2,3,80,7.0,,,,,,,,,,2003-2004,Ligue-1,,,,,,,,
Guingamp,29,27.9,,38,34,17,1,1,75,2.0,,,,,,,,,,2003-2004,Ligue-1,,,,,,,,
Le Mans,25,26.3,,38,33,23,1,2,66,3.0,,,,,,,,,,2003-2004,Ligue-1,,,,,,,,
Lens,28,25.4,,38,34,23,1,1,80,13.0,,,,,,,,,,2003-2004,Ligue-1,,,,,,,,
Lille,29,25.0,,38,40,27,3,3,73,4.0,,,,,,,,,,2003-2004,Ligue-1,,,,,,,,
Lyon,24,26.0,,38,59,41,2,2,53,5.0,,,,,,,,,,2003-2004,Ligue-1,,,,,,,,
Marseille,36,25.7,,38,50,24,4,5,72,5.0,,,,,,,,,,2003-2004,Ligue-1,,,,,,,,
Metz,29,23.1,,38,32,20,3,3,62,4.0,,,,,,,,,,2003-2004,Ligue-1,,,,,,,,
Monaco,27,25.4,,38,58,39,2,2,64,2.0,,,,,,,,,,2003-2004,Ligue-1,,,,,,,,
Montpellier,31,24.3,,38,40,25,7,9,88,7.0,,,,,,,,,,2003-2004,Ligue-1,,,,,,,,
Nantes,28,24.8,,38,47,30,1,2,73,6.0,,,,,,,,,,2003-2004,Ligue-1,,,,,,,,
Nice,27,27.2,,38,41,26,2,2,83,5.0,,,,,,,,,,2003-2004,Ligue-1,,,,,,,,
Paris S-G,26,26.0,,38,47,30,3,5,84,5.0,,,,,,,,,,2003-2004,Ligue-1,,,,,,,,
Rennes,28,24.4,,38,54,30,1,2,75,6.0,,,,,,,,,,2003-2004,Ligue-1,,,,,,,,
Sochaux,24,25.6,,38,50,33,3,5,62,4.0,,,,,,,,,,2003-2004,Ligue-1,,,,,,,,
Strasbourg,28,25.6,,38,41,22,5,4,65,6.0,,,,,,,,,,2003-2004,Ligue-1,,,,,,,,
Toulouse,25,24.6,,38,31,17,3,4,91,3.0,,,,,,,,,,2003-2004,Ligue-1,,,,,,,,
Arsenal,29,25.8,53.8,38,56,35,3,3,88,5.0,421.0,437.0,73.0,699.0,351.0,336.0,2.0,8.0,0.0,2019-2020,Premier-League,47.0,44.6,31.4,815.0,1641.0,1861.0,501.0,589.0
Aston Villa,28,25.7,44.1,38,40,32,1,3,70,1.0,451.0,525.0,62.0,798.0,423.0,291.0,2.0,6.0,1.0,2019-2020,Premier-League,44.3,41.8,34.2,639.0,1247.0,1900.0,705.0,742.0
Bournemouth,27,25.2,44.1,38,38,24,4,4,78,3.0,369.0,388.0,67.0,646.0,475.0,299.0,2.0,6.0,0.0,2019-2020,Premier-League,44.8,41.7,30.6,601.0,1256.0,1979.0,792.0,835.0
Brighton,25,26.4,52.2,38,35,24,1,2,59,2.0,386.0,325.0,71.0,689.0,419.0,379.0,2.0,2.0,2.0,2019-2020,Premier-League,45.4,43.8,31.6,669.0,1675.0,2065.0,690.0,577.0
Burnley,22,28.0,41.9,38,41,30,3,3,67,0.0,412.0,369.0,89.0,743.0,387.0,344.0,1.0,5.0,1.0,2019-2020,Premier-League,47.4,45.3,32.4,437.0,890.0,1860.0,937.0,917.0
Chelsea,27,25.5,60.4,38,69,46,7,7,60,0.0,386.0,384.0,63.0,862.0,459.0,362.0,6.0,2.0,3.0,2019-2020,Premier-League,69.2,64.4,46.7,983.0,1897.0,2210.0,703.0,701.0
Crystal Palace,25,29.4,44.8,38,29,20,3,3,62,2.0,424.0,479.0,53.0,588.0,444.0,390.0,2.0,1.0,2.0,2019-2020,Premier-League,35.8,33.6,26.0,596.0,1223.0,1915.0,771.0,776.0
Everton,24,25.5,49.0,38,42,32,1,1,76,3.0,472.0,394.0,58.0,804.0,408.0,408.0,0.0,4.0,3.0,2019-2020,Premier-League,50.8,50.0,38.1,623.0,1430.0,1966.0,860.0,835.0
Leicester City,24,26.1,57.1,38,65,48,5,7,43,3.0,418.0,444.0,64.0,779.0,423.0,432.0,6.0,10.0,2.0,2019-2020,Premier-League,62.2,56.7,44.9,739.0,1612.0,2104.0,659.0,674.0
Liverpool,24,26.6,62.9,38,83,69,5,5,38,1.0,331.0,293.0,53.0,896.0,352.0,325.0,4.0,1.0,1.0,2019-2020,Premier-League,68.9,65.0,53.0,967.0,1941.0,2194.0,655.0,588.0
Manchester City,24,26.9,66.2,38,100,69,6,11,64,4.0,362.0,296.0,68.0,915.0,352.0,301.0,10.0,3.0,1.0,2019-2020,Premier-League,92.0,83.6,68.4,1199.0,2460.0,1959.0,515.0,498.0
Manchester Utd,29,24.8,55.8,38,65,43,10,14,73,0.0,423.0,427.0,56.0,635.0,379.0,333.0,12.0,3.0,1.0,2019-2020,Premier-League,62.2,51.2,38.5,926.0,1788.0,2084.0,557.0,512.0
Newcastle Utd,28,26.5,39.0,38,38,29,0,1,66,3.0,370.0,423.0,75.0,591.0,391.0,357.0,0.0,2.0,2.0,2019-2020,Premier-League,35.5,34.8,26.9,537.0,844.0,1871.0,733.0,781.0
Norwich City,30,26.0,49.3,38,25,18,2,2,68,3.0,363.0,430.0,50.0,473.0,397.0,379.0,1.0,7.0,3.0,2019-2020,Premier-League,37.0,35.4,27.4,673.0,1169.0,1989.0,518.0,673.0
Sheffield Utd,26,26.9,43.1,38,36,25,1,1,63,2.0,412.0,306.0,78.0,866.0,420.0,377.0,1.0,3.0,0.0,2019-2020,Premier-League,43.0,42.2,34.0,493.0,1352.0,2041.0,946.0,886.0
Southampton,25,25.9,48.9,38,51,32,2,5,55,4.0,450.0,388.0,58.0,690.0,425.0,416.0,4.0,4.0,1.0,2019-2020,Premier-League,56.1,52.1,36.4,628.0,1335.0,2150.0,810.0,878.0
Tottenham,29,26.7,52.0,38,56,39,3,4,84,3.0,423.0,424.0,66.0,641.0,381.0,415.0,4.0,7.0,2.0,2019-2020,Premier-League,47.9,44.7,32.6,768.0,1410.0,2022.0,642.0,671.0
Watford,26,28.9,42.9,38,35,21,7,8,80,3.0,481.0,342.0,68.0,684.0,424.0,369.0,7.0,9.0,3.0,2019-2020,Premier-League,48.9,42.6,31.4,578.0,1168.0,1996.0,823.0,802.0
West Ham,29,27.4,44.1,38,49,36,4,4,64,1.0,387.0,345.0,66.0,737.0,421.0,417.0,3.0,6.0,3.0,2019-2020,Premier-League,48.6,45.4,36.7,667.0,1377.0,2052.0,855.0,801.0
Wolves,21,26.6,48.3,38,49,34,4,4,61,2.0,407.0,360.0,49.0,718.0,437.0,367.0,4.0,3.0,1.0,2019-2020,Premier-League,54.1,51.0,37.5,858.0,1338.0,2113.0,775.0,711.0
Atalanta,28,27.2,,34,34,24,3,3,69,4.0,679.0,,,,,,,,,2002-2003,Serie-A,,,,,,,,
Bologna,23,28.8,,34,39,21,8,8,72,3.0,749.0,,,,,,,,,2002-2003,Serie-A,,,,,,,,
Brescia,26,26.5,,34,35,23,6,9,73,6.0,820.0,,,,,,,,,2002-2003,Serie-A,,,,,,,,
Chievo,27,27.3,,34,51,35,5,5,79,4.0,701.0,,,,,,,,,2002-2003,Serie-A,,,,,,,,
Como,30,28.6,,34,27,18,1,3,64,2.0,734.0,,,,,,,,,2002-2003,Serie-A,,,,,,,,
Empoli,23,26.0,,34,35,26,1,1,66,1.0,660.0,,,,,,,,,2002-2003,Serie-A,,,,,,,,
Inter,30,27.5,,34,63,41,4,4,61,7.0,684.0,,,,,,,,,2002-2003,Serie-A,,,,,,,,
Juventus,26,28.1,,34,58,46,9,10,40,3.0,649.0,,,,,,,,,2002-2003,Serie-A,,,,,,,,
Lazio,26,28.8,,34,57,44,6,8,58,3.0,729.0,,,,,,,,,2002-2003,Serie-A,,,,,,,,
Milan,35,27.8,,34,52,35,10,14,46,2.0,625.0,,,,,,,,,2002-2003,Serie-A,,,,,,,,
Modena,24,28.3,,34,30,23,4,5,80,5.0,743.0,,,,,,,,,2002-2003,Serie-A,,,,,,,,
Parma,22,24.9,,34,54,32,4,4,55,3.0,809.0,,,,,,,,,2002-2003,Serie-A,,,,,,,,
Perugia,26,26.7,,34,40,24,5,6,81,3.0,687.0,,,,,,,,,2002-2003,Serie-A,,,,,,,,
Piacenza,31,28.0,,34,44,28,2,5,66,3.0,686.0,,,,,,,,,2002-2003,Serie-A,,,,,,,,
Reggina,25,25.8,,34,38,22,7,8,59,2.0,724.0,,,,,,,,,2002-2003,Serie-A,,,,,,,,
Roma,29,27.8,,34,53,38,3,5,71,9.0,846.0,,,,,,,,,2002-2003,Serie-A,,,,,,,,
Torino,30,27.2,,34,20,12,2,3,66,8.0,697.0,,,,,,,,,2002-2003,Serie-A,,,,,,,,
Udinese,24,25.9,,34,36,22,7,8,66,7.0,719.0,,,,,,,,,2002-2003,Serie-A,,,,,,,,
Atalanta,32,27.1,55.3,38,76,54,5,7,67,1.0,435.0,393.0,54.0,778.0,296.0,347.0,5.0,2.0,2.0,2024-2025,Serie-A,65.0,59.5,46.9,897.0,1824.0,1732.0,585.0,490.0
Bologna,30,26.4,58.1,38,56,43,6,7,61,4.0,537.0,604.0,63.0,756.0,258.0,346.0,6.0,3.0,2.0,2024-2025,Serie-A,49.3,43.8,35.2,639.0,1468.0,1516.0,579.0,616.0
Cagliari,28,26.6,44.9,38,38,31,3,3,68,3.0,500.0,397.0,65.0,758.0,276.0,303.0,2.0,6.0,0.0,2024-2025,Serie-A,42.7,40.3,32.0,506.0,1150.0,1522.0,606.0,600.0
Como,38,26.3,54.6,38,44,39,0,2,87,7.0,503.0,518.0,65.0,568.0,279.0,412.0,1.0,7.0,0.0,2024-2025,Serie-A,45.4,43.9,36.6,658.0,1377.0,1547.0,472.0,487.0
Empoli,34,25.4,41.7,38,31,21,2,3,68,5.0,570.0,459.0,57.0,620.0,323.0,396.0,3.0,3.0,1.0,2024-2025,Serie-A,32.5,30.1,22.9,428.0,1013.0,1480.0,577.0,710.0
Fiorentina,34,26.3,51.0,38,58,39,6,8,82,3.0,440.0,550.0,88.0,588.0,275.0,313.0,6.0,3.0,1.0,2024-2025,Serie-A,48.9,42.6,35.1,620.0,1240.0,1436.0,508.0,487.0
Genoa,37,26.2,45.6,38,35,27,0,2,71,1.0,497.0,448.0,55.0,663.0,308.0,385.0,1.0,8.0,3.0,2024-2025,Serie-A,37.2,35.5,26.8,470.0,980.0,1481.0,666.0,696.0
Hellas Verona,32,25.1,38.7,38,31,20,2,2,98,9.0,579.0,352.0,55.0,562.0,329.0,434.0,1.0,4.0,1.0,2024-2025,Serie-A,33.8,32.3,24.8,449.0,1011.0,1427.0,671.0,699.0
Inter,26,29.4,59.4,38,76,57,8,9,56,1.0,417.0,405.0,90.0,751.0,227.0,288.0,6.0,4.0,1.0,2024-2025,Serie-A,66.9,60.1,48.3,694.0,1730.0,1440.0,604.0,419.0
Juventus,29,24.6,57.2,38,56,40,6,6,67,3.0,480.0,378.0,52.0,630.0,215.0,353.0,3.0,5.0,0.0,2024-2025,Serie-A,51.0,46.3,35.9,810.0,1561.0,1516.0,458.0,461.0
Lazio,27,27.1,55.1,38,60,43,6,7,93,7.0,425.0,484.0,46.0,864.0,295.0,319.0,4.0,4.0,2.0,2024-2025,Serie-A,57.2,52.0,38.5,774.0,1588.0,1439.0,473.0,491.0
Lecce,31,26.1,43.8,38,27,21,3,4,61,7.0,466.0,427.0,52.0,628.0,285.0,372.0,2.0,10.0,3.0,2024-2025,Serie-A,34.6,31.8,24.5,519.0,1071.0,1484.0,676.0,651.0
Milan,35,25.6,53.9,38,59,43,4,8,70,6.0,415.0,428.0,60.0,634.0,234.0,349.0,7.0,2.0,3.0,2024-2025,Serie-A,63.7,57.5,46.8,915.0,1589.0,1397.0,434.0,391.0
Monza,36,26.8,48.5,38,27,18,3,3,90,3.0,512.0,529.0,54.0,656.0,305.0,315.0,0.0,4.0,3.0,2024-2025,Serie-A,29.9,27.7,20.9,533.0,1096.0,1299.0,567.0,605.0
Napoli,27,28.6,54.6,38,56,42,4,5,47,0.0,415.0,445.0,55.0,681.0,270.0,323.0,4.0,4.0,2.0,2024-2025,Serie-A,52.9,49.1,39.1,739.0,1546.0,1435.0,530.0,460.0
Parma,32,23.8,44.2,38,43,31,6,7,78,6.0,405.0,458.0,31.0,427.0,279.0,293.0,5.0,5.0,2.0,2024-2025,Serie-A,43.1,37.6,29.3,578.0,1059.0,1365.0,499.0,502.0
Roma,28,26.5,53.9,38,55,35,8,8,66,1.0,405.0,484.0,59.0,636.0,282.0,328.0,6.0,4.0,1.0,2024-2025,Serie-A,53.0,46.7,35.0,691.0,1501.0,1437.0,441.0,476.0
Torino,31,26.7,47.5,38,36,21,2,4,80,3.0,483.0,386.0,57.0,675.0,278.0,261.0,2.0,7.0,2.0,2024-2025,Serie-A,34.6,31.6,22.5,529.0,1113.0,1296.0,538.0,564.0
Udinese,31,26.4,47.2,38,41,28,2,4,88,5.0,543.0,379.0,50.0,679.0,302.0,346.0,2.0,8.0,5.0,2024-2025,Serie-A,38.2,35.0,27.2,566.0,1160.0,1426.0,550.0,493.0
Venezia,36,25.4,45.1,38,31,16,4,5,75,2.0,503.0,451.0,58.0,529.0,279.0,361.0,4.0,11.0,3.0,2024-2025,Serie-A,35.8,32.0,22.2,507.0,1066.0,1450.0,490.0,626.0
Ascoli,27,26.5,,38,40,24,3,3,86,8.0,764.0,,,,,,,,,2005-2006,Serie-A,,,,,,,,
Cagliari,24,26.6,,38,41,26,5,6,105,10.0,766.0,,,,,,,,,2005-2006,Serie-A,,,,,,,,
Chievo,22,28.4,,38,53,38,8,9,82,8.0,804.0,,,,,,,,,2005-2006,Serie-A,,,,,,,,
Empoli,24,27.3,,38,45,31,4,5,61,5.0,743.0,,,,,,,,,2005-2006,Serie-A,,,,,,,,
Fiorentina,22,26.5,,38,66,44,2,6,70,1.0,818.0,,,,,,,,,2005-2006,Serie-A,,,,,,,,
Inter,30,28.3,,38,67,42,5,5,74,4.0,643.0,,,,,,,,,2005-2006,Serie-A,,,,,,,,
Juventus,22,28.9,,38,69,53,3,4,66,3.0,847.0,,,,,,,,,2005-2006,Serie-A,,,,,,,,
Lazio,28,28.5,,38,57,38,6,6,74,4.0,718.0,,,,,,,,,2005-2006,Serie-A,,,,,,,,
Lecce,33,24.8,,38,30,25,7,8,103,10.0,806.0,,,,,,,,,2005-2006,Serie-A,,,,,,,,
Livorno,23,28.5,,38,35,22,5,6,66,5.0,760.0,,,,,,,,,2005-2006,Serie-A,,,,,,,,
Messina,31,26.9,,38,33,21,5,6,99,7.0,834.0,,,,,,,,,2005-2006,Serie-A,,,,,,,,
Milan,23,29.6,,38,84,55,10,10,55,3.0,655.0,,,,,,,,,2005-2006,Serie-A,,,,,,,,
Palermo,28,26.1,,38,50,34,1,1,86,5.0,673.0,,,,,,,,,2005-2006,Serie-A,,,,,,,,
Parma,31,26.8,,38,46,34,4,5,96,3.0,915.0,,,,,,,,,2005-2006,Serie-A,,,,,,,,
Reggina,30,27.4,,38,38,27,3,3,91,9.0,770.0,,,,,,,,,2005-2006,Serie-A,,,,,,,,
Roma,25,26.2,,38,69,46,10,11,81,7.0,710.0,,,,,,,,,2005-2006,Serie-A,,,,,,,,
Sampdoria,29,28.9,,38,47,27,4,5,93,5.0,712.0,,,,,,,,,2005-2006,Serie-A,,,,,,,,
Siena,26,28.3,,38,40,30,4,7,97,6.0,789.0,,,,,,,,,2005-2006,Serie-A,,,,,,,,
Treviso,34,26.7,,38,24,15,1,0,90,5.0,753.0,,,,,,,,,2005-2006,Serie-A,,,,,,,,
Udinese,30,25.9,,38,38,18,7,7,90,12.0,750.0,,,,,,,,,2005-2006,Serie-A,,,,,,,,
Alavés,30,25.6,41.8,38,33,28,3,7,84,1.0,481.0,449.0,69.0,830.0,279.0,347.0,7.0,8.0,2.0,2023-2024,La-Liga,46.2,40.7,32.4,550.0,1260.0,1807.0,574.0,625.0
Almería,35,25.6,46.4,38,42,25,2,2,93,6.0,478.0,493.0,75.0,659.0,313.0,372.0,2.0,9.0,0.0,2023-2024,La-Liga,48.7,47.1,34.2,590.0,1097.0,1716.0,557.0,587.0
Athletic Club,27,27.3,49.8,38,59,41,3,5,80,5.0,511.0,428.0,78.0,845.0,278.0,362.0,4.0,5.0,4.0,2023-2024,La-Liga,52.7,48.7,37.0,735.0,1610.0,2010.0,541.0,525.0
Atlético Madrid,27,29.2,50.8,38,68,48,5,6,89,5.0,438.0,447.0,123.0,621.0,256.0,399.0,4.0,2.0,0.0,2023-2024,La-Liga,62.4,57.9,47.4,758.0,1597.0,1896.0,422.0,392.0
Barcelona,29,26.0,64.3,38,76,55,6,7,87,2.0,412.0,469.0,99.0,651.0,257.0,363.0,6.0,2.0,0.0,2023-2024,La-Liga,77.6,72.1,57.4,964.0,1925.0,1789.0,453.0,399.0
Betis,35,27.8,50.4,38,46,31,2,3,87,3.0,429.0,497.0,73.0,636.0,345.0,440.0,1.0,8.0,3.0,2023-2024,La-Liga,43.9,41.7,32.7,676.0,1441.0,1921.0,479.0,500.0
Cádiz,34,28.5,43.3,38,25,17,3,3,107,7.0,576.0,498.0,90.0,791.0,298.0,398.0,2.0,2.0,1.0,2023-2024,La-Liga,36.0,33.6,25.2,456.0,1017.0,1831.0,632.0,673.0
Celta Vigo,31,26.7,46.1,38,45,35,3,5,66,5.0,463.0,485.0,63.0,661.0,297.0,382.0,4.0,8.0,3.0,2023-2024,La-Liga,50.7,46.9,38.2,660.0,1345.0,1908.0,522.0,548.0
Getafe,33,27.3,44.8,38,42,27,6,7,135,10.0,648.0,437.0,78.0,701.0,307.0,364.0,3.0,7.0,0.0,2023-2024,La-Liga,45.7,40.2,27.9,439.0,1141.0,1773.0,657.0,692.0
Girona,25,26.1,56.9,38,84,64,7,8,75,1.0,406.0,471.0,95.0,698.0,257.0,340.0,7.0,7.0,0.0,2023-2024,La-Liga,70.8,64.6,54.0,894.0,1685.0,1808.0,373.0,390.0
Granada,40,26.7,45.6,38,35,27,5,8,98,4.0,514.0,504.0,75.0,664.0,280.0,374.0,5.0,6.0,2.0,2023-2024,La-Liga,42.6,36.4,31.1,512.0,1044.0,1708.0,484.0,540.0
Las Palmas,29,25.6,59.2,38,33,23,3,5,84,5.0,411.0,499.0,93.0,580.0,281.0,397.0,3.0,9.0,3.0,2023-2024,La-Liga,33.2,29.2,23.3,577.0,1596.0,1846.0,395.0,489.0
Mallorca,25,28.7,45.0,38,33,27,1,3,105,4.0,567.0,412.0,104.0,763.0,365.0,388.0,2.0,5.0,1.0,2023-2024,La-Liga,40.5,38.2,30.8,498.0,1174.0,1816.0,773.0,686.0
Osasuna,29,27.7,47.5,38,45,32,4,5,78,5.0,518.0,392.0,68.0,813.0,263.0,311.0,4.0,2.0,0.0,2023-2024,La-Liga,40.5,36.6,28.5,501.0,1322.0,1802.0,750.0,655.0
Rayo Vallecano,26,29.4,49.4,38,29,12,6,6,108,5.0,563.0,518.0,96.0,688.0,308.0,372.0,3.0,2.0,2.0,2023-2024,La-Liga,42.3,37.7,24.6,506.0,1335.0,1908.0,506.0,578.0
Real Madrid,27,27.4,59.2,38,85,66,2,5,69,4.0,368.0,523.0,79.0,618.0,296.0,368.0,3.0,1.0,1.0,2023-2024,La-Liga,68.8,65.2,52.5,950.0,1935.0,1766.0,329.0,272.0
Real Sociedad,31,25.8,55.3,38,48,36,4,4,98,2.0,604.0,442.0,92.0,672.0,253.0,405.0,1.0,7.0,1.0,2023-2024,La-Liga,44.9,41.8,30.7,685.0,1414.0,1816.0,759.0,714.0
Sevilla,35,28.6,50.3,38,46,30,2,2,108,4.0,477.0,443.0,77.0,934.0,313.0,463.0,1.0,5.0,2.0,2023-2024,La-Liga,44.9,43.3,31.7,635.0,1416.0,1901.0,610.0,525.0
Valencia,29,23.8,44.3,38,39,24,8,9,64,5.0,481.0,475.0,69.0,593.0,324.0,379.0,7.0,6.0,2.0,2023-2024,La-Liga,43.1,36.2,27.0,522.0,1162.0,1863.0,485.0,628.0
Villarreal,32,27.9,49.6,38,64,47,5,7,110,8.0,488.0,462.0,92.0,592.0,304.0,348.0,5.0,6.0,1.0,2023-2024,La-Liga,55.6,50.1,40.5,654.0,1558.0,1697.0,474.0,357.0
Arsenal,26,28.3,,38,62,52,1,2,48,3.0,509.0,,,,,,,,,2000-2001,Premier-League,,,,,,,,
Aston Villa,23,28.1,,38,46,35,1,1,64,3.0,540.0,,,,,,,,,2000-2001,Premier-League,,,,,,,,
Bradford City,30,30.2,,38,26,17,3,5,57,1.0,487.0,,,,,,,,,2000-2001,Premier-League,,,,,,,,
Charlton Ath,27,26.8,,38,47,33,3,3,49,2.0,451.0,,,,,,,,,2000-2001,Premier-League,,,,,,,,
Chelsea,27,28.1,,38,67,49,4,4,72,2.0,528.0,,,,,,,,,2000-2001,Premier-League,,,,,,,,
Coventry City,28,25.7,,38,33,22,3,3,74,2.0,518.0,,,,,,,,,2000-2001,Premier-League,,,,,,,,
Derby County,32,25.3,,38,36,24,2,3,80,3.0,553.0,,,,,,,,,2000-2001,Premier-League,,,,,,,,
Everton,31,27.0,,38,45,28,5,7,80,4.0,617.0,,,,,,,,,2000-2001,Premier-League,,,,,,,,
Ipswich Town,23,26.3,,38,56,39,3,3,32,2.0,461.0,,,,,,,,,2000-2001,Premier-League,,,,,,,,
Leeds United,26,24.6,,38,63,44,3,4,75,3.0,596.0,,,,,,,,,2000-2001,Premier-League,,,,,,,,
Leicester City,29,27.4,,38,39,31,3,3,61,2.0,486.0,,,,,,,,,2000-2001,Premier-League,,,,,,,,
Liverpool,26,25.4,,38,70,48,3,4,55,4.0,504.0,,,,,,,,,2000-2001,Premier-League,,,,,,,,
Manchester City,30,26.1,,38,38,28,2,2,67,3.0,605.0,,,,,,,,,2000-2001,Premier-League,,,,,,,,
Manchester Utd,29,26.9,,38,77,60,2,3,44,3.0,430.0,,,,,,,,,2000-2001,Premier-League,,,,,,,,
Middlesbrough,28,29.3,,38,43,25,3,3,78,6.0,572.0,,,,,,,,,2000-2001,Premier-League,,,,,,,,
Newcastle Utd,29,26.0,,38,42,27,5,7,48,5.0,508.0,,,,,,,,,2000-2001,Premier-League,,,,,,,,
Southampton,24,27.1,,38,40,28,0,0,51,1.0,492.0,,,,,,,,,2000-2001,Premier-League,,,,,,,,
Sunderland,28,26.4,,38,46,32,2,4,73,5.0,609.0,,,,,,,,,2000-2001,Premier-League,,,,,,,,
Tottenham,29,26.3,,38,46,31,3,4,49,3.0,523.0,,,,,,,,,2000-2001,Premier-League,,,,,,,,
West Ham,34,27.6,,38,45,30,4,4,72,2.0,465.0,,,,,,,,,2000-2001,Premier-League,,,,,,,,
Atalanta,32,27.5,55.0,38,62,48,5,6,87,2.0,513.0,454.0,68.0,661.0,441.0,341.0,3.0,6.0,3.0,2021-2022,Serie-A,62.4,58.1,48.5,796.0,1858.0,2292.0,685.0,518.0
Bologna,36,26.6,50.6,38,43,34,4,5,92,7.0,443.0,497.0,56.0,601.0,370.0,298.0,3.0,9.0,2.0,2021-2022,Serie-A,44.9,41.0,33.6,540.0,1276.0,1972.0,492.0,520.0
Cagliari,33,26.5,44.5,38,34,26,3,4,96,5.0,549.0,490.0,70.0,675.0,397.0,303.0,3.0,10.0,1.0,2021-2022,Serie-A,39.0,36.4,29.6,474.0,1088.0,1995.0,696.0,742.0
Empoli,28,24.5,47.4,38,47,27,7,7,87,5.0,506.0,463.0,83.0,704.0,352.0,327.0,6.0,10.0,6.0,2021-2022,Serie-A,44.9,39.3,28.9,658.0,1477.0,1998.0,427.0,549.0
Fiorentina,28,26.4,57.7,38,59,33,9,12,89,8.0,464.0,565.0,57.0,776.0,244.0,301.0,8.0,5.0,2.0,2021-2022,Serie-A,60.0,50.8,39.2,755.0,1584.0,1885.0,469.0,456.0
Genoa,40,27.0,43.9,38,26,19,6,7,92,3.0,566.0,499.0,72.0,661.0,449.0,416.0,4.0,5.0,2.0,2021-2022,Serie-A,37.2,31.8,26.3,517.0,1101.0,2228.0,635.0,743.0
Hellas Verona,31,26.8,50.6,38,63,44,7,8,100,7.0,560.0,429.0,97.0,593.0,392.0,308.0,6.0,4.0,2.0,2021-2022,Serie-A,50.4,44.2,34.1,677.0,1587.0,2413.0,689.0,733.0
Inter,27,28.9,56.5,38,83,57,7,11,71,0.0,466.0,412.0,57.0,809.0,332.0,332.0,7.0,4.0,1.0,2021-2022,Serie-A,81.6,73.6,57.3,782.0,1778.0,2004.0,549.0,476.0
Juventus,32,27.4,51.5,38,56,37,5,6,77,2.0,508.0,503.0,74.0,550.0,332.0,316.0,5.0,7.0,1.0,2021-2022,Serie-A,51.4,46.7,36.3,701.0,1464.0,2008.0,550.0,440.0
Lazio,27,29.0,55.4,38,74,48,7,9,88,5.0,441.0,450.0,44.0,574.0,315.0,339.0,6.0,6.0,1.0,2021-2022,Serie-A,55.3,48.2,38.8,788.0,1527.0,1941.0,411.0,427.0
Milan,28,25.6,54.0,38,66,39,5,8,76,3.0,465.0,513.0,80.0,672.0,355.0,421.0,5.0,5.0,2.0,2021-2022,Serie-A,59.7,54.1,42.8,806.0,1486.0,2167.0,521.0,517.0
Napoli,27,27.9,58.3,38,74,46,10,14,63,2.0,460.0,482.0,67.0,553.0,296.0,327.0,9.0,1.0,1.0,2021-2022,Serie-A,57.8,46.6,37.1,827.0,1665.0,1981.0,393.0,403.0
Roma,29,26.4,51.4,38,58,31,7,9,111,8.0,500.0,474.0,60.0,735.0,385.0,362.0,5.0,6.0,2.0,2021-2022,Serie-A,65.1,58.1,46.3,733.0,1587.0,1980.0,524.0,441.0
Salernitana,42,27.7,41.2,38,32,19,4,5,94,5.0,494.0,522.0,41.0,698.0,353.0,321.0,4.0,8.0,2.0,2021-2022,Serie-A,36.5,32.9,24.8,528.0,1031.0,1849.0,657.0,506.0
Sampdoria,34,29.0,46.1,38,42,29,2,4,94,4.0,495.0,513.0,82.0,645.0,443.0,327.0,3.0,4.0,2.0,2021-2022,Serie-A,36.7,33.4,26.2,467.0,1187.0,2044.0,609.0,506.0
Sassuolo,29,26.1,54.9,38,60,39,7,7,92,4.0,461.0,479.0,43.0,541.0,314.0,271.0,6.0,9.0,1.0,2021-2022,Serie-A,55.7,50.2,39.0,815.0,1507.0,1926.0,343.0,404.0
Spezia,30,24.4,42.7,38,38,25,3,5,88,4.0,508.0,439.0,77.0,534.0,372.0,343.0,4.0,13.0,3.0,2021-2022,Serie-A,40.1,36.2,27.9,511.0,999.0,1994.0,530.0,589.0
Torino,31,25.2,53.3,38,43,27,6,6,89,3.0,636.0,460.0,84.0,663.0,423.0,314.0,4.0,11.0,0.0,2021-2022,Serie-A,48.7,44.1,36.3,628.0,1320.0,2113.0,781.0,891.0
Udinese,29,26.2,42.7,38,58,36,3,4,95,6.0,564.0,461.0,78.0,519.0,351.0,350.0,4.0,7.0,1.0,2021-2022,Serie-A,51.3,48.2,36.6,669.0,1226.0,2027.0,453.0,534.0
Venezia,39,26.1,42.3,38,34,23,3,5,110,9.0,522.0,457.0,61.0,585.0,388.0,352.0,5.0,12.0,2.0,2021-2022,Serie-A,36.5,32.4,26.4,540.0,1088.0,1942.0,564.0,583.0
Alavés,22,27.2,,38,40,26,6,8,108,7.0,767.0,,,,,,,,,1999-2000,La-Liga,,,,,,,,
Athletic Club,28,26.4,,38,47,39,5,6,125,3.0,754.0,,,,,,,,,1999-2000,La-Liga,,,,,,,,
Atlético Madrid,29,25.6,,38,48,31,4,6,121,6.0,739.0,,,,,,,,,1999-2000,La-Liga,,,,,,,,
Barcelona,24,26.4,,38,70,46,3,4,85,5.0,597.0,,,,,,,,,1999-2000,La-Liga,,,,,,,,
Betis,24,26.0,,38,33,19,5,6,100,9.0,649.0,,,,,,,,,1999-2000,La-Liga,,,,,,,,
Celta Vigo,27,26.2,,38,44,31,2,3,123,11.0,761.0,,,,,,,,,1999-2000,La-Liga,,,,,,,,
Espanyol,29,25.9,,38,51,29,7,7,103,4.0,781.0,,,,,,,,,1999-2000,La-Liga,,,,,,,,
La Coruña,23,28.4,,38,64,41,4,5,94,9.0,705.0,,,,,,,,,1999-2000,La-Liga,,,,,,,,
Málaga,24,25.3,,38,54,40,4,5,98,8.0,700.0,,,,,,,,,1999-2000,La-Liga,,,,,,,,
Mallorca,30,27.2,,38,51,33,5,6,85,6.0,562.0,,,,,,,,,1999-2000,La-Liga,,,,,,,,
Numancia,25,27.4,,38,46,24,5,7,108,6.0,650.0,,,,,,,,,1999-2000,La-Liga,,,,,,,,
Oviedo,25,26.4,,38,44,30,2,4,104,2.0,637.0,,,,,,,,,1999-2000,La-Liga,,,,,,,,
Racing Sant,23,26.2,,38,52,29,12,13,98,7.0,717.0,,,,,,,,,1999-2000,La-Liga,,,,,,,,
Rayo Vallecano,24,28.0,,38,49,31,2,2,100,5.0,715.0,,,,,,,,,1999-2000,La-Liga,,,,,,,,
Real Madrid,28,24.6,,38,56,48,4,4,95,7.0,609.0,,,,,,,,,1999-2000,La-Liga,,,,,,,,
Real Sociedad,26,26.7,,38,42,28,0,0,105,11.0,762.0,,,,,,,,,1999-2000,La-Liga,,,,,,,,
Sevilla,32,25.6,,38,42,33,4,5,111,6.0,781.0,,,,,,,,,1999-2000,La-Liga,,,,,,,,
Valencia,24,27.0,,38,56,38,8,9,103,11.0,639.0,,,,,,,,,1999-2000,La-Liga,,,,,,,,
Valladolid,27,26.7,,38,35,33,3,3,105,4.0,679.0,,,,,,,,,1999-2000,La-Liga,,,,,,,,
Zaragoza,22,28.3,,38,59,37,4,4,116,4.0,714.0,,,,,,,,,1999-2000,La-Liga,,,,,,,,
Atalanta,29,25.5,,34,37,20,4,5,68,1.0,544.0,,,,,,,,,2000-2001,Serie-A,,,,,,,,
Bari,36,24.3,,34,31,16,9,11,68,7.0,599.0,,,,,,,,,2000-2001,Serie-A,,,,,,,,
Bologna,27,27.4,,34,49,25,5,6,78,5.0,666.0,,,,,,,,,2000-2001,Serie-A,,,,,,,,
Brescia,26,28.8,,34,43,19,9,10,79,4.0,593.0,,,,,,,,,2000-2001,Serie-A,,,,,,,,
Fiorentina,27,27.5,,34,51,27,4,4,66,5.0,622.0,,,,,,,,,2000-2001,Serie-A,,,,,,,,
Hellas Verona,27,25.4,,34,38,21,5,7,91,16.0,667.0,,,,,,,,,2000-2001,Serie-A,,,,,,,,
Inter,30,26.3,,34,47,28,6,7,56,3.0,610.0,,,,,,,,,2000-2001,Serie-A,,,,,,,,
Juventus,22,27.3,,34,60,39,4,6,67,5.0,638.0,,,,,,,,,2000-2001,Serie-A,,,,,,,,
Lazio,27,27.9,,34,61,40,6,8,56,4.0,550.0,,,,,,,,,2000-2001,Serie-A,,,,,,,,
Lecce,25,27.1,,34,40,24,8,8,63,9.0,638.0,,,,,,,,,2000-2001,Serie-A,,,,,,,,
Milan,28,27.2,,34,55,41,6,6,60,3.0,616.0,,,,,,,,,2000-2001,Serie-A,,,,,,,,
Napoli,29,26.1,,34,34,18,3,4,79,6.0,646.0,,,,,,,,,2000-2001,Serie-A,,,,,,,,
Parma,23,26.8,,34,51,35,3,4,56,4.0,540.0,,,,,,,,,2000-2001,Serie-A,,,,,,,,
Perugia,28,25.7,,34,49,23,7,8,75,7.0,531.0,,,,,,,,,2000-2001,Serie-A,,,,,,,,
Reggina,24,25.0,,34,32,11,1,2,79,5.0,762.0,,,,,,,,,2000-2001,Serie-A,,,,,,,,
Roma,23,27.1,,34,65,47,5,5,67,3.0,655.0,,,,,,,,,2000-2001,Serie-A,,,,,,,,
Udinese,28,25.5,,34,48,29,7,7,66,4.0,652.0,,,,,,,,,2000-2001,Serie-A,,,,,,,,
Vicenza,30,26.0,,34,35,23,3,3,93,3.0,723.0,,,,,,,,,2000-2001,Serie-A,,,,,,,,
Atalanta,30,27.3,54.6,38,90,65,6,7,67,3.0,580.0,473.0,56.0,657.0,516.0,343.0,5.0,8.0,1.0,2020-2021,Serie-A,74.7,69.3,55.5,874.0,2077.0,2472.0,633.0,506.0
Benevento,29,28.7,42.6,38,40,26,5,7,95,5.0,496.0,593.0,61.0,645.0,383.0,288.0,7.0,5.0,6.0,2020-2021,Serie-A,40.6,35.0,27.6,512.0,1096.0,1749.0,496.0,615.0
Bologna,37,27.2,50.8,38,49,38,3,4,82,4.0,536.0,476.0,73.0,669.0,424.0,313.0,3.0,9.0,2.0,2020-2021,Serie-A,54.6,51.1,39.0,707.0,1516.0,2016.0,564.0,594.0
Cagliari,32,26.5,44.8,38,43,30,4,5,77,3.0,516.0,469.0,57.0,721.0,388.0,336.0,4.0,5.0,0.0,2020-2021,Serie-A,47.1,43.4,34.0,589.0,1228.0,1854.0,637.0,602.0
Crotone,31,27.8,46.3,38,44,27,9,9,89,4.0,531.0,490.0,57.0,544.0,380.0,311.0,7.0,5.0,2.0,2020-2021,Serie-A,40.4,33.4,23.9,582.0,1217.0,1936.0,472.0,534.0
Fiorentina,30,26.6,46.3,38,44,31,6,6,86,5.0,523.0,523.0,61.0,740.0,388.0,263.0,4.0,11.0,2.0,2020-2021,Serie-A,44.9,40.2,31.6,637.0,1353.0,1817.0,538.0,544.0
Genoa,34,28.3,44.8,38,46,32,4,4,87,2.0,520.0,466.0,79.0,579.0,519.0,309.0,2.0,7.0,2.0,2020-2021,Serie-A,38.8,35.6,26.4,523.0,1165.0,2013.0,504.0,643.0
Hellas Verona,32,26.2,49.8,38,38,30,3,3,91,1.0,622.0,520.0,108.0,732.0,492.0,269.0,3.0,7.0,2.0,2020-2021,Serie-A,45.3,43.0,33.5,599.0,1490.0,2214.0,749.0,832.0
Inter,25,27.7,52.5,38,84,62,8,9,61,2.0,472.0,426.0,65.0,702.0,371.0,286.0,6.0,7.0,1.0,2020-2021,Serie-A,74.2,67.2,52.5,766.0,1707.0,1814.0,439.0,428.0
Juventus,30,27.7,56.9,38,76,59,8,10,80,6.0,505.0,470.0,93.0,754.0,458.0,323.0,8.0,9.0,2.0,2020-2021,Serie-A,74.4,67.0,55.1,949.0,1768.0,1941.0,426.0,378.0
Lazio,30,29.4,53.0,38,59,40,6,10,107,5.0,498.0,427.0,87.0,744.0,445.0,346.0,8.0,10.0,2.0,2020-2021,Serie-A,58.2,50.7,39.6,785.0,1688.0,2132.0,539.0,510.0
Milan,29,24.4,51.7,38,72,47,15,20,83,4.0,513.0,474.0,92.0,688.0,382.0,357.0,15.0,5.0,1.0,2020-2021,Serie-A,70.7,56.0,43.9,784.0,1483.0,2069.0,567.0,539.0
Napoli,25,27.1,55.1,38,83,56,7,8,76,3.0,386.0,548.0,72.0,665.0,369.0,345.0,7.0,5.0,1.0,2020-2021,Serie-A,67.7,61.4,46.9,884.0,1703.0,1923.0,414.0,404.0
Parma,42,28.0,47.8,38,39,26,5,5,91,1.0,525.0,481.0,78.0,643.0,463.0,317.0,4.0,3.0,3.0,2020-2021,Serie-A,42.5,38.6,30.5,607.0,1319.0,1803.0,630.0,474.0
Roma,31,26.7,52.2,38,67,51,7,8,91,3.0,553.0,425.0,62.0,679.0,489.0,273.0,6.0,6.0,3.0,2020-2021,Serie-A,65.3,59.0,48.2,863.0,1583.0,1894.0,428.0,414.0
Sampdoria,27,27.9,45.2,38,52,37,5,6,83,3.0,509.0,485.0,62.0,787.0,453.0,326.0,3.0,9.0,1.0,2020-2021,Serie-A,45.4,41.1,31.9,588.0,1370.0,2048.0,628.0,597.0
Sassuolo,28,26.5,60.3,38,61,36,13,14,79,4.0,494.0,475.0,57.0,588.0,426.0,310.0,12.0,5.0,1.0,2020-2021,Serie-A,58.4,47.7,34.0,770.0,1746.0,1850.0,408.0,450.0
Spezia,35,25.2,51.9,38,52,37,4,5,100,5.0,588.0,529.0,82.0,602.0,395.0,318.0,5.0,10.0,0.0,2020-2021,Serie-A,46.5,42.6,31.1,625.0,1388.0,2001.0,537.0,567.0
Torino,29,26.9,47.3,38,49,28,5,6,78,4.0,577.0,602.0,59.0,740.0,444.0,306.0,6.0,10.0,0.0,2020-2021,Serie-A,50.0,45.3,32.2,617.0,1138.0,1968.0,595.0,622.0
Udinese,33,27.2,46.3,38,40,30,4,4,65,2.0,511.0,522.0,82.0,703.0,440.0,294.0,3.0,14.0,0.0,2020-2021,Serie-A,45.7,42.9,30.0,672.0,1405.0,1853.0,491.0,442.0
Ascoli,32,28.0,,38,35,17,3,6,127,8.0,844.0,,,,,,,,,2006-2007,Serie-A,,,,,,,,
Atalanta,23,27.6,,38,54,37,5,7,106,7.0,743.0,,,,,,,,,2006-2007,Serie-A,,,,,,,,
Cagliari,29,27.4,,38,34,18,8,9,68,6.0,658.0,,,,,,,,,2006-2007,Serie-A,,,,,,,,
Catania,26,29.3,,38,46,24,5,5,108,10.0,746.0,,,,,,,,,2006-2007,Serie-A,,,,,,,,
Chievo,33,28.1,,38,38,17,4,7,91,9.0,728.0,,,,,,,,,2006-2007,Serie-A,,,,,,,,
Empoli,26,27.5,,38,42,28,4,5,78,4.0,785.0,,,,,,,,,2006-2007,Serie-A,,,,,,,,
Fiorentina,22,26.2,,38,60,37,4,6,88,4.0,812.0,,,,,,,,,2006-2007,Serie-A,,,,,,,,
Inter,25,28.8,,38,76,59,6,8,92,5.0,621.0,,,,,,,,,2006-2007,Serie-A,,,,,,,,
Lazio,28,27.9,,38,59,27,6,3,94,11.0,745.0,,,,,,,,,2006-2007,Serie-A,,,,,,,,
Livorno,24,29.3,,38,41,25,5,5,82,5.0,724.0,,,,,,,,,2006-2007,Serie-A,,,,,,,,
Messina,31,28.0,,38,37,22,7,9,119,14.0,713.0,,,,,,,,,2006-2007,Serie-A,,,,,,,,
Milan,31,29.3,,38,56,37,4,7,66,4.0,654.0,,,,,,,,,2006-2007,Serie-A,,,,,,,,
Palermo,23,27.7,,38,58,32,6,7,102,9.0,799.0,,,,,,,,,2006-2007,Serie-A,,,,,,,,
Parma,26,26.8,,38,41,24,6,7,106,6.0,806.0,,,,,,,,,2006-2007,Serie-A,,,,,,,,
Reggina,26,27.0,,38,52,31,6,7,111,4.0,790.0,,,,,,,,,2006-2007,Serie-A,,,,,,,,
Roma,23,27.1,,38,74,51,5,10,82,2.0,645.0,,,,,,,,,2006-2007,Serie-A,,,,,,,,
Sampdoria,27,28.2,,38,43,23,5,7,94,7.0,792.0,,,,,,,,,2006-2007,Serie-A,,,,,,,,
Siena,24,27.6,,38,35,21,2,5,100,11.0,789.0,,,,,,,,,2006-2007,Serie-A,,,,,,,,
Torino,30,29.7,,38,25,22,3,3,98,8.0,804.0,,,,,,,,,2006-2007,Serie-A,,,,,,,,
Udinese,29,24.4,,38,49,31,6,6,95,12.0,745.0,,,,,,,,,2006-2007,Serie-A,,,,,,,,
Atalanta,27,27.0,,34,40,25,4,4,66,5.0,612.0,,,,,,,,,2001-2002,Serie-A,,,,,,,,
Bologna,23,27.8,,34,39,29,0,2,81,8.0,736.0,,,,,,,,,2001-2002,Serie-A,,,,,,,,
Brescia,26,27.8,,34,43,28,6,9,93,4.0,760.0,,,,,,,,,2001-2002,Serie-A,,,,,,,,
Chievo,24,26.7,,34,57,40,7,9,94,10.0,681.0,,,,,,,,,2001-2002,Serie-A,,,,,,,,
Fiorentina,36,26.5,,34,29,22,0,2,59,7.0,611.0,,,,,,,,,2001-2002,Serie-A,,,,,,,,
Hellas Verona,29,25.1,,34,40,23,5,8,91,8.0,726.0,,,,,,,,,2001-2002,Serie-A,,,,,,,,
Inter,27,26.3,,34,61,42,6,6,77,4.0,770.0,,,,,,,,,2001-2002,Serie-A,,,,,,,,
Juventus,21,27.4,,34,61,45,5,7,50,3.0,679.0,,,,,,,,,2001-2002,Serie-A,,,,,,,,
Lazio,28,28.0,,34,50,32,3,4,75,5.0,637.0,,,,,,,,,2001-2002,Serie-A,,,,,,,,
Lecce,29,27.2,,34,36,27,1,3,79,8.0,658.0,,,,,,,,,2001-2002,Serie-A,,,,,,,,
Milan,27,26.9,,34,47,37,5,8,62,3.0,678.0,,,,,,,,,2001-2002,Serie-A,,,,,,,,
Parma,30,26.5,,34,42,33,1,3,60,3.0,594.0,,,,,,,,,2001-2002,Serie-A,,,,,,,,
Perugia,31,26.9,,34,37,22,3,3,82,8.0,585.0,,,,,,,,,2001-2002,Serie-A,,,,,,,,
Piacenza,25,28.3,,34,49,32,6,7,93,13.0,704.0,,,,,,,,,2001-2002,Serie-A,,,,,,,,
Roma,23,27.9,,34,57,34,5,5,64,6.0,730.0,,,,,,,,,2001-2002,Serie-A,,,,,,,,
Torino,28,27.6,,34,37,23,3,6,77,3.0,718.0,,,,,,,,,2001-2002,Serie-A,,,,,,,,
Udinese,30,25.2,,34,41,27,8,10,67,11.0,625.0,,,,,,,,,2001-2002,Serie-A,,,,,,,,
Venezia,29,26.7,,34,29,15,4,4,79,3.0,568.0,,,,,,,,,2001-2002,Serie-A,,,,,,,,
Arsenal,29,26.9,58.9,38,73,55,4,6,69,0.0,394.0,390.0,99.0,701.0,558.0,492.0,4.0,10.0,1.0,2016-2017,Premier-League,,,,,,,,
Bournemouth,27,27.0,51.5,38,53,33,7,10,56,2.0,372.0,492.0,54.0,642.0,481.0,466.0,11.0,4.0,4.0,2016-2017,Premier-League,,,,,,,,
Burnley,27,27.7,40.3,38,39,24,6,6,67,1.0,428.0,415.0,103.0,676.0,569.0,473.0,4.0,5.0,2.0,2016-2017,Premier-League,,,,,,,,
Chelsea,24,27.2,55.1,38,83,53,2,4,72,0.0,394.0,474.0,65.0,697.0,523.0,482.0,4.0,2.0,1.0,2016-2017,Premier-League,,,,,,,,
Crystal Palace,31,27.7,45.4,38,48,32,4,7,79,0.0,471.0,470.0,57.0,880.0,575.0,521.0,6.0,2.0,0.0,2016-2017,Premier-League,,,,,,,,
Everton,27,27.5,52.1,38,58,45,3,4,74,1.0,457.0,419.0,83.0,775.0,472.0,557.0,3.0,5.0,1.0,2016-2017,Premier-League,,,,,,,,
Hull City,28,27.4,45.9,38,36,24,3,3,67,0.0,403.0,390.0,71.0,748.0,587.0,474.0,2.0,14.0,5.0,2016-2017,Premier-League,,,,,,,,
Leicester City,25,27.8,41.9,38,46,32,4,6,73,0.0,447.0,332.0,65.0,735.0,559.0,508.0,5.0,4.0,2.0,2016-2017,Premier-League,,,,,,,,
Liverpool,23,26.1,62.0,38,77,52,7,8,54,0.0,396.0,383.0,78.0,815.0,425.0,540.0,5.0,5.0,0.0,2016-2017,Premier-League,,,,,,,,
Manchester City,25,28.5,65.0,38,75,54,7,9,71,0.0,395.0,427.0,93.0,810.0,527.0,476.0,9.0,5.0,1.0,2016-2017,Premier-League,,,,,,,,
Manchester Utd,31,26.7,56.5,38,54,37,3,4,80,1.0,498.0,443.0,102.0,852.0,610.0,507.0,2.0,5.0,1.0,2016-2017,Premier-League,,,,,,,,
Middlesbrough,27,27.3,47.3,38,26,22,2,2,79,1.0,480.0,399.0,51.0,735.0,570.0,558.0,2.0,5.0,0.0,2016-2017,Premier-League,,,,,,,,
Southampton,26,26.0,54.4,38,39,27,3,6,61,1.0,426.0,415.0,75.0,960.0,539.0,507.0,5.0,9.0,0.0,2016-2017,Premier-League,,,,,,,,
Stoke City,26,28.7,46.3,38,37,24,4,6,72,1.0,434.0,440.0,87.0,725.0,528.0,489.0,5.0,2.0,5.0,2016-2017,Premier-League,,,,,,,,
Sunderland,31,26.8,39.7,38,28,11,5,5,84,3.0,437.0,392.0,80.0,633.0,574.0,495.0,3.0,4.0,2.0,2016-2017,Premier-League,,,,,,,,
Swansea City,27,27.4,47.9,38,45,31,3,3,56,0.0,399.0,425.0,50.0,867.0,471.0,481.0,3.0,10.0,5.0,2016-2017,Premier-League,,,,,,,,
Tottenham,24,25.3,60.5,38,84,59,7,9,62,0.0,431.0,463.0,74.0,763.0,331.0,512.0,9.0,2.0,1.0,2016-2017,Premier-League,,,,,,,,
Watford,33,29.0,46.1,38,39,27,3,3,90,3.0,514.0,417.0,63.0,696.0,532.0,468.0,3.0,4.0,2.0,2016-2017,Premier-League,,,,,,,,
West Brom,23,29.4,37.3,38,43,33,1,1,80,0.0,448.0,343.0,61.0,770.0,564.0,441.0,0.0,3.0,1.0,2016-2017,Premier-League,,,,,,,,
West Ham,29,27.1,47.1,38,46,28,3,4,86,4.0,408.0,461.0,80.0,759.0,634.0,452.0,4.0,8.0,0.0,2016-2017,Premier-League,,,,,,,,
Albacete,30,26.1,,38,34,26,3,3,99,8.0,682.0,,,,,,,,,2003-2004,La-Liga,,,,,,,,
Athletic Club,25,25.7,,38,52,33,3,5,108,6.0,701.0,,,,,,,,,2003-2004,La-Liga,,,,,,,,
Atlético Madrid,32,26.5,,38,51,36,5,6,131,7.0,782.0,,,,,,,,,2003-2004,La-Liga,,,,,,,,
Barcelona,28,25.8,,38,61,42,2,3,99,13.0,642.0,,,,,,,,,2003-2004,La-Liga,,,,,,,,
Betis,27,26.3,,38,46,30,5,6,91,6.0,669.0,,,,,,,,,2003-2004,La-Liga,,,,,,,,
Celta Vigo,30,28.3,,38,48,34,5,7,105,11.0,653.0,,,,,,,,,2003-2004,La-Liga,,,,,,,,
Espanyol,31,26.7,,38,47,31,6,6,120,15.0,738.0,,,,,,,,,2003-2004,La-Liga,,,,,,,,
La Coruña,25,28.4,,38,55,41,2,3,85,6.0,634.0,,,,,,,,,2003-2004,La-Liga,,,,,,,,
Málaga,24,26.5,,38,50,32,5,6,109,3.0,813.0,,,,,,,,,2003-2004,La-Liga,,,,,,,,
Mallorca,26,26.7,,38,54,33,7,9,92,5.0,646.0,,,,,,,,,2003-2004,La-Liga,,,,,,,,
Osasuna,25,25.9,,38,35,25,4,5,106,10.0,713.0,,,,,,,,,2003-2004,La-Liga,,,,,,,,
Racing Sant,23,25.7,,38,46,27,5,8,117,5.0,805.0,,,,,,,,,2003-2004,La-Liga,,,,,,,,
Real Madrid,24,26.6,,38,70,49,6,7,110,6.0,612.0,,,,,,,,,2003-2004,La-Liga,,,,,,,,
Real Murcia,31,26.7,,38,29,15,4,4,85,8.0,694.0,,,,,,,,,2003-2004,La-Liga,,,,,,,,
Real Sociedad,25,28.7,,38,47,28,5,8,98,3.0,710.0,,,,,,,,,2003-2004,La-Liga,,,,,,,,
Sevilla,32,26.7,,38,55,31,9,9,126,8.0,695.0,,,,,,,,,2003-2004,La-Liga,,,,,,,,
Valencia,23,27.3,,38,69,51,4,7,96,3.0,744.0,,,,,,,,,2003-2004,La-Liga,,,,,,,,
Valladolid,26,26.8,,38,46,27,5,6,114,10.0,746.0,,,,,,,,,2003-2004,La-Liga,,,,,,,,
Villarreal,23,25.7,,38,45,33,4,4,118,7.0,628.0,,,,,,,,,2003-2004,La-Liga,,,,,,,,
Zaragoza,29,25.2,,38,43,31,4,4,103,7.0,720.0,,,,,,,,,2003-2004,La-Liga,,,,,,,,
Arsenal,25,25.8,56.9,38,67,55,2,2,70,6.0,401.0,405.0,80.0,766.0,225.0,348.0,2.0,3.0,0.0,2024-2025,Premier-League,59.9,58.4,45.3,852.0,1826.0,1436.0,471.0,465.0
Aston Villa,28,27.0,50.5,38,56,45,3,6,76,4.0,406.0,499.0,55.0,604.0,240.0,372.0,6.0,3.0,0.0,2024-2025,Premier-League,56.1,51.3,41.7,720.0,1344.0,1418.0,378.0,423.0
Bournemouth,29,25.1,48.5,38,57,41,6,7,97,3.0,525.0,400.0,70.0,832.0,351.0,399.0,7.0,4.0,0.0,2024-2025,Premier-League,64.0,58.5,43.8,754.0,1489.0,1821.0,573.0,606.0
Brentford,28,25.8,47.9,38,65,44,5,6,62,1.0,320.0,339.0,63.0,674.0,285.0,380.0,6.0,1.0,3.0,2024-2025,Premier-League,59.0,54.4,42.4,598.0,1356.0,1644.0,624.0,567.0
Brighton,32,24.8,52.3,38,64,41,7,7,78,3.0,438.0,411.0,46.0,704.0,315.0,431.0,6.0,9.0,2.0,2024-2025,Premier-League,58.7,53.3,40.4,816.0,1539.0,1624.0,518.0,463.0
Chelsea,29,23.7,57.1,38,61,47,4,5,101,2.0,436.0,444.0,65.0,663.0,272.0,371.0,5.0,6.0,0.0,2024-2025,Premier-League,67.8,63.8,52.7,861.0,1595.0,1577.0,402.0,390.0
Crystal Palace,29,26.2,42.8,38,49,38,3,4,80,4.0,417.0,403.0,74.0,605.0,334.0,450.0,4.0,2.0,3.0,2024-2025,Premier-League,60.4,57.3,46.4,510.0,1158.0,1698.0,511.0,636.0
Everton,26,28.0,40.9,38,39,27,2,2,82,2.0,430.0,384.0,81.0,682.0,345.0,433.0,1.0,2.0,0.0,2024-2025,Premier-League,41.8,40.2,32.2,486.0,1041.0,1524.0,614.0,564.0
Fulham,26,28.1,52.3,38,53,44,3,4,80,2.0,432.0,359.0,43.0,894.0,302.0,411.0,3.0,4.0,2.0,2024-2025,Premier-League,49.0,45.9,37.5,786.0,1558.0,1610.0,533.0,532.0
Ipswich Town,32,25.8,40.6,38,35,26,2,2,93,5.0,430.0,404.0,52.0,505.0,303.0,340.0,2.0,6.0,2.0,2024-2025,Premier-League,34.4,32.8,24.2,513.0,935.0,1437.0,552.0,533.0
Leicester City,32,26.6,45.4,38,33,25,2,3,87,0.0,420.0,393.0,63.0,621.0,327.0,431.0,3.0,4.0,3.0,2024-2025,Premier-League,32.6,30.4,25.1,576.0,1082.0,1478.0,503.0,579.0
Liverpool,24,27.2,57.7,38,85,65,9,9,67,3.0,430.0,359.0,60.0,729.0,299.0,391.0,6.0,2.0,2.0,2024-2025,Premier-League,82.2,75.2,61.6,826.0,1924.0,1621.0,406.0,368.0
Manchester City,30,26.8,61.3,38,71,51,3,4,59,2.0,287.0,382.0,45.0,659.0,229.0,299.0,4.0,4.0,2.0,2024-2025,Premier-League,68.1,64.9,54.2,1146.0,1944.0,1437.0,310.0,334.0
Manchester Utd,31,25.5,53.5,38,42,29,4,4,86,3.0,403.0,371.0,69.0,630.0,358.0,493.0,4.0,4.0,2.0,2024-2025,Premier-League,52.6,49.4,39.7,697.0,1448.0,1736.0,486.0,488.0
Newcastle Utd,24,27.4,51.3,38,66,50,5,6,68,1.0,394.0,450.0,71.0,705.0,270.0,371.0,4.0,2.0,2.0,2024-2025,Premier-League,63.8,59.5,46.0,759.0,1595.0,1632.0,487.0,466.0
Nott'ham Forest,23,26.1,41.2,38,57,42,3,3,90,2.0,401.0,419.0,91.0,621.0,322.0,419.0,3.0,3.0,0.0,2024-2025,Premier-League,45.5,43.2,33.0,633.0,1125.0,1588.0,570.0,559.0
Southampton,36,25.2,48.5,38,25,16,0,2,89,3.0,459.0,421.0,49.0,548.0,305.0,378.0,2.0,9.0,0.0,2024-2025,Premier-League,32.7,30.9,24.8,640.0,1127.0,1440.0,468.0,421.0
Tottenham,31,25.0,54.7,38,61,47,3,4,72,1.0,446.0,483.0,63.0,752.0,322.0,414.0,4.0,3.0,4.0,2024-2025,Premier-League,58.8,55.7,44.4,840.0,1593.0,1659.0,422.0,437.0
West Ham,27,28.1,48.4,38,43,29,3,3,82,3.0,443.0,397.0,73.0,613.0,331.0,388.0,2.0,3.0,3.0,2024-2025,Premier-League,47.0,44.7,33.9,632.0,1222.0,1558.0,587.0,560.0
Wolves,32,26.9,48.1,38,53,42,0,0,79,2.0,480.0,425.0,62.0,568.0,298.0,471.0,0.0,9.0,3.0,2024-2025,Premier-League,43.7,43.7,35.4,607.0,1185.0,1659.0,451.0,475.0
Auxerre,24,25.3,,34,36,24,3,4,68,8.0,,,,,,,,,,1999-2000,Ligue-1,,,,,,,,
Bastia,26,26.6,,34,43,22,1,2,78,2.0,,,,,,,,,,1999-2000,Ligue-1,,,,,,,,
Bordeaux,21,26.3,,34,52,27,3,4,68,7.0,,,,,,,,,,1999-2000,Ligue-1,,,,,,,,
Le Havre,28,24.7,,34,29,16,0,1,63,7.0,,,,,,,,,,1999-2000,Ligue-1,,,,,,,,
Lens,25,25.3,,34,40,22,1,3,70,4.0,,,,,,,,,,1999-2000,Ligue-1,,,,,,,,
Lyon,21,26.6,,34,42,23,3,4,69,4.0,,,,,,,,,,1999-2000,Ligue-1,,,,,,,,
Marseille,34,25.1,,34,45,22,1,1,84,6.0,,,,,,,,,,1999-2000,Ligue-1,,,,,,,,
Metz,27,27.9,,34,37,15,4,5,66,5.0,,,,,,,,,,1999-2000,Ligue-1,,,,,,,,
Monaco,28,24.2,,34,69,41,2,3,86,3.0,,,,,,,,,,1999-2000,Ligue-1,,,,,,,,
Montpellier,27,25.8,,34,38,22,2,4,78,2.0,,,,,,,,,,1999-2000,Ligue-1,,,,,,,,
Nancy,25,26.2,,34,43,23,6,8,83,9.0,,,,,,,,,,1999-2000,Ligue-1,,,,,,,,
Nantes,29,24.2,,34,39,19,1,1,55,1.0,,,,,,,,,,1999-2000,Ligue-1,,,,,,,,
Paris S-G,23,26.5,,34,53,28,4,6,79,3.0,,,,,,,,,,1999-2000,Ligue-1,,,,,,,,
Rennes,26,24.8,,34,41,21,0,2,65,4.0,,,,,,,,,,1999-2000,Ligue-1,,,,,,,,
Saint-Étienne,27,25.6,,34,45,28,2,2,72,4.0,,,,,,,,,,1999-2000,Ligue-1,,,,,,,,
Sedan,24,27.7,,34,42,28,2,2,63,3.0,,,,,,,,,,1999-2000,Ligue-1,,,,,,,,
Strasbourg,25,24.8,,34,40,19,1,2,52,6.0,,,,,,,,,,1999-2000,Ligue-1,,,,,,,,
Troyes,25,27.0,,34,34,20,4,4,59,3.0,,,,,,,,,,1999-2000,Ligue-1,,,,,,,,
Atalanta,27,26.5,49.9,38,64,42,6,8,83,3.0,470.0,385.0,58.0,652.0,421.0,364.0,6.0,3.0,2.0,2022-2023,Serie-A,57.7,51.3,42.7,687.0,1637.0,2234.0,575.0,483.0
Bologna,27,26.6,54.7,38,52,41,6,6,84,3.0,477.0,426.0,77.0,558.0,302.0,373.0,5.0,9.0,3.0,2022-2023,Serie-A,43.8,39.4,31.5,564.0,1366.0,2080.0,369.0,447.0
Cremonese,33,26.0,42.1,38,35,18,5,7,81,3.0,458.0,407.0,68.0,659.0,393.0,400.0,5.0,5.0,1.0,2022-2023,Serie-A,38.7,33.2,24.3,521.0,1107.0,2059.0,562.0,730.0
Empoli,32,25.3,47.3,38,35,20,2,2,88,7.0,441.0,459.0,54.0,611.0,280.0,364.0,2.0,6.0,1.0,2022-2023,Serie-A,38.8,37.2,26.8,608.0,1114.0,1815.0,434.0,519.0
Fiorentina,30,26.5,56.1,38,51,37,4,6,93,3.0,488.0,511.0,56.0,880.0,260.0,337.0,3.0,8.0,2.0,2022-2023,Serie-A,55.0,50.8,40.2,789.0,1627.0,2016.0,588.0,517.0
Hellas Verona,36,26.6,41.2,38,29,22,1,1,103,3.0,540.0,383.0,74.0,652.0,337.0,357.0,1.0,2.0,3.0,2022-2023,Serie-A,35.8,35.1,28.1,503.0,1063.0,2238.0,810.0,735.0
Inter,25,28.8,55.7,38,68,50,4,5,65,3.0,444.0,406.0,68.0,885.0,315.0,325.0,4.0,3.0,3.0,2022-2023,Serie-A,68.0,64.5,51.8,668.0,1624.0,1948.0,500.0,415.0
Juventus,29,27.7,49.6,38,56,41,3,6,74,6.0,456.0,409.0,62.0,731.0,307.0,352.0,6.0,5.0,0.0,2022-2023,Serie-A,55.3,50.4,39.8,673.0,1394.0,1951.0,486.0,477.0
Lazio,24,28.6,52.1,38,59,37,6,8,87,2.0,400.0,471.0,54.0,483.0,310.0,349.0,6.0,2.0,1.0,2022-2023,Serie-A,51.1,44.9,34.3,683.0,1381.0,1979.0,399.0,381.0
Lecce,29,24.8,41.3,38,31,21,4,6,86,2.0,553.0,439.0,68.0,709.0,368.0,427.0,4.0,6.0,3.0,2022-2023,Serie-A,36.3,31.6,25.3,514.0,1232.0,2120.0,567.0,728.0
Milan,30,26.0,55.6,38,61,49,5,5,90,2.0,449.0,438.0,61.0,671.0,289.0,422.0,3.0,5.0,1.0,2022-2023,Serie-A,58.8,55.1,46.0,795.0,1584.0,2051.0,561.0,478.0
Monza,31,26.6,55.2,38,46,31,5,6,90,4.0,489.0,495.0,69.0,596.0,334.0,355.0,6.0,3.0,1.0,2022-2023,Serie-A,45.9,41.2,33.8,708.0,1362.0,1845.0,448.0,441.0
Napoli,27,26.4,61.8,38,75,57,8,10,47,1.0,389.0,468.0,60.0,681.0,287.0,313.0,8.0,2.0,0.0,2022-2023,Serie-A,64.7,56.8,46.8,907.0,1804.0,2027.0,483.0,403.0
Roma,30,27.4,48.6,38,50,33,7,10,83,4.0,446.0,505.0,56.0,595.0,368.0,340.0,6.0,3.0,1.0,2022-2023,Serie-A,57.7,50.2,39.1,684.0,1217.0,1981.0,543.0,429.0
Salernitana,30,27.2,44.9,38,46,34,2,2,85,4.0,473.0,439.0,67.0,559.0,329.0,337.0,1.0,11.0,0.0,2022-2023,Serie-A,36.7,35.2,26.9,519.0,1089.0,1981.0,528.0,585.0
Sampdoria,40,27.9,46.1,38,23,18,1,2,108,3.0,507.0,512.0,55.0,599.0,317.0,351.0,1.0,11.0,2.0,2022-2023,Serie-A,34.1,32.5,24.4,466.0,1126.0,1913.0,617.0,636.0
Sassuolo,31,26.1,49.2,38,46,30,9,10,90,6.0,408.0,443.0,43.0,625.0,278.0,281.0,6.0,4.0,2.0,2022-2023,Serie-A,51.6,43.9,36.1,761.0,1565.0,1756.0,375.0,438.0
Spezia,34,25.7,47.4,38,29,18,4,4,103,6.0,519.0,379.0,55.0,655.0,301.0,359.0,2.0,7.0,3.0,2022-2023,Serie-A,41.5,38.5,29.3,553.0,1163.0,2033.0,535.0,570.0
Torino,28,25.2,53.2,38,41,34,2,2,81,0.0,506.0,382.0,80.0,610.0,292.0,265.0,2.0,6.0,0.0,2022-2023,Serie-A,41.8,40.2,35.0,684.0,1328.0,2010.0,590.0,629.0
Udinese,30,26.1,48.0,38,46,41,1,2,88,3.0,478.0,476.0,51.0,564.0,314.0,365.0,1.0,7.0,2.0,2022-2023,Serie-A,46.9,45.4,37.8,646.0,1354.0,1916.0,477.0,406.0
Atalanta,31,25.7,,38,33,22,2,3,77,5.0,761.0,,,,,,,,,2004-2005,Serie-A,,,,,,,,
Bologna,26,29.9,,38,33,23,4,6,101,5.0,866.0,,,,,,,,,2004-2005,Serie-A,,,,,,,,
Brescia,29,25.3,,38,37,20,7,9,98,11.0,836.0,,,,,,,,,2004-2005,Serie-A,,,,,,,,
Cagliari,26,28.3,,38,51,37,4,6,89,9.0,817.0,,,,,,,,,2004-2005,Serie-A,,,,,,,,
Chievo,27,27.8,,38,32,24,1,4,88,9.0,721.0,,,,,,,,,2004-2005,Serie-A,,,,,,,,
Fiorentina,27,25.6,,38,41,29,2,2,77,6.0,734.0,,,,,,,,,2004-2005,Serie-A,,,,,,,,
Inter,31,28.4,,38,64,45,5,7,79,3.0,697.0,,,,,,,,,2004-2005,Serie-A,,,,,,,,
Juventus,25,28.0,,38,66,44,6,6,67,2.0,937.0,,,,,,,,,2004-2005,Serie-A,,,,,,,,
Lazio,28,29.2,,38,48,29,9,10,93,10.0,661.0,,,,,,,,,2004-2005,Serie-A,,,,,,,,
Lecce,28,24.2,,38,65,42,3,3,89,6.0,681.0,,,,,,,,,2004-2005,Serie-A,,,,,,,,
Livorno,27,28.6,,38,49,31,6,7,94,5.0,753.0,,,,,,,,,2004-2005,Serie-A,,,,,,,,
Messina,29,26.9,,38,44,31,6,7,100,6.0,855.0,,,,,,,,,2004-2005,Serie-A,,,,,,,,
Milan,26,29.5,,38,61,44,2,4,67,5.0,665.0,,,,,,,,,2004-2005,Serie-A,,,,,,,,
Palermo,24,26.7,,38,46,29,3,6,98,6.0,816.0,,,,,,,,,2004-2005,Serie-A,,,,,,,,
Parma,28,24.4,,38,44,34,5,8,100,12.0,726.0,,,,,,,,,2004-2005,Serie-A,,,,,,,,
Reggina,24,27.0,,38,35,22,2,3,103,5.0,811.0,,,,,,,,,2004-2005,Serie-A,,,,,,,,
Roma,30,25.2,,38,54,38,5,8,97,7.0,736.0,,,,,,,,,2004-2005,Serie-A,,,,,,,,
Sampdoria,24,28.6,,38,42,28,6,7,86,4.0,683.0,,,,,,,,,2004-2005,Serie-A,,,,,,,,
Siena,28,28.9,,38,42,29,0,0,75,6.0,742.0,,,,,,,,,2004-2005,Serie-A,,,,,,,,
Udinese,24,25.9,,38,53,34,4,4,77,3.0,779.0,,,,,,,,,2004-2005,Serie-A,,,,,,,,
Brest,25,27.0,53.6,34,51,33,4,4,84,5.0,414.0,422.0,34.0,792.0,321.0,427.0,2.0,3.0,0.0,2023-2024,Ligue-1,48.3,45.1,34.4,590.0,1402.0,1910.0,598.0,509.0
Clermont Foot,31,26.8,48.9,34,26,18,6,8,60,7.0,396.0,429.0,51.0,551.0,347.0,358.0,7.0,9.0,1.0,2023-2024,Ligue-1,36.0,29.8,23.1,537.0,1247.0,1695.0,393.0,414.0
Le Havre,27,26.2,44.7,34,33,23,6,7,67,6.0,433.0,368.0,52.0,544.0,363.0,332.0,7.0,4.0,2.0,2023-2024,Ligue-1,37.3,31.8,25.3,457.0,1199.0,1638.0,485.0,482.0
Lens,27,26.7,52.9,34,45,29,6,7,78,4.0,445.0,424.0,75.0,736.0,298.0,339.0,5.0,8.0,1.0,2023-2024,Ligue-1,54.1,48.8,37.2,609.0,1624.0,1775.0,451.0,388.0
Lille,28,25.1,56.6,34,50,32,2,3,67,3.0,376.0,489.0,46.0,533.0,292.0,370.0,3.0,5.0,2.0,2023-2024,Ligue-1,48.6,46.2,34.8,650.0,1468.0,1642.0,355.0,346.0
Lorient,38,24.7,46.3,34,41,27,1,1,66,1.0,403.0,416.0,56.0,565.0,337.0,326.0,1.0,8.0,1.0,2023-2024,Ligue-1,37.1,36.4,27.1,632.0,1293.0,1684.0,410.0,394.0
Lyon,35,26.6,51.8,34,48,32,4,4,57,6.0,425.0,367.0,52.0,560.0,304.0,331.0,4.0,6.0,1.0,2023-2024,Ligue-1,49.8,46.9,36.3,683.0,1600.0,1715.0,396.0,367.0
Marseille,33,27.3,53.7,34,50,32,4,4,61,5.0,374.0,426.0,69.0,713.0,332.0,371.0,4.0,3.0,1.0,2023-2024,Ligue-1,54.9,51.8,40.3,635.0,1613.0,1753.0,372.0,365.0
Metz,30,26.5,35.6,34,35,25,4,6,54,3.0,419.0,374.0,45.0,563.0,348.0,334.0,5.0,6.0,0.0,2023-2024,Ligue-1,34.2,29.7,23.2,458.0,910.0,1574.0,390.0,534.0
Monaco,30,25.0,53.6,34,66,45,2,5,79,8.0,481.0,400.0,73.0,517.0,394.0,412.0,5.0,6.0,2.0,2023-2024,Ligue-1,55.0,50.9,37.7,614.0,1726.0,1949.0,402.0,394.0
Montpellier,31,26.1,44.6,34,41,26,7,7,68,4.0,432.0,447.0,55.0,601.0,308.0,379.0,4.0,5.0,3.0,2023-2024,Ligue-1,46.0,40.9,31.1,553.0,1174.0,1784.0,426.0,449.0
Nantes,35,26.8,44.8,34,30,17,4,5,67,3.0,448.0,375.0,51.0,627.0,332.0,352.0,5.0,10.0,0.0,2023-2024,Ligue-1,37.6,33.6,25.5,569.0,1243.0,1621.0,387.0,424.0
Nice,27,25.8,52.4,34,39,23,6,7,62,4.0,402.0,373.0,52.0,605.0,292.0,308.0,7.0,8.0,1.0,2023-2024,Ligue-1,49.9,44.4,34.6,661.0,1245.0,1707.0,374.0,360.0
Paris S-G,29,24.7,65.2,34,78,61,7,9,51,3.0,353.0,362.0,53.0,513.0,268.0,360.0,9.0,5.0,0.0,2023-2024,Ligue-1,68.8,61.6,51.6,845.0,1915.0,1761.0,275.0,267.0
Reims,29,25.9,50.4,34,40,28,3,4,70,3.0,444.0,324.0,84.0,618.0,342.0,392.0,4.0,7.0,1.0,2023-2024,Ligue-1,44.5,41.3,33.3,625.0,1425.0,1825.0,395.0,390.0
Rennes,29,25.2,52.1,34,53,29,10,11,66,4.0,424.0,438.0,36.0,554.0,328.0,311.0,10.0,3.0,3.0,2023-2024,Ligue-1,53.1,44.5,31.8,606.0,1639.0,1669.0,386.0,424.0
Strasbourg,30,24.1,44.3,34,36,24,3,4,59,2.0,462.0,413.0,35.0,554.0,347.0,383.0,4.0,5.0,3.0,2023-2024,Ligue-1,41.9,38.8,31.7,548.0,1152.0,1568.0,374.0,413.0
Toulouse,26,23.8,48.4,34,42,30,6,9,77,1.0,501.0,448.0,50.0,526.0,294.0,358.0,9.0,4.0,0.0,2023-2024,Ligue-1,40.3,33.3,26.4,549.0,1405.0,1759.0,472.0,421.0
Auxerre,25,24.2,,34,30,11,5,5,63,2.0,,,,,,,,,,2000-2001,Ligue-1,,,,,,,,
Bastia,26,27.8,,34,42,25,2,3,54,2.0,,,,,,,,,,2000-2001,Ligue-1,,,,,,,,
Bordeaux,22,27.1,,34,47,25,3,5,79,6.0,,,,,,,,,,2000-2001,Ligue-1,,,,,,,,
Guingamp,23,27.6,,34,39,24,6,7,75,1.0,,,,,,,,,,2000-2001,Ligue-1,,,,,,,,
Lens,22,26.9,,34,36,22,1,2,77,5.0,,,,,,,,,,2000-2001,Ligue-1,,,,,,,,
Lille,26,25.8,,34,42,27,1,2,56,3.0,,,,,,,,,,2000-2001,Ligue-1,,,,,,,,
Lyon,24,26.6,,34,56,37,4,5,48,7.0,,,,,,,,,,2000-2001,Ligue-1,,,,,,,,
Marseille,34,25.7,,34,31,17,1,3,80,3.0,,,,,,,,,,2000-2001,Ligue-1,,,,,,,,
Metz,31,28.2,,34,36,16,2,5,68,2.0,,,,,,,,,,2000-2001,Ligue-1,,,,,,,,
Monaco,29,25.0,,34,53,35,0,2,81,5.0,,,,,,,,,,2000-2001,Ligue-1,,,,,,,,
Nantes,26,24.8,,34,57,31,4,5,43,1.0,,,,,,,,,,2000-2001,Ligue-1,,,,,,,,
Paris S-G,30,24.7,,34,41,27,3,3,63,3.0,,,,,,,,,,2000-2001,Ligue-1,,,,,,,,
Rennes,24,25.8,,34,46,22,0,0,52,2.0,,,,,,,,,,2000-2001,Ligue-1,,,,,,,,
Saint-Étienne,30,26.2,,34,42,22,1,3,59,1.0,,,,,,,,,,2000-2001,Ligue-1,,,,,,,,
Sedan,23,27.2,,34,47,26,4,4,72,5.0,,,,,,,,,,2000-2001,Ligue-1,,,,,,,,
Strasbourg,30,25.6,,34,28,15,2,4,63,6.0,,,,,,,,,,2000-2001,Ligue-1,,,,,,,,
Toulouse,31,26.9,,34,34,20,3,3,78,4.0,,,,,,,,,,2000-2001,Ligue-1,,,,,,,,
Troyes,24,26.9,,34,42,25,3,3,83,7.0,,,,,,,,,,2000-2001,Ligue-1,,,,,,,,
Almería,29,26.4,45.1,38,49,33,2,3,98,4.0,443.0,401.0,83.0,605.0,322.0,322.0,2.0,6.0,1.0,2022-2023,La-Liga,45.5,43.2,32.5,569.0,1090.0,1890.0,482.0,530.0
Athletic Club,26,27.4,51.6,38,46,33,5,7,81,5.0,512.0,421.0,96.0,918.0,310.0,369.0,3.0,3.0,3.0,2022-2023,La-Liga,54.2,48.7,38.9,864.0,1816.0,2194.0,532.0,487.0
Atlético Madrid,27,28.5,50.6,38,68,51,1,1,92,8.0,440.0,418.0,79.0,625.0,304.0,408.0,0.0,5.0,0.0,2022-2023,La-Liga,61.9,61.1,48.0,730.0,1571.0,1977.0,445.0,399.0
Barcelona,29,25.9,64.3,38,69,56,0,2,84,6.0,433.0,452.0,98.0,744.0,253.0,324.0,0.0,3.0,3.0,2022-2023,La-Liga,75.5,74.0,60.1,961.0,2182.0,1995.0,467.0,359.0
Betis,30,28.6,50.6,38,43,26,8,9,83,15.0,414.0,535.0,74.0,514.0,364.0,421.0,4.0,3.0,1.0,2022-2023,La-Liga,51.3,44.3,34.6,621.0,1272.0,1918.0,453.0,502.0
Cádiz,38,29.1,41.9,38,29,20,4,5,116,7.0,532.0,482.0,75.0,633.0,270.0,410.0,2.0,10.0,0.0,2022-2023,La-Liga,41.5,37.7,27.7,475.0,969.0,1953.0,606.0,651.0
Celta Vigo,26,26.7,50.2,38,41,31,2,3,85,6.0,469.0,493.0,81.0,705.0,368.0,413.0,2.0,8.0,1.0,2022-2023,La-Liga,42.6,40.3,30.8,704.0,1403.0,2031.0,458.0,539.0
Elche,32,28.3,45.5,38,30,21,4,5,99,12.0,525.0,394.0,81.0,750.0,323.0,363.0,4.0,10.0,2.0,2022-2023,La-Liga,37.5,33.6,27.1,561.0,1197.0,1924.0,484.0,465.0
Espanyol,33,27.6,43.1,38,51,31,5,5,99,10.0,457.0,493.0,62.0,713.0,338.0,379.0,3.0,6.0,2.0,2022-2023,La-Liga,48.3,44.4,35.0,528.0,1146.0,1791.0,647.0,596.0
Getafe,25,27.4,39.9,38,34,21,5,8,126,9.0,600.0,437.0,79.0,649.0,320.0,339.0,3.0,8.0,2.0,2022-2023,La-Liga,36.7,30.4,22.5,365.0,1003.0,1871.0,714.0,697.0
Girona,29,26.0,51.3,38,55,41,8,9,92,3.0,440.0,507.0,87.0,713.0,266.0,321.0,7.0,8.0,0.0,2022-2023,La-Liga,50.6,43.8,37.5,725.0,1378.0,1836.0,428.0,435.0
Mallorca,31,27.7,41.1,38,36,27,4,5,120,5.0,611.0,457.0,77.0,635.0,318.0,344.0,4.0,7.0,0.0,2022-2023,La-Liga,35.2,31.1,26.5,476.0,948.0,1833.0,674.0,629.0
Osasuna,26,27.5,48.0,38,36,30,4,5,93,7.0,544.0,410.0,60.0,794.0,315.0,328.0,5.0,4.0,2.0,2022-2023,La-Liga,39.8,35.9,28.4,545.0,1356.0,1930.0,613.0,628.0
Rayo Vallecano,28,27.9,51.2,38,41,29,4,8,90,6.0,544.0,490.0,98.0,832.0,309.0,393.0,2.0,5.0,4.0,2022-2023,La-Liga,43.9,37.8,30.0,703.0,1390.0,2085.0,437.0,527.0
Real Madrid,26,27.4,60.9,38,73,56,9,12,72,3.0,367.0,530.0,89.0,574.0,296.0,353.0,8.0,5.0,1.0,2022-2023,La-Liga,75.5,66.1,56.8,1008.0,2017.0,1843.0,339.0,231.0
Real Sociedad,30,25.9,54.6,38,47,36,2,4,90,2.0,621.0,452.0,91.0,538.0,271.0,395.0,4.0,2.0,2.0,2022-2023,La-Liga,52.9,49.7,39.7,692.0,1483.0,2018.0,664.0,557.0
Sevilla,35,28.7,52.6,38,47,31,4,5,121,13.0,474.0,460.0,106.0,827.0,339.0,367.0,4.0,3.0,3.0,2022-2023,La-Liga,46.3,42.4,32.0,558.0,1513.0,1973.0,497.0,475.0
Valencia,28,24.2,52.0,38,40,23,5,8,93,8.0,504.0,510.0,80.0,924.0,288.0,428.0,6.0,5.0,2.0,2022-2023,La-Liga,49.3,43.0,32.5,786.0,1472.0,2015.0,492.0,561.0
Valladolid,36,27.4,48.7,38,32,24,3,4,94,6.0,460.0,516.0,98.0,683.0,345.0,396.0,4.0,10.0,1.0,2022-2023,La-Liga,38.5,35.4,28.4,610.0,1244.0,1966.0,471.0,617.0
Villarreal,32,28.4,56.9,38,57,33,4,7,91,4.0,450.0,482.0,87.0,520.0,262.0,370.0,5.0,4.0,1.0,2022-2023,La-Liga,61.6,56.1,43.2,846.0,1622.0,1819.0,357.0,375.0
Albacete,36,26.6,,38,33,22,2,3,100,9.0,641.0,,,,,,,,,2004-2005,La-Liga,,,,,,,,
Athletic Club,28,25.1,,38,59,39,3,4,103,4.0,648.0,,,,,,,,,2004-2005,La-Liga,,,,,,,,
Atlético Madrid,27,25.7,,38,40,24,4,5,104,7.0,709.0,,,,,,,,,2004-2005,La-Liga,,,,,,,,
Barcelona,26,25.5,,38,71,47,7,9,78,2.0,636.0,,,,,,,,,2004-2005,La-Liga,,,,,,,,
Betis,25,25.9,,38,61,42,1,1,98,7.0,656.0,,,,,,,,,2004-2005,La-Liga,,,,,,,,
Espanyol,25,26.1,,38,52,34,7,8,91,9.0,636.0,,,,,,,,,2004-2005,La-Liga,,,,,,,,
Getafe,29,27.3,,38,36,25,2,4,102,4.0,711.0,,,,,,,,,2004-2005,La-Liga,,,,,,,,
La Coruña,26,28.4,,38,43,30,4,5,85,3.0,606.0,,,,,,,,,2004-2005,La-Liga,,,,,,,,
Levante,23,27.5,,38,39,25,2,3,96,4.0,711.0,,,,,,,,,2004-2005,La-Liga,,,,,,,,
Málaga,26,26.8,,38,40,27,1,3,112,9.0,718.0,,,,,,,,,2004-2005,La-Liga,,,,,,,,
Mallorca,29,25.3,,38,40,27,3,5,99,6.0,651.0,,,,,,,,,2004-2005,La-Liga,,,,,,,,
Numancia,30,27.6,,38,29,22,3,3,102,6.0,626.0,,,,,,,,,2004-2005,La-Liga,,,,,,,,
Osasuna,25,26.2,,38,44,33,2,3,125,9.0,732.0,,,,,,,,,2004-2005,La-Liga,,,,,,,,
Racing Sant,29,25.0,,38,40,25,1,2,128,7.0,763.0,,,,,,,,,2004-2005,La-Liga,,,,,,,,
Real Madrid,27,27.9,,38,71,51,4,5,99,5.0,645.0,,,,,,,,,2004-2005,La-Liga,,,,,,,,
Real Sociedad,27,25.9,,38,46,30,4,5,71,4.0,630.0,,,,,,,,,2004-2005,La-Liga,,,,,,,,
Sevilla,29,26.1,,38,44,27,3,0,108,6.0,783.0,,,,,,,,,2004-2005,La-Liga,,,,,,,,
Valencia,28,27.5,,38,53,36,3,5,101,6.0,693.0,,,,,,,,,2004-2005,La-Liga,,,,,,,,
Villarreal,25,25.8,,38,68,42,9,9,81,7.0,564.0,,,,,,,,,2004-2005,La-Liga,,,,,,,,
Zaragoza,25,25.5,,38,49,32,3,4,102,5.0,685.0,,,,,,,,,2004-2005,La-Liga,,,,,,,,
Angers,30,27.4,48.4,38,41,25,9,9,70,4.0,471.0,461.0,46.0,572.0,423.0,370.0,7.0,5.0,3.0,2021-2022,Ligue-1,46.5,39.5,28.4,659.0,1349.0,2051.0,408.0,509.0
Bordeaux,39,25.7,47.4,38,50,39,2,4,91,5.0,460.0,391.0,58.0,611.0,454.0,377.0,2.0,9.0,3.0,2021-2022,Ligue-1,44.9,41.9,33.9,609.0,1271.0,2134.0,488.0,506.0
Brest,25,25.4,43.9,38,48,32,7,8,59,2.0,427.0,417.0,47.0,710.0,469.0,400.0,4.0,4.0,2.0,2021-2022,Ligue-1,43.4,37.0,28.7,666.0,1349.0,2006.0,618.0,540.0
Clermont Foot,28,26.9,50.0,38,36,25,2,3,65,8.0,387.0,482.0,53.0,713.0,386.0,361.0,2.0,5.0,3.0,2021-2022,Ligue-1,44.4,41.9,32.6,617.0,1370.0,2137.0,432.0,466.0
Lens,28,26.1,50.7,38,60,39,5,5,73,7.0,421.0,357.0,58.0,699.0,455.0,359.0,3.0,5.0,0.0,2021-2022,Ligue-1,50.2,46.4,34.9,763.0,1692.0,2051.0,427.0,366.0
Lille,26,26.1,50.8,38,45,29,4,5,98,6.0,446.0,441.0,89.0,621.0,377.0,359.0,5.0,6.0,2.0,2021-2022,Ligue-1,50.5,46.6,33.7,725.0,1487.0,2145.0,525.0,492.0
Lorient,29,26.2,44.4,38,35,20,3,3,69,4.0,475.0,423.0,55.0,588.0,412.0,412.0,3.0,6.0,3.0,2021-2022,Ligue-1,41.3,39.0,29.7,569.0,1258.0,2044.0,433.0,524.0
Lyon,30,25.6,58.4,38,64,45,8,8,65,6.0,436.0,424.0,62.0,571.0,396.0,367.0,6.0,8.0,3.0,2021-2022,Ligue-1,66.9,60.7,48.3,781.0,1756.0,2129.0,470.0,409.0
Marseille,27,25.0,61.7,38,61,40,10,10,61,3.0,347.0,459.0,60.0,619.0,327.0,319.0,10.0,4.0,1.0,2021-2022,Ligue-1,58.2,50.5,41.1,762.0,1866.0,1862.0,368.0,323.0
Metz,36,25.9,42.9,38,33,24,1,1,94,9.0,514.0,417.0,48.0,581.0,507.0,442.0,1.0,5.0,2.0,2021-2022,Ligue-1,29.2,28.4,21.5,572.0,1015.0,2092.0,527.0,529.0
Monaco,27,24.4,54.1,38,62,45,9,9,85,4.0,496.0,408.0,94.0,705.0,424.0,435.0,5.0,9.0,3.0,2021-2022,Ligue-1,59.4,52.3,44.1,750.0,1871.0,2287.0,546.0,498.0
Montpellier,27,25.8,48.2,38,48,31,3,4,77,8.0,411.0,465.0,53.0,697.0,356.0,380.0,3.0,6.0,1.0,2021-2022,Ligue-1,42.7,39.6,28.6,604.0,1282.0,2018.0,437.0,560.0
Nantes,26,26.1,43.9,38,53,37,5,5,80,4.0,500.0,372.0,55.0,731.0,415.0,405.0,2.0,7.0,1.0,2021-2022,Ligue-1,45.5,41.6,34.7,607.0,1330.0,2057.0,598.0,566.0
Nice,27,25.0,51.5,38,52,35,8,10,77,6.0,456.0,371.0,53.0,742.0,441.0,369.0,6.0,5.0,0.0,2021-2022,Ligue-1,55.6,48.0,39.0,732.0,1474.0,2064.0,526.0,471.0
Paris S-G,36,27.8,63.0,38,88,65,7,8,79,4.0,357.0,416.0,93.0,459.0,303.0,360.0,6.0,3.0,1.0,2021-2022,Ligue-1,76.7,70.6,55.9,877.0,2055.0,1824.0,262.0,221.0
Reims,35,24.0,42.2,38,42,27,4,6,68,7.0,449.0,451.0,76.0,629.0,493.0,365.0,5.0,7.0,0.0,2021-2022,Ligue-1,37.7,32.8,26.0,614.0,1185.0,2074.0,453.0,495.0
Rennes,28,25.3,55.9,38,81,61,4,4,56,2.0,434.0,377.0,59.0,698.0,315.0,318.0,4.0,6.0,1.0,2021-2022,Ligue-1,62.8,59.6,47.1,676.0,1737.0,1904.0,547.0,534.0
Saint-Étienne,39,25.1,48.5,38,41,25,5,5,81,5.0,464.0,441.0,51.0,697.0,452.0,397.0,4.0,8.0,4.0,2021-2022,Ligue-1,38.3,34.5,26.2,685.0,1400.0,2152.0,463.0,611.0
Strasbourg,26,27.0,49.5,38,56,40,6,8,72,3.0,497.0,400.0,61.0,797.0,433.0,392.0,6.0,4.0,1.0,2021-2022,Ligue-1,55.6,49.4,39.6,573.0,1589.0,2092.0,654.0,521.0
Troyes,35,27.1,44.4,38,35,23,6,7,75,6.0,442.0,473.0,53.0,708.0,430.0,351.0,7.0,10.0,2.0,2021-2022,Ligue-1,39.2,33.8,27.0,598.0,1216.0,1987.0,417.0,460.0
Arsenal,28,24.1,,38,65,48,5,5,63,3.0,449.0,,,,,,,,,2008-2009,Premier-League,,,,,,,,
Aston Villa,21,27.1,,38,48,35,4,5,53,2.0,462.0,,,,,,,,,2008-2009,Premier-League,,,,,,,,
Blackburn,28,28.3,,38,40,28,4,7,80,4.0,546.0,,,,,,,,,2008-2009,Premier-League,,,,,,,,
Bolton,24,27.3,,38,40,28,0,1,61,1.0,527.0,,,,,,,,,2008-2009,Premier-League,,,,,,,,
Chelsea,29,27.5,,38,65,45,2,2,48,2.0,438.0,,,,,,,,,2008-2009,Premier-League,,,,,,,,
Everton,25,26.4,,38,54,38,4,5,49,1.0,512.0,,,,,,,,,2008-2009,Premier-League,,,,,,,,
Fulham,26,28.8,,38,39,24,5,5,42,1.0,446.0,,,,,,,,,2008-2009,Premier-League,,,,,,,,
Hull City,29,27.7,,38,35,17,3,3,71,3.0,568.0,,,,,,,,,2008-2009,Premier-League,,,,,,,,
Liverpool,23,26.5,,38,73,50,5,6,50,0.0,447.0,,,,,,,,,2008-2009,Premier-League,,,,,,,,
Manchester City,34,24.5,,38,56,35,6,7,52,4.0,492.0,,,,,,,,,2008-2009,Premier-League,,,,,,,,
Manchester Utd,33,27.1,,38,68,51,4,4,67,5.0,425.0,,,,,,,,,2008-2009,Premier-League,,,,,,,,
Middlesbrough,28,24.5,,38,26,17,1,3,57,3.0,450.0,,,,,,,,,2008-2009,Premier-League,,,,,,,,
Newcastle Utd,29,26.8,,38,39,23,4,5,62,8.0,438.0,,,,,,,,,2008-2009,Premier-League,,,,,,,,
Portsmouth,29,28.6,,38,36,25,2,3,66,5.0,460.0,,,,,,,,,2008-2009,Premier-League,,,,,,,,
Stoke City,29,28.5,,38,36,23,5,6,75,5.0,515.0,,,,,,,,,2008-2009,Premier-League,,,,,,,,
Sunderland,30,26.1,,38,32,19,1,1,69,1.0,399.0,,,,,,,,,2008-2009,Premier-League,,,,,,,,
Tottenham,29,24.9,,38,43,30,3,4,56,5.0,460.0,,,,,,,,,2008-2009,Premier-League,,,,,,,,
West Brom,30,25.2,,38,34,23,3,5,65,1.0,466.0,,,,,,,,,2008-2009,Premier-League,,,,,,,,
West Ham,30,26.6,,38,41,25,1,3,70,4.0,500.0,,,,,,,,,2008-2009,Premier-League,,,,,,,,
Wigan Athletic,29,26.5,,38,33,15,5,5,65,4.0,465.0,,,,,,,,,2008-2009,Premier-League,,,,,,,,
Ancona,41,28.8,,34,21,14,3,4,84,6.0,586.0,,,,,,,,,2003-2004,Serie-A,,,,,,,,
Bologna,24,27.7,,34,43,25,3,4,85,4.0,725.0,,,,,,,,,2003-2004,Serie-A,,,,,,,,
Brescia,25,25.9,,34,51,32,1,4,67,9.0,704.0,,,,,,,,,2003-2004,Serie-A,,,,,,,,
Chievo,25,27.0,,34,36,22,4,4,74,6.0,731.0,,,,,,,,,2003-2004,Serie-A,,,,,,,,
Empoli,25,26.5,,34,26,18,0,2,62,7.0,687.0,,,,,,,,,2003-2004,Serie-A,,,,,,,,
Inter,28,27.8,,34,58,32,4,4,59,6.0,656.0,,,,,,,,,2003-2004,Serie-A,,,,,,,,
Juventus,25,28.0,,34,66,46,5,7,51,4.0,631.0,,,,,,,,,2003-2004,Serie-A,,,,,,,,
Lazio,22,29.5,,34,50,28,2,4,68,7.0,656.0,,,,,,,,,2003-2004,Serie-A,,,,,,,,
Lecce,28,24.9,,34,41,26,4,6,87,4.0,820.0,,,,,,,,,2003-2004,Serie-A,,,,,,,,
Milan,23,28.8,,34,65,51,5,6,41,6.0,587.0,,,,,,,,,2003-2004,Serie-A,,,,,,,,
Modena,27,28.6,,34,27,19,3,6,80,6.0,721.0,,,,,,,,,2003-2004,Serie-A,,,,,,,,
Parma,27,24.3,,34,57,34,5,7,77,7.0,810.0,,,,,,,,,2003-2004,Serie-A,,,,,,,,
Perugia,35,26.8,,34,42,21,6,9,83,8.0,782.0,,,,,,,,,2003-2004,Serie-A,,,,,,,,
Reggina,24,26.6,,34,29,16,6,7,60,4.0,724.0,,,,,,,,,2003-2004,Serie-A,,,,,,,,
Roma,25,25.9,,34,67,41,7,8,63,4.0,754.0,,,,,,,,,2003-2004,Serie-A,,,,,,,,
Sampdoria,25,27.9,,34,39,27,3,6,78,3.0,739.0,,,,,,,,,2003-2004,Serie-A,,,,,,,,
Siena,25,28.1,,34,40,30,5,6,105,6.0,902.0,,,,,,,,,2003-2004,Serie-A,,,,,,,,
Udinese,26,26.0,,34,42,32,3,5,60,6.0,718.0,,,,,,,,,2003-2004,Serie-A,,,,,,,,
Alavés,30,28.7,42.8,38,35,21,5,8,96,8.0,513.0,487.0,73.0,645.0,428.0,292.0,5.0,3.0,0.0,2020-2021,La-Liga,42.6,36.4,27.4,404.0,939.0,1737.0,831.0,602.0
Athletic Club,27,26.6,49.9,38,43,31,4,5,82,3.0,483.0,477.0,77.0,811.0,344.0,269.0,5.0,6.0,1.0,2020-2021,La-Liga,42.8,38.9,31.0,685.0,1496.0,1836.0,656.0,601.0
Atlético Madrid,25,27.3,52.3,38,65,54,5,7,100,0.0,489.0,443.0,96.0,597.0,386.0,367.0,6.0,4.0,3.0,2020-2021,La-Liga,52.8,47.2,40.6,694.0,1604.0,1951.0,530.0,482.0
Barcelona,25,26.4,65.5,38,80,51,4,8,72,2.0,357.0,523.0,90.0,494.0,361.0,293.0,6.0,5.0,2.0,2020-2021,La-Liga,73.5,67.1,53.2,972.0,2157.0,1937.0,395.0,317.0
Betis,25,27.9,53.6,38,50,35,8,11,93,8.0,521.0,483.0,65.0,586.0,452.0,314.0,9.0,10.0,3.0,2020-2021,La-Liga,49.1,40.6,33.4,694.0,1442.0,1938.0,613.0,628.0
Cádiz,34,28.8,34.8,38,33,16,4,4,81,3.0,436.0,483.0,56.0,731.0,437.0,317.0,3.0,10.0,1.0,2020-2021,La-Liga,34.7,31.6,20.4,455.0,854.0,1809.0,687.0,753.0
Celta Vigo,30,26.6,53.3,38,55,39,7,7,109,5.0,631.0,492.0,65.0,521.0,405.0,368.0,7.0,8.0,1.0,2020-2021,La-Liga,50.4,44.9,36.7,514.0,1308.0,1988.0,609.0,669.0
Eibar,30,28.2,49.3,38,29,20,4,9,71,3.0,494.0,387.0,67.0,1052.0,434.0,309.0,4.0,5.0,0.0,2020-2021,La-Liga,45.2,38.3,29.9,507.0,1295.0,2179.0,908.0,917.0
Elche,30,28.1,47.5,38,33,25,2,3,99,3.0,527.0,456.0,51.0,672.0,386.0,335.0,1.0,10.0,1.0,2020-2021,La-Liga,29.9,27.5,21.8,501.0,929.0,1811.0,488.0,539.0
Getafe,31,26.7,43.3,38,27,14,3,5,120,7.0,631.0,520.0,74.0,815.0,393.0,352.0,3.0,8.0,3.0,2020-2021,La-Liga,34.4,30.5,23.6,443.0,1090.0,1943.0,840.0,946.0
Granada,34,27.4,41.4,38,47,30,3,5,97,6.0,533.0,469.0,82.0,613.0,392.0,279.0,4.0,12.0,1.0,2020-2021,La-Liga,41.1,37.3,26.8,411.0,975.0,1800.0,675.0,851.0
Huesca,27,28.0,48.3,38,32,23,3,4,69,2.0,528.0,518.0,101.0,824.0,437.0,322.0,2.0,5.0,2.0,2020-2021,La-Liga,38.7,35.9,26.6,617.0,1185.0,1876.0,580.0,598.0
Levante,29,28.0,52.2,38,45,35,3,6,68,1.0,509.0,397.0,69.0,697.0,432.0,283.0,5.0,4.0,2.0,2020-2021,La-Liga,40.4,35.7,29.6,621.0,1537.0,2023.0,455.0,522.0
Osasuna,28,27.9,43.2,38,36,25,5,6,80,5.0,535.0,407.0,67.0,700.0,392.0,281.0,3.0,8.0,2.0,2020-2021,La-Liga,38.7,34.7,24.9,345.0,1220.0,2071.0,996.0,806.0
Real Madrid,30,27.9,59.3,38,64,53,3,3,59,2.0,407.0,474.0,86.0,771.0,398.0,318.0,2.0,8.0,1.0,2020-2021,La-Liga,61.5,59.2,47.4,963.0,1920.0,1901.0,444.0,381.0
Real Sociedad,30,25.0,54.9,38,58,39,9,12,81,1.0,566.0,459.0,86.0,712.0,315.0,322.0,8.0,5.0,1.0,2020-2021,La-Liga,60.7,51.5,39.6,626.0,1554.0,1941.0,663.0,669.0
Sevilla,26,28.1,60.9,38,52,36,6,7,79,2.0,491.0,488.0,69.0,731.0,362.0,297.0,4.0,6.0,2.0,2020-2021,La-Liga,54.4,48.9,41.0,691.0,1627.0,1944.0,615.0,534.0
Valencia,30,25.2,46.9,38,48,35,8,10,82,5.0,459.0,525.0,90.0,613.0,392.0,277.0,6.0,8.0,2.0,2020-2021,La-Liga,42.6,34.8,27.2,576.0,1180.0,1832.0,602.0,575.0
Valladolid,32,28.1,45.2,38,34,21,7,8,93,4.0,510.0,510.0,75.0,744.0,431.0,321.0,8.0,7.0,0.0,2020-2021,La-Liga,40.1,33.8,24.2,564.0,1101.0,1922.0,628.0,818.0
Villarreal,29,28.0,55.2,38,57,33,12,13,67,5.0,449.0,465.0,88.0,579.0,371.0,313.0,7.0,9.0,2.0,2020-2021,La-Liga,56.4,46.4,40.5,737.0,1628.0,1878.0,489.0,496.0
Athletic Club,26,25.7,,38,42,27,6,7,93,7.0,614.0,,,,,,,,,2006-2007,La-Liga,,,,,,,,
Atlético Madrid,26,25.4,,38,44,33,6,10,118,10.0,698.0,,,,,,,,,2006-2007,La-Liga,,,,,,,,
Barcelona,22,27.3,,38,76,45,7,8,85,7.0,538.0,,,,,,,,,2006-2007,La-Liga,,,,,,,,
Betis,29,26.8,,38,36,24,5,8,101,10.0,587.0,,,,,,,,,2006-2007,La-Liga,,,,,,,,
Celta Vigo,26,26.9,,38,40,27,7,8,113,11.0,630.0,,,,,,,,,2006-2007,La-Liga,,,,,,,,
Espanyol,28,25.3,,38,46,31,3,3,110,7.0,623.0,,,,,,,,,2006-2007,La-Liga,,,,,,,,
Getafe,24,28.2,,38,39,29,1,3,103,5.0,663.0,,,,,,,,,2006-2007,La-Liga,,,,,,,,
Gimnàstic,29,27.5,,38,33,22,4,4,93,6.0,674.0,,,,,,,,,2006-2007,La-Liga,,,,,,,,
La Coruña,27,25.6,,38,31,18,3,4,121,11.0,622.0,,,,,,,,,2006-2007,La-Liga,,,,,,,,
Levante,27,29.4,,38,36,26,2,3,122,13.0,709.0,,,,,,,,,2006-2007,La-Liga,,,,,,,,
Mallorca,23,26.9,,38,41,24,1,2,101,5.0,606.0,,,,,,,,,2006-2007,La-Liga,,,,,,,,
Osasuna,28,25.9,,38,50,33,4,4,114,5.0,580.0,,,,,,,,,2006-2007,La-Liga,,,,,,,,
Racing Sant,27,26.2,,38,39,26,9,11,126,8.0,688.0,,,,,,,,,2006-2007,La-Liga,,,,,,,,
Real Madrid,25,27.0,,38,66,43,2,3,127,10.0,747.0,,,,,,,,,2006-2007,La-Liga,,,,,,,,
Real Sociedad,30,26.5,,38,31,19,3,5,98,4.0,659.0,,,,,,,,,2006-2007,La-Liga,,,,,,,,
Recreativo,24,27.1,,38,52,31,5,8,66,3.0,537.0,,,,,,,,,2006-2007,La-Liga,,,,,,,,
Sevilla,24,27.0,,38,63,39,7,11,106,8.0,466.0,,,,,,,,,2006-2007,La-Liga,,,,,,,,
Valencia,29,26.9,,38,57,38,4,5,109,8.0,551.0,,,,,,,,,2006-2007,La-Liga,,,,,,,,
Villarreal,27,27.2,,38,47,32,2,2,100,4.0,602.0,,,,,,,,,2006-2007,La-Liga,,,,,,,,
Zaragoza,22,26.5,,38,54,34,4,5,117,7.0,640.0,,,,,,,,,2006-2007,La-Liga,,,,,,,,
Arsenal,27,26.2,,38,66,46,4,7,56,2.0,479.0,,,,,,,,,2005-2006,Premier-League,,,,,,,,
Aston Villa,27,25.2,,38,41,35,1,4,62,2.0,522.0,,,,,,,,,2005-2006,Premier-League,,,,,,,,
Birmingham City,30,28.0,,38,26,19,2,2,56,7.0,484.0,,,,,,,,,2005-2006,Premier-League,,,,,,,,
Blackburn,25,28.0,,38,49,29,4,4,78,6.0,568.0,,,,,,,,,2005-2006,Premier-League,,,,,,,,
Bolton,24,28.0,,38,47,33,2,4,68,3.0,506.0,,,,,,,,,2005-2006,Premier-League,,,,,,,,
Charlton Ath,28,27.9,,38,41,29,4,4,45,2.0,500.0,,,,,,,,,2005-2006,Premier-League,,,,,,,,
Chelsea,25,25.9,,38,71,50,4,4,65,5.0,435.0,,,,,,,,,2005-2006,Premier-League,,,,,,,,
Everton,28,27.8,,38,32,25,1,3,68,7.0,538.0,,,,,,,,,2005-2006,Premier-League,,,,,,,,
Fulham,27,27.9,,38,47,35,4,4,66,2.0,467.0,,,,,,,,,2005-2006,Premier-League,,,,,,,,
Liverpool,24,26.3,,38,54,42,4,5,53,5.0,446.0,,,,,,,,,2005-2006,Premier-League,,,,,,,,
Manchester City,26,27.3,,38,42,31,1,2,72,4.0,513.0,,,,,,,,,2005-2006,Premier-League,,,,,,,,
Manchester Utd,26,26.4,,38,68,50,2,3,61,2.0,483.0,,,,,,,,,2005-2006,Premier-League,,,,,,,,
Middlesbrough,37,26.5,,38,48,34,5,5,56,3.0,490.0,,,,,,,,,2005-2006,Premier-League,,,,,,,,
Newcastle Utd,26,26.7,,38,45,31,5,5,68,6.0,593.0,,,,,,,,,2005-2006,Premier-League,,,,,,,,
Portsmouth,34,26.7,,38,36,22,2,2,53,1.0,499.0,,,,,,,,,2005-2006,Premier-League,,,,,,,,
Sunderland,28,25.0,,38,24,15,2,2,73,4.0,536.0,,,,,,,,,2005-2006,Premier-League,,,,,,,,
Tottenham,29,24.9,,38,52,38,4,6,55,5.0,455.0,,,,,,,,,2005-2006,Premier-League,,,,,,,,
West Brom,29,26.4,,38,31,18,1,2,47,2.0,466.0,,,,,,,,,2005-2006,Premier-League,,,,,,,,
West Ham,28,26.0,,38,48,29,3,5,50,2.0,478.0,,,,,,,,,2005-2006,Premier-League,,,,,,,,
Wigan Athletic,25,28.3,,38,44,30,1,1,54,4.0,497.0,,,,,,,,,2005-2006,Premier-League,,,,,,,,
Ajaccio,30,26.8,,38,26,15,1,1,71,2.0,,,,,,,,,,2005-2006,Ligue-1,,,,,,,,
Auxerre,24,26.7,,38,49,32,4,4,47,2.0,,,,,,,,,,2005-2006,Ligue-1,,,,,,,,
Bordeaux,25,26.5,,38,43,30,3,3,81,3.0,,,,,,,,,,2005-2006,Ligue-1,,,,,,,,
Le Mans,27,24.7,,38,32,22,3,3,65,3.0,,,,,,,,,,2005-2006,Ligue-1,,,,,,,,
Lens,22,25.5,,38,48,28,3,4,66,8.0,,,,,,,,,,2005-2006,Ligue-1,,,,,,,,
Lille,27,24.4,,38,54,35,2,3,80,3.0,,,,,,,,,,2005-2006,Ligue-1,,,,,,,,
Lyon,24,26.6,,38,72,48,2,2,65,1.0,,,,,,,,,,2005-2006,Ligue-1,,,,,,,,
Marseille,38,26.6,,38,44,24,0,2,73,4.0,,,,,,,,,,2005-2006,Ligue-1,,,,,,,,
Metz,37,24.7,,38,24,15,1,2,71,6.0,,,,,,,,,,2005-2006,Ligue-1,,,,,,,,
Monaco,31,26.2,,38,42,28,1,3,82,8.0,,,,,,,,,,2005-2006,Ligue-1,,,,,,,,
Nancy,26,25.0,,38,33,22,5,6,79,7.0,,,,,,,,,,2005-2006,Ligue-1,,,,,,,,
Nantes,28,24.4,,38,37,25,1,3,73,4.0,,,,,,,,,,2005-2006,Ligue-1,,,,,,,,
Nice,24,26.5,,38,35,24,2,2,79,3.0,,,,,,,,,,2005-2006,Ligue-1,,,,,,,,
Paris S-G,25,27.5,,38,43,30,2,2,84,5.0,,,,,,,,,,2005-2006,Ligue-1,,,,,,,,
Rennes,25,23.8,,38,47,32,2,2,68,3.0,,,,,,,,,,2005-2006,Ligue-1,,,,,,,,
Saint-Étienne,25,25.2,,38,28,17,0,0,55,4.0,,,,,,,,,,2005-2006,Ligue-1,,,,,,,,
Sochaux,30,25.1,,38,32,21,4,4,61,4.0,,,,,,,,,,2005-2006,Ligue-1,,,,,,,,
Strasbourg,31,24.9,,38,30,19,5,5,62,7.0,,,,,,,,,,2005-2006,Ligue-1,,,,,,,,
Toulouse,26,25.3,,38,36,17,0,1,64,2.0,,,,,,,,,,2005-2006,Ligue-1,,,,,,,,
Troyes,26,27.9,,38,37,21,5,5,73,4.0,,,,,,,,,,2005-2006,Ligue-1,,,,,,,,
Alavés,22,27.5,,38,39,22,4,4,135,8.0,699.0,,,,,,,,,2001-2002,La-Liga,,,,,,,,
Athletic Club,26,26.6,,38,54,31,4,5,108,6.0,657.0,,,,,,,,,2001-2002,La-Liga,,,,,,,,
Barcelona,27,25.7,,38,63,35,3,4,88,3.0,636.0,,,,,,,,,2001-2002,La-Liga,,,,,,,,
Betis,28,25.6,,38,40,26,7,9,110,7.0,701.0,,,,,,,,,2001-2002,La-Liga,,,,,,,,
Celta Vigo,25,27.6,,38,63,31,5,8,123,10.0,744.0,,,,,,,,,2001-2002,La-Liga,,,,,,,,
Espanyol,30,24.0,,38,47,28,5,7,122,8.0,703.0,,,,,,,,,2001-2002,La-Liga,,,,,,,,
La Coruña,25,28.1,,38,64,42,4,6,80,4.0,657.0,,,,,,,,,2001-2002,La-Liga,,,,,,,,
Las Palmas,25,27.0,,38,40,18,11,12,118,7.0,580.0,,,,,,,,,2001-2002,La-Liga,,,,,,,,
Málaga,25,27.2,,38,43,25,5,5,129,8.0,689.0,,,,,,,,,2001-2002,La-Liga,,,,,,,,
Mallorca,24,28.3,,38,40,24,5,6,95,5.0,459.0,,,,,,,,,2001-2002,La-Liga,,,,,,,,
Osasuna,26,27.4,,38,34,22,1,2,98,4.0,561.0,,,,,,,,,2001-2002,La-Liga,,,,,,,,
Rayo Vallecano,28,28.1,,38,41,26,6,7,103,10.0,609.0,,,,,,,,,2001-2002,La-Liga,,,,,,,,
Real Madrid,27,26.5,,38,66,39,4,4,86,2.0,611.0,,,,,,,,,2001-2002,La-Liga,,,,,,,,
Real Sociedad,28,26.4,,38,48,31,3,3,89,4.0,626.0,,,,,,,,,2001-2002,La-Liga,,,,,,,,
Sevilla,26,26.7,,38,51,29,8,8,126,8.0,647.0,,,,,,,,,2001-2002,La-Liga,,,,,,,,
Tenerife,30,26.5,,38,32,18,3,4,126,8.0,721.0,,,,,,,,,2001-2002,La-Liga,,,,,,,,
Valencia,27,26.8,,38,50,31,1,2,112,5.0,817.0,,,,,,,,,2001-2002,La-Liga,,,,,,,,
Valladolid,25,26.5,,38,45,24,7,9,97,3.0,499.0,,,,,,,,,2001-2002,La-Liga,,,,,,,,
Villarreal,21,26.9,,38,46,27,4,4,118,4.0,603.0,,,,,,,,,2001-2002,La-Liga,,,,,,,,
Zaragoza,27,28.3,,38,35,19,3,5,98,6.0,613.0,,,,,,,,,2001-2002,La-Liga,,,,,,,,
Ajaccio,30,27.6,,38,28,18,1,1,96,6.0,,,,,,,,,,2002-2003,Ligue-1,,,,,,,,
Auxerre,25,24.6,,38,38,31,0,0,61,4.0,,,,,,,,,,2002-2003,Ligue-1,,,,,,,,
Bastia,33,25.8,,38,40,26,3,4,96,8.0,,,,,,,,,,2002-2003,Ligue-1,,,,,,,,
Bordeaux,24,25.7,,38,56,34,4,7,92,9.0,,,,,,,,,,2002-2003,Ligue-1,,,,,,,,
Guingamp,22,27.5,,38,57,33,5,5,76,9.0,,,,,,,,,,2002-2003,Ligue-1,,,,,,,,
Le Havre,25,24.7,,38,27,18,3,5,81,9.0,,,,,,,,,,2002-2003,Ligue-1,,,,,,,,
Lens,26,25.8,,38,42,25,4,5,75,3.0,,,,,,,,,,2002-2003,Ligue-1,,,,,,,,
Lille,24,25.6,,38,28,18,3,5,76,6.0,,,,,,,,,,2002-2003,Ligue-1,,,,,,,,
Lyon,25,27.3,,38,61,40,0,1,60,3.0,,,,,,,,,,2002-2003,Ligue-1,,,,,,,,
Marseille,27,25.7,,38,40,26,3,4,91,7.0,,,,,,,,,,2002-2003,Ligue-1,,,,,,,,
Monaco,29,24.7,,38,65,48,3,3,76,6.0,,,,,,,,,,2002-2003,Ligue-1,,,,,,,,
Montpellier,30,24.4,,38,35,20,5,3,100,10.0,,,,,,,,,,2002-2003,Ligue-1,,,,,,,,
Nantes,27,24.7,,38,37,23,4,5,85,10.0,,,,,,,,,,2002-2003,Ligue-1,,,,,,,,
Nice,26,26.1,,38,38,19,2,2,84,4.0,,,,,,,,,,2002-2003,Ligue-1,,,,,,,,
Paris S-G,28,27.5,,38,46,27,4,6,98,13.0,,,,,,,,,,2002-2003,Ligue-1,,,,,,,,
Rennes,30,24.4,,38,32,22,5,6,86,8.0,,,,,,,,,,2002-2003,Ligue-1,,,,,,,,
Sedan,29,26.4,,38,40,22,3,5,82,6.0,,,,,,,,,,2002-2003,Ligue-1,,,,,,,,
Sochaux,28,25.9,,38,45,31,3,4,77,1.0,,,,,,,,,,2002-2003,Ligue-1,,,,,,,,
Strasbourg,32,26.3,,38,37,25,5,7,83,2.0,,,,,,,,,,2002-2003,Ligue-1,,,,,,,,
Troyes,33,27.6,,38,23,14,2,3,78,4.0,,,,,,,,,,2002-2003,Ligue-1,,,,,,,,
Angers,30,27.5,41.2,34,31,17,5,6,49,2.0,380.0,398.0,69.0,575.0,336.0,392.0,6.0,5.0,0.0,2024-2025,Ligue-1,36.0,31.3,23.5,502.0,953.0,1414.0,334.0,428.0
Auxerre,29,25.9,42.5,34,47,35,4,5,68,4.0,404.0,362.0,48.0,542.0,350.0,403.0,4.0,8.0,3.0,2024-2025,Ligue-1,41.0,37.3,32.0,484.0,1084.0,1492.0,412.0,422.0
Brest,30,28.2,48.4,34,52,32,7,9,69,3.0,430.0,413.0,42.0,641.0,316.0,426.0,5.0,10.0,2.0,2024-2025,Ligue-1,45.4,38.3,29.4,470.0,1096.0,1471.0,534.0,508.0
Le Havre,31,26.9,43.1,34,37,21,9,10,56,4.0,379.0,403.0,50.0,695.0,324.0,387.0,6.0,6.0,1.0,2024-2025,Ligue-1,41.3,33.3,24.3,538.0,1051.0,1399.0,451.0,436.0
Lens,33,27.1,54.1,34,40,26,5,5,86,8.0,499.0,360.0,84.0,706.0,321.0,365.0,2.0,9.0,0.0,2024-2025,Ligue-1,51.8,48.3,36.2,570.0,1451.0,1576.0,450.0,414.0
Lille,27,26.1,57.6,34,52,29,7,10,77,2.0,410.0,376.0,48.0,535.0,271.0,356.0,8.0,4.0,1.0,2024-2025,Ligue-1,54.7,47.5,35.1,669.0,1616.0,1535.0,392.0,350.0
Lyon,31,27.4,56.4,34,62,46,8,10,60,0.0,407.0,357.0,71.0,598.0,282.0,340.0,6.0,3.0,0.0,2024-2025,Ligue-1,60.3,52.5,44.4,709.0,1615.0,1422.0,305.0,332.0
Marseille,32,26.7,63.3,34,70,49,8,10,64,6.0,394.0,371.0,53.0,609.0,280.0,358.0,5.0,6.0,2.0,2024-2025,Ligue-1,63.8,55.8,44.6,664.0,1714.0,1485.0,312.0,249.0
Monaco,28,24.4,55.0,34,63,49,6,7,60,4.0,462.0,444.0,69.0,563.0,357.0,429.0,3.0,3.0,0.0,2024-2025,Ligue-1,72.8,67.7,55.3,670.0,1638.0,1763.0,426.0,421.0
Montpellier,35,26.1,45.3,34,23,13,3,4,87,7.0,427.0,438.0,65.0,646.0,273.0,389.0,3.0,9.0,3.0,2024-2025,Ligue-1,33.5,30.4,23.0,529.0,1039.0,1349.0,374.0,442.0
Nantes,30,26.7,40.4,34,39,27,5,5,71,4.0,413.0,389.0,31.0,611.0,283.0,376.0,3.0,8.0,3.0,2024-2025,Ligue-1,39.1,35.3,27.8,502.0,1053.0,1289.0,426.0,439.0
Nice,31,26.4,47.5,34,62,43,6,6,59,5.0,391.0,417.0,56.0,599.0,365.0,399.0,5.0,3.0,1.0,2024-2025,Ligue-1,61.6,56.9,42.9,701.0,1320.0,1608.0,427.0,402.0
Paris S-G,28,23.6,68.0,34,89,69,6,7,37,0.0,307.0,336.0,54.0,562.0,265.0,386.0,6.0,3.0,1.0,2024-2025,Ligue-1,88.9,83.3,70.8,936.0,2123.0,1654.0,262.0,214.0
Reims,34,24.5,44.1,34,32,19,1,2,66,6.0,392.0,372.0,59.0,611.0,289.0,359.0,1.0,5.0,0.0,2024-2025,Ligue-1,37.4,35.9,26.5,586.0,1156.0,1407.0,378.0,430.0
Rennes,35,25.1,50.9,34,51,32,5,8,67,2.0,445.0,382.0,48.0,580.0,337.0,363.0,4.0,6.0,2.0,2024-2025,Ligue-1,48.6,42.7,29.6,663.0,1440.0,1458.0,443.0,393.0
Saint-Étienne,32,25.9,47.1,34,39,28,3,4,65,3.0,449.0,361.0,46.0,402.0,328.0,382.0,4.0,15.0,2.0,2024-2025,Ligue-1,36.4,33.2,24.6,529.0,1262.0,1428.0,342.0,386.0
Strasbourg,30,21.4,50.1,34,54,43,2,2,71,3.0,393.0,417.0,48.0,496.0,282.0,335.0,2.0,9.0,2.0,2024-2025,Ligue-1,49.3,47.7,38.5,563.0,1204.0,1436.0,339.0,324.0
Toulouse,27,25.2,45.0,34,42,34,3,4,54,3.0,441.0,415.0,46.0,580.0,281.0,364.0,4.0,2.0,3.0,2024-2025,Ligue-1,49.1,46.0,34.7,543.0,1219.0,1531.0,426.0,443.0
Alavés,33,27.9,42.0,38,29,20,6,7,93,4.0,529.0,455.0,72.0,758.0,376.0,324.0,6.0,9.0,0.0,2021-2022,La-Liga,37.3,31.8,25.5,420.0,984.0,1910.0,869.0,674.0
Athletic Club,26,26.9,48.1,38,40,34,3,7,90,4.0,487.0,483.0,89.0,798.0,339.0,292.0,5.0,3.0,1.0,2021-2022,La-Liga,49.6,44.0,37.5,653.0,1572.0,2098.0,585.0,572.0
Atlético Madrid,26,28.1,50.6,38,63,45,4,5,111,7.0,473.0,503.0,85.0,703.0,365.0,346.0,4.0,8.0,3.0,2021-2022,La-Liga,54.4,50.6,40.2,705.0,1463.0,2002.0,559.0,539.0
Barcelona,38,26.2,64.2,38,68,52,6,7,97,5.0,499.0,489.0,99.0,798.0,325.0,331.0,6.0,3.0,0.0,2021-2022,La-Liga,63.4,57.9,47.6,961.0,2079.0,2066.0,454.0,410.0
Betis,31,28.9,53.7,38,60,45,6,6,87,6.0,485.0,470.0,71.0,547.0,361.0,392.0,4.0,3.0,2.0,2021-2022,La-Liga,53.5,48.8,37.7,666.0,1518.0,1908.0,505.0,511.0
Cádiz,33,28.5,41.3,38,35,21,3,6,105,3.0,488.0,449.0,69.0,865.0,413.0,380.0,5.0,13.0,0.0,2021-2022,La-Liga,39.5,34.8,24.6,571.0,1080.0,2077.0,601.0,693.0
Celta Vigo,25,28.4,55.2,38,43,29,3,6,87,3.0,507.0,463.0,83.0,768.0,376.0,409.0,3.0,8.0,2.0,2021-2022,La-Liga,43.1,38.3,28.8,665.0,1447.0,2144.0,603.0,696.0
Elche,28,29.1,48.4,38,39,29,1,1,104,6.0,518.0,471.0,74.0,720.0,305.0,325.0,1.0,10.0,0.0,2021-2022,La-Liga,33.7,32.9,27.6,531.0,1102.0,1982.0,527.0,515.0
Espanyol,34,27.7,46.9,38,39,25,5,5,99,7.0,440.0,516.0,70.0,627.0,326.0,338.0,3.0,5.0,2.0,2021-2022,La-Liga,36.7,32.9,25.8,610.0,1212.0,1736.0,447.0,574.0
Getafe,31,26.6,41.5,38,31,26,3,5,121,8.0,559.0,481.0,53.0,621.0,401.0,360.0,1.0,4.0,1.0,2021-2022,La-Liga,29.3,25.3,19.4,399.0,917.0,1924.0,721.0,717.0
Granada,32,28.1,44.7,38,43,28,3,5,105,4.0,477.0,466.0,62.0,691.0,326.0,343.0,2.0,9.0,2.0,2021-2022,La-Liga,39.0,35.1,26.7,435.0,1047.0,1867.0,602.0,743.0
Levante,31,28.0,47.2,38,51,34,8,13,109,6.0,550.0,403.0,77.0,624.0,377.0,305.0,6.0,6.0,0.0,2021-2022,La-Liga,55.1,45.1,31.7,569.0,1343.0,2054.0,441.0,492.0
Mallorca,33,27.9,45.3,38,33,23,6,7,114,7.0,554.0,535.0,67.0,597.0,344.0,332.0,6.0,8.0,4.0,2021-2022,La-Liga,38.8,33.3,25.7,575.0,1129.0,2007.0,651.0,703.0
Osasuna,29,27.7,46.9,38,37,23,6,8,84,2.0,498.0,391.0,66.0,864.0,368.0,331.0,3.0,7.0,2.0,2021-2022,La-Liga,36.7,30.7,22.9,417.0,1328.0,2118.0,808.0,743.0
Rayo Vallecano,28,27.5,49.9,38,38,28,4,4,101,3.0,537.0,511.0,83.0,862.0,365.0,359.0,4.0,9.0,1.0,2021-2022,La-Liga,42.8,39.7,30.7,697.0,1312.0,2110.0,652.0,655.0
Real Madrid,31,27.7,59.9,38,80,59,8,12,76,0.0,394.0,474.0,106.0,611.0,334.0,345.0,10.0,5.0,0.0,2021-2022,La-Liga,71.7,62.2,50.7,1029.0,2078.0,1941.0,397.0,319.0
Real Sociedad,32,25.7,54.3,38,40,22,9,10,77,4.0,491.0,465.0,76.0,638.0,348.0,339.0,8.0,6.0,0.0,2021-2022,La-Liga,51.5,43.8,32.9,667.0,1462.0,2012.0,678.0,597.0
Sevilla,33,28.6,59.4,38,51,40,2,3,97,4.0,462.0,462.0,80.0,787.0,270.0,302.0,3.0,4.0,0.0,2021-2022,La-Liga,42.4,40.0,32.5,625.0,1596.0,2064.0,595.0,561.0
Valencia,34,24.8,43.6,38,45,30,8,9,134,8.0,641.0,586.0,52.0,765.0,339.0,364.0,8.0,8.0,3.0,2021-2022,La-Liga,39.0,32.2,25.4,554.0,1202.0,2079.0,564.0,599.0
Villarreal,29,28.0,56.8,38,62,51,5,6,81,1.0,472.0,459.0,91.0,574.0,329.0,312.0,3.0,5.0,1.0,2021-2022,La-Liga,64.2,60.0,50.9,790.0,1698.0,1946.0,491.0,437.0
Arsenal,27,24.4,52.8,38,60,41,5,8,67,4.0,365.0,357.0,66.0,633.0,296.0,311.0,6.0,6.0,1.0,2021-2022,Premier-League,60.5,55.1,40.2,734.0,1655.0,1861.0,463.0,572.0
Aston Villa,31,26.1,46.5,38,50,42,3,3,81,2.0,401.0,504.0,52.0,670.0,339.0,382.0,2.0,6.0,2.0,2021-2022,Premier-League,44.0,42.0,34.8,653.0,1300.0,1850.0,538.0,561.0
Brentford,29,25.4,44.8,38,46,33,6,6,65,3.0,371.0,363.0,66.0,640.0,393.0,342.0,6.0,5.0,2.0,2021-2022,Premier-League,45.8,41.1,33.0,450.0,1189.0,2061.0,717.0,728.0
Brighton,26,26.2,54.4,38,40,30,4,7,72,2.0,393.0,355.0,53.0,728.0,358.0,403.0,4.0,4.0,0.0,2021-2022,Premier-League,46.2,40.7,32.3,676.0,1547.0,2154.0,569.0,498.0
Burnley,23,28.5,40.2,38,32,26,1,2,68,2.0,394.0,332.0,101.0,747.0,410.0,324.0,2.0,5.0,2.0,2021-2022,Premier-League,39.7,38.1,31.2,388.0,972.0,2027.0,827.0,733.0
Chelsea,26,27.4,61.8,38,75,52,8,9,63,1.0,409.0,392.0,69.0,745.0,347.0,348.0,8.0,6.0,1.0,2021-2022,Premier-League,63.4,56.6,44.9,894.0,1967.0,2084.0,538.0,486.0
Crystal Palace,24,27.1,51.1,38,50,31,6,8,69,1.0,414.0,481.0,63.0,643.0,333.0,374.0,6.0,4.0,2.0,2021-2022,Premier-League,46.4,40.1,31.0,592.0,1229.0,2103.0,610.0,618.0
Everton,33,26.7,40.0,38,42,29,6,7,82,6.0,368.0,388.0,53.0,653.0,365.0,402.0,7.0,2.0,5.0,2021-2022,Premier-League,41.2,35.8,28.5,512.0,1100.0,2023.0,634.0,725.0
Leeds United,29,26.1,52.3,38,42,26,5,5,101,3.0,469.0,368.0,63.0,648.0,395.0,437.0,4.0,5.0,1.0,2021-2022,Premier-League,44.4,40.4,31.3,671.0,1483.0,2260.0,470.0,626.0
Leicester City,28,26.5,52.0,38,62,46,2,2,55,1.0,356.0,396.0,60.0,556.0,367.0,384.0,1.0,9.0,1.0,2021-2022,Premier-League,47.8,46.2,34.2,622.0,1356.0,2015.0,530.0,553.0
Liverpool,27,27.7,62.7,38,94,71,7,8,50,1.0,363.0,286.0,63.0,897.0,340.0,320.0,5.0,0.0,1.0,2021-2022,Premier-League,88.7,82.7,63.5,885.0,2243.0,2265.0,571.0,467.0
Manchester City,26,27.0,67.9,38,96,63,7,9,42,1.0,321.0,330.0,66.0,869.0,279.0,284.0,7.0,1.0,0.0,2021-2022,Premier-League,88.7,81.4,65.5,1145.0,2421.0,1967.0,482.0,397.0
Manchester Utd,29,27.2,52.7,38,56,46,3,5,77,2.0,396.0,320.0,88.0,659.0,340.0,358.0,3.0,5.0,3.0,2021-2022,Premier-League,55.8,51.9,42.5,784.0,1568.0,2071.0,555.0,443.0
Newcastle Utd,29,27.5,40.4,38,41,23,3,3,81,2.0,392.0,366.0,71.0,592.0,360.0,383.0,1.0,6.0,2.0,2021-2022,Premier-League,38.1,35.9,25.8,544.0,923.0,1835.0,677.0,619.0
Norwich City,28,26.2,42.9,38,21,16,3,3,57,1.0,356.0,431.0,55.0,568.0,381.0,368.0,2.0,12.0,2.0,2021-2022,Premier-League,32.3,30.0,24.3,566.0,1031.0,1887.0,493.0,598.0
Southampton,25,25.7,47.7,38,41,26,4,4,65,2.0,402.0,363.0,42.0,711.0,446.0,340.0,4.0,2.0,2.0,2021-2022,Premier-League,44.8,41.6,32.5,728.0,1326.0,2224.0,672.0,726.0
Tottenham,25,26.5,51.8,38,63,50,5,5,69,1.0,386.0,406.0,62.0,632.0,355.0,349.0,3.0,2.0,1.0,2021-2022,Premier-League,61.2,57.3,47.0,791.0,1459.0,1893.0,560.0,500.0
Watford,30,28.4,40.7,38,33,26,1,2,63,3.0,442.0,352.0,53.0,610.0,444.0,356.0,2.0,7.0,3.0,2021-2022,Premier-League,40.0,38.4,32.5,557.0,1070.0,2154.0,711.0,749.0
West Ham,25,28.2,47.9,38,58,46,4,6,52,3.0,323.0,276.0,59.0,802.0,374.0,301.0,3.0,6.0,2.0,2021-2022,Premier-League,51.4,46.8,37.4,646.0,1449.0,1970.0,639.0,628.0
Wolves,26,27.3,49.5,38,35,22,1,1,62,2.0,366.0,335.0,61.0,587.0,389.0,377.0,1.0,10.0,1.0,2021-2022,Premier-League,37.5,36.8,26.4,723.0,1283.0,2104.0,461.0,490.0
Bari,23,24.7,,34,34,19,3,3,72,3.0,,,,,,,,,,1999-2000,Serie-A,,,,,,,,
Bologna,27,29.0,,34,31,20,1,1,105,7.0,,,,,,,,,,1999-2000,Serie-A,,,,,,,,
Cagliari,26,26.1,,34,27,15,4,5,89,10.0,,,,,,,,,,1999-2000,Serie-A,,,,,,,,
Fiorentina,24,28.3,,34,48,37,0,1,72,4.0,,,,,,,,,,1999-2000,Serie-A,,,,,,,,
Hellas Verona,27,25.7,,34,39,25,2,2,63,6.0,,,,,,,,,,1999-2000,Serie-A,,,,,,,,
Inter,26,27.8,,34,58,40,3,4,61,3.0,,,,,,,,,,1999-2000,Serie-A,,,,,,,,
Juventus,21,26.9,,34,43,31,9,9,72,9.0,,,,,,,,,,1999-2000,Serie-A,,,,,,,,
Lazio,23,27.8,,34,63,39,8,9,66,3.0,,,,,,,,,,1999-2000,Serie-A,,,,,,,,
Lecce,24,26.4,,34,33,14,5,5,80,7.0,,,,,,,,,,1999-2000,Serie-A,,,,,,,,
Milan,26,27.1,,34,61,39,11,13,84,5.0,,,,,,,,,,1999-2000,Serie-A,,,,,,,,
Parma,27,26.0,,34,49,39,5,6,64,6.0,,,,,,,,,,1999-2000,Serie-A,,,,,,,,
Perugia,26,28.0,,34,35,19,3,4,60,7.0,,,,,,,,,,1999-2000,Serie-A,,,,,,,,
Piacenza,28,27.7,,34,19,10,4,7,83,9.0,,,,,,,,,,1999-2000,Serie-A,,,,,,,,
Reggina,27,24.4,,34,30,18,5,5,75,8.0,,,,,,,,,,1999-2000,Serie-A,,,,,,,,
Roma,25,27.3,,34,54,34,8,8,74,5.0,,,,,,,,,,1999-2000,Serie-A,,,,,,,,
Torino,34,27.3,,34,35,20,8,8,108,13.0,,,,,,,,,,1999-2000,Serie-A,,,,,,,,
Udinese,28,24.9,,34,53,41,2,4,71,1.0,,,,,,,,,,1999-2000,Serie-A,,,,,,,,
Venezia,31,27.7,,34,30,23,2,3,89,7.0,,,,,,,,,,1999-2000,Serie-A,,,,,,,,
Ajaccio,36,29.1,43.2,38,22,12,6,9,86,10.0,541.0,495.0,63.0,631.0,420.0,382.0,8.0,10.0,2.0,2022-2023,Ligue-1,36.1,29.5,22.8,487.0,1169.0,2053.0,602.0,711.0
Angers,33,25.7,46.9,38,31,18,4,4,69,5.0,492.0,422.0,47.0,584.0,375.0,386.0,4.0,11.0,4.0,2022-2023,Ligue-1,40.9,37.8,28.0,632.0,1393.0,2025.0,436.0,441.0
Auxerre,33,27.3,43.3,38,32,17,7,9,54,6.0,462.0,419.0,48.0,617.0,454.0,378.0,6.0,6.0,1.0,2022-2023,Ligue-1,42.8,35.8,27.3,531.0,1284.0,2078.0,487.0,566.0
Brest,29,26.6,44.9,38,43,28,7,8,63,2.0,499.0,462.0,59.0,755.0,475.0,417.0,7.0,9.0,2.0,2022-2023,Ligue-1,43.4,37.1,29.5,592.0,1311.0,2115.0,633.0,569.0
Clermont Foot,28,27.2,48.3,38,44,26,7,10,72,5.0,426.0,592.0,52.0,564.0,440.0,398.0,7.0,12.0,0.0,2022-2023,Ligue-1,47.5,39.6,27.7,532.0,1304.0,2051.0,410.0,427.0
Lens,29,26.4,55.6,38,66,49,6,9,63,3.0,492.0,481.0,62.0,791.0,339.0,323.0,7.0,3.0,1.0,2022-2023,Ligue-1,66.7,59.8,47.4,738.0,1829.0,1975.0,406.0,369.0
Lille,26,26.0,60.5,38,65,40,11,12,82,1.0,497.0,480.0,64.0,624.0,301.0,370.0,10.0,5.0,3.0,2022-2023,Ligue-1,68.7,60.0,46.4,798.0,1982.0,2138.0,440.0,463.0
Lorient,30,25.2,46.6,38,49,32,4,6,48,4.0,397.0,501.0,49.0,434.0,369.0,420.0,5.0,2.0,1.0,2022-2023,Ligue-1,44.5,39.8,29.4,753.0,1329.0,2019.0,407.0,479.0
Lyon,29,25.5,58.1,38,63,45,6,8,61,3.0,500.0,453.0,57.0,649.0,481.0,423.0,5.0,11.0,3.0,2022-2023,Ligue-1,61.1,54.8,45.1,709.0,1883.0,2144.0,452.0,438.0
Marseille,30,27.3,56.7,38,61,38,6,7,63,4.0,533.0,419.0,68.0,751.0,420.0,404.0,3.0,5.0,3.0,2022-2023,Ligue-1,65.3,60.0,47.0,759.0,1919.0,2291.0,491.0,484.0
Monaco,27,24.7,48.2,38,69,47,5,8,64,5.0,488.0,411.0,84.0,661.0,426.0,400.0,8.0,5.0,3.0,2022-2023,Ligue-1,62.1,55.7,42.2,719.0,1820.0,2203.0,515.0,457.0
Montpellier,31,26.0,45.8,38,64,41,7,7,68,10.0,488.0,523.0,71.0,673.0,404.0,413.0,6.0,11.0,2.0,2022-2023,Ligue-1,52.2,46.7,34.3,556.0,1250.0,2095.0,480.0,553.0
Nantes,29,26.7,45.9,38,35,27,3,5,65,4.0,481.0,414.0,54.0,820.0,431.0,431.0,3.0,9.0,4.0,2022-2023,Ligue-1,42.8,39.0,31.8,705.0,1565.0,2075.0,592.0,598.0
Nice,34,26.5,51.5,38,47,32,6,7,53,3.0,383.0,376.0,51.0,690.0,413.0,467.0,5.0,5.0,0.0,2022-2023,Ligue-1,57.2,51.7,39.3,774.0,1534.0,2143.0,392.0,365.0
Paris S-G,26,26.9,60.7,38,86,62,5,7,57,5.0,380.0,416.0,77.0,399.0,296.0,362.0,5.0,5.0,1.0,2022-2023,Ligue-1,78.2,72.6,56.8,810.0,2029.0,1938.0,245.0,201.0
Reims,34,24.9,48.7,38,45,31,7,8,70,9.0,507.0,423.0,85.0,707.0,397.0,407.0,7.0,3.0,2.0,2022-2023,Ligue-1,61.5,55.2,43.4,712.0,1717.0,2368.0,472.0,465.0
Rennes,32,25.2,55.4,38,66,47,3,3,58,6.0,465.0,379.0,54.0,564.0,341.0,335.0,3.0,5.0,1.0,2022-2023,Ligue-1,61.4,59.0,45.4,774.0,1922.0,2035.0,538.0,520.0
Strasbourg,29,27.3,45.9,38,48,28,5,7,73,7.0,529.0,474.0,43.0,647.0,437.0,409.0,6.0,11.0,0.0,2022-2023,Ligue-1,48.5,42.8,32.1,610.0,1351.0,2132.0,677.0,573.0
Toulouse,29,25.1,51.3,38,50,33,4,4,62,3.0,473.0,413.0,74.0,660.0,409.0,406.0,2.0,7.0,3.0,2022-2023,Ligue-1,52.5,49.4,35.8,648.0,1737.0,2168.0,483.0,460.0
Troyes,32,25.8,42.6,38,43,26,5,5,55,5.0,402.0,404.0,57.0,517.0,398.0,361.0,4.0,8.0,2.0,2022-2023,Ligue-1,39.1,35.6,27.9,638.0,1235.0,1986.0,476.0,495.0
Ajaccio,25,26.9,,38,36,24,2,3,84,5.0,,,,,,,,,,2004-2005,Ligue-1,,,,,,,,
Auxerre,24,26.5,,38,48,32,1,1,59,,,,,,,,,,,2004-2005,Ligue-1,,,,,,,,
Bastia,27,25.1,,38,32,21,0,0,71,6.0,,,,,,,,,,2004-2005,Ligue-1,,,,,,,,
Bordeaux,24,25.4,,38,35,24,4,4,69,8.0,,,,,,,,,,2004-2005,Ligue-1,,,,,,,,
Caen,31,25.4,,38,35,22,3,4,84,2.0,,,,,,,,,,2004-2005,Ligue-1,,,,,,,,
Istres,31,27.7,,38,25,17,2,2,96,8.0,,,,,,,,,,2004-2005,Ligue-1,,,,,,,,
Lens,23,25.4,,38,44,33,4,4,71,3.0,,,,,,,,,,2004-2005,Ligue-1,,,,,,,,
Lille,25,24.7,,38,50,34,5,6,76,7.0,,,,,,,,,,2004-2005,Ligue-1,,,,,,,,
Lyon,22,25.5,,38,54,40,2,4,54,1.0,,,,,,,,,,2004-2005,Ligue-1,,,,,,,,
Marseille,26,26.4,,38,47,26,1,1,83,2.0,,,,,,,,,,2004-2005,Ligue-1,,,,,,,,
Metz,28,24.3,,38,33,19,4,4,69,3.0,,,,,,,,,,2004-2005,Ligue-1,,,,,,,,
Monaco,24,24.8,,38,52,32,4,4,87,3.0,,,,,,,,,,2004-2005,Ligue-1,,,,,,,,
Nantes,32,24.5,,38,33,23,2,2,63,6.0,,,,,,,,,,2004-2005,Ligue-1,,,,,,,,
Nice,26,26.9,,38,38,22,6,7,97,6.0,,,,,,,,,,2004-2005,Ligue-1,,,,,,,,
Paris S-G,27,26.7,,38,36,27,6,8,81,7.0,,,,,,,,,,2004-2005,Ligue-1,,,,,,,,
Rennes,23,24.1,,38,48,38,5,5,73,5.0,,,,,,,,,,2004-2005,Ligue-1,,,,,,,,
Saint-Étienne,23,24.9,,38,47,27,5,5,72,3.0,,,,,,,,,,2004-2005,Ligue-1,,,,,,,,
Sochaux,28,25.9,,38,41,27,1,2,67,4.0,,,,,,,,,,2004-2005,Ligue-1,,,,,,,,
Strasbourg,23,25.5,,38,42,24,4,4,73,7.0,,,,,,,,,,2004-2005,Ligue-1,,,,,,,,
Toulouse,26,24.7,,38,34,21,1,1,75,4.0,,,,,,,,,,2004-2005,Ligue-1,,,,,,,,
Alavés,23,27.4,,38,55,36,8,9,113,5.0,731.0,,,,,,,,,2000-2001,La-Liga,,,,,,,,
Athletic Club,26,26.0,,38,44,27,4,5,111,11.0,800.0,,,,,,,,,2000-2001,La-Liga,,,,,,,,
Barcelona,24,26.4,,38,79,46,5,6,91,9.0,681.0,,,,,,,,,2000-2001,La-Liga,,,,,,,,
Celta Vigo,24,27.1,,38,49,29,5,5,125,11.0,786.0,,,,,,,,,2000-2001,La-Liga,,,,,,,,
Espanyol,28,25.8,,38,44,27,4,5,89,5.0,852.0,,,,,,,,,2000-2001,La-Liga,,,,,,,,
La Coruña,23,28.3,,38,73,40,4,6,103,7.0,607.0,,,,,,,,,2000-2001,La-Liga,,,,,,,,
Las Palmas,29,26.6,,38,42,24,5,6,117,9.0,724.0,,,,,,,,,2000-2001,La-Liga,,,,,,,,
Málaga,27,27.0,,38,60,36,4,4,95,6.0,720.0,,,,,,,,,2000-2001,La-Liga,,,,,,,,
Mallorca,27,28.2,,38,59,40,1,3,93,5.0,689.0,,,,,,,,,2000-2001,La-Liga,,,,,,,,
Numancia,26,27.3,,38,38,27,4,4,103,5.0,729.0,,,,,,,,,2000-2001,La-Liga,,,,,,,,
Osasuna,27,26.9,,38,40,25,4,8,91,3.0,665.0,,,,,,,,,2000-2001,La-Liga,,,,,,,,
Oviedo,28,25.0,,38,51,32,2,4,109,6.0,641.0,,,,,,,,,2000-2001,La-Liga,,,,,,,,
Racing Sant,28,27.2,,38,47,22,4,4,98,6.0,738.0,,,,,,,,,2000-2001,La-Liga,,,,,,,,
Rayo Vallecano,24,28.2,,38,54,31,5,6,109,9.0,667.0,,,,,,,,,2000-2001,La-Liga,,,,,,,,
Real Madrid,23,25.8,,38,78,50,4,8,78,2.0,594.0,,,,,,,,,2000-2001,La-Liga,,,,,,,,
Real Sociedad,30,26.6,,38,51,28,9,9,95,12.0,634.0,,,,,,,,,2000-2001,La-Liga,,,,,,,,
Valencia,24,27.6,,38,53,39,6,9,117,7.0,818.0,,,,,,,,,2000-2001,La-Liga,,,,,,,,
Valladolid,24,26.2,,38,41,26,5,6,109,6.0,739.0,,,,,,,,,2000-2001,La-Liga,,,,,,,,
Villarreal,24,26.5,,38,57,29,3,3,116,10.0,782.0,,,,,,,,,2000-2001,La-Liga,,,,,,,,
Zaragoza,25,28.3,,38,53,37,2,3,86,6.0,653.0,,,,,,,,,2000-2001,La-Liga,,,,,,,,
1860 Munich,23,27.8,,34,50,32,5,6,87,4.0,,,,,,,,,,1999-2000,Bundesliga,,,,,,,,
Arminia,27,27.9,,34,39,27,4,5,69,7.0,,,,,,,,,,1999-2000,Bundesliga,,,,,,,,
Bayern Munich,24,27.9,,34,72,55,5,6,81,2.0,,,,,,,,,,1999-2000,Bundesliga,,,,,,,,
Dortmund,25,28.0,,34,39,35,2,2,97,1.0,,,,,,,,,,1999-2000,Bundesliga,,,,,,,,
Eint Frankfurt,26,28.2,,34,42,34,4,4,68,4.0,,,,,,,,,,1999-2000,Bundesliga,,,,,,,,
Freiburg,25,25.4,,34,45,31,5,9,72,8.0,,,,,,,,,,1999-2000,Bundesliga,,,,,,,,
Hamburger SV,26,27.2,,34,60,42,10,10,64,2.0,,,,,,,,,,1999-2000,Bundesliga,,,,,,,,
Hansa Rostock,23,28.0,,34,42,27,4,4,79,4.0,,,,,,,,,,1999-2000,Bundesliga,,,,,,,,
Hertha BSC,27,27.5,,34,38,30,0,1,79,3.0,,,,,,,,,,1999-2000,Bundesliga,,,,,,,,
Kaiserslautern,23,29.2,,34,52,40,5,7,73,5.0,,,,,,,,,,1999-2000,Bundesliga,,,,,,,,
Leverkusen,25,26.2,,34,74,55,4,5,82,4.0,,,,,,,,,,1999-2000,Bundesliga,,,,,,,,
MSV Duisburg,27,29.0,,34,37,24,5,5,82,1.0,,,,,,,,,,1999-2000,Bundesliga,,,,,,,,
Schalke 04,27,28.2,,34,40,31,3,5,78,7.0,,,,,,,,,,1999-2000,Bundesliga,,,,,,,,
Stuttgart,26,27.6,,34,43,30,2,3,74,6.0,,,,,,,,,,1999-2000,Bundesliga,,,,,,,,
Ulm,21,27.1,,34,35,29,2,2,69,7.0,,,,,,,,,,1999-2000,Bundesliga,,,,,,,,
Unterhaching,22,28.0,,34,40,23,5,7,53,4.0,,,,,,,,,,1999-2000,Bundesliga,,,,,,,,
Werder Bremen,23,26.9,,34,65,51,5,5,67,3.0,,,,,,,,,,1999-2000,Bundesliga,,,,,,,,
Wolfsburg,27,28.4,,34,51,43,1,2,70,1.0,,,,,,,,,,1999-2000,Bundesliga,,,,,,,,
Atalanta,29,26.3,51.0,38,72,57,5,5,76,1.0,486.0,367.0,63.0,710.0,340.0,369.0,4.0,9.0,1.0,2023-2024,Serie-A,57.8,53.9,43.9,715.0,1754.0,2023.0,627.0,491.0
Bologna,28,25.2,58.1,38,52,32,4,5,85,2.0,458.0,456.0,55.0,510.0,258.0,385.0,3.0,7.0,1.0,2023-2024,Serie-A,47.9,44.0,32.1,660.0,1453.0,1769.0,416.0,413.0
Cagliari,29,26.1,42.1,38,41,30,4,6,77,4.0,464.0,418.0,64.0,852.0,265.0,315.0,3.0,5.0,3.0,2023-2024,Serie-A,42.9,38.4,29.1,529.0,1109.0,1774.0,571.0,613.0
Empoli,34,26.0,44.0,38,26,19,5,5,88,1.0,524.0,514.0,82.0,672.0,263.0,378.0,4.0,8.0,1.0,2023-2024,Serie-A,36.2,32.4,25.8,524.0,1056.0,1623.0,509.0,628.0
Fiorentina,30,27.0,57.4,38,60,41,4,8,80,0.0,459.0,450.0,57.0,748.0,236.0,320.0,6.0,9.0,0.0,2023-2024,Serie-A,51.7,45.4,35.3,621.0,1656.0,1720.0,626.0,603.0
Frosinone,34,24.3,49.7,38,44,29,8,10,68,2.0,388.0,442.0,48.0,524.0,241.0,322.0,8.0,8.0,2.0,2023-2024,Serie-A,45.8,37.9,30.2,563.0,1326.0,1780.0,518.0,602.0
Genoa,34,26.7,44.1,38,43,27,5,6,79,3.0,450.0,406.0,47.0,610.0,332.0,352.0,3.0,4.0,1.0,2023-2024,Serie-A,35.7,31.0,22.8,468.0,1079.0,1643.0,610.0,543.0
Hellas Verona,36,25.7,44.4,38,38,29,3,7,88,6.0,541.0,447.0,61.0,724.0,302.0,387.0,4.0,2.0,1.0,2023-2024,Serie-A,38.0,32.4,27.2,539.0,1122.0,1842.0,750.0,644.0
Inter,27,29.1,57.1,38,87,60,13,14,46,1.0,405.0,408.0,77.0,804.0,280.0,321.0,11.0,4.0,0.0,2023-2024,Serie-A,78.2,67.4,55.6,720.0,1620.0,1602.0,535.0,370.0
Juventus,31,26.5,48.5,38,52,37,3,5,87,2.0,478.0,376.0,72.0,708.0,253.0,369.0,3.0,3.0,2.0,2023-2024,Serie-A,54.6,50.6,39.6,709.0,1473.0,1656.0,486.0,434.0
Lazio,22,28.2,53.3,38,46,30,4,4,101,5.0,473.0,435.0,72.0,624.0,295.0,348.0,3.0,3.0,0.0,2023-2024,Serie-A,46.5,43.4,32.9,716.0,1528.0,1764.0,399.0,453.0
Lecce,26,24.9,44.9,38,30,23,3,5,89,5.0,504.0,481.0,56.0,650.0,308.0,374.0,4.0,6.0,1.0,2023-2024,Serie-A,43.1,39.2,30.6,638.0,1183.0,1779.0,548.0,616.0
Milan,35,26.6,56.9,38,76,56,6,8,82,8.0,429.0,410.0,57.0,660.0,252.0,333.0,6.0,8.0,1.0,2023-2024,Serie-A,66.2,60.0,46.0,899.0,1569.0,1616.0,432.0,410.0
Monza,31,26.8,53.5,38,38,29,4,5,88,5.0,458.0,408.0,40.0,584.0,279.0,334.0,2.0,9.0,0.0,2023-2024,Serie-A,39.5,35.9,27.8,723.0,1248.0,1468.0,442.0,462.0
Napoli,29,27.2,60.9,38,54,36,6,10,77,5.0,381.0,451.0,71.0,737.0,241.0,326.0,8.0,4.0,0.0,2023-2024,Serie-A,61.4,53.3,42.9,802.0,1758.0,1707.0,470.0,483.0
Roma,30,27.7,54.9,38,64,44,11,12,95,3.0,455.0,430.0,66.0,654.0,242.0,336.0,7.0,5.0,3.0,2023-2024,Serie-A,51.4,42.3,34.4,682.0,1469.0,1602.0,478.0,443.0
Salernitana,39,27.2,44.5,38,32,25,2,2,91,3.0,450.0,470.0,61.0,596.0,279.0,327.0,1.0,10.0,2.0,2023-2024,Serie-A,30.3,28.7,22.4,499.0,1119.0,1634.0,520.0,662.0
Sassuolo,30,26.4,43.8,38,42,28,7,8,71,4.0,387.0,398.0,26.0,661.0,267.0,310.0,6.0,11.0,4.0,2023-2024,Serie-A,39.8,33.8,25.9,636.0,1301.0,1600.0,452.0,607.0
Torino,30,26.4,51.6,38,35,29,2,2,75,2.0,471.0,419.0,63.0,761.0,329.0,275.0,2.0,7.0,0.0,2023-2024,Serie-A,37.7,36.1,30.1,710.0,1333.0,1679.0,588.0,594.0
Udinese,32,25.7,39.3,38,36,23,3,4,94,5.0,496.0,418.0,57.0,556.0,327.0,381.0,4.0,9.0,1.0,2023-2024,Serie-A,39.1,36.8,28.0,602.0,1022.0,1752.0,561.0,467.0
Alavés,23,29.1,,38,38,26,3,7,104,8.0,776.0,,,,,,,,,2002-2003,La-Liga,,,,,,,,
Athletic Club,27,25.8,,38,62,42,6,7,101,2.0,754.0,,,,,,,,,2002-2003,La-Liga,,,,,,,,
Atlético Madrid,25,27.2,,38,49,37,5,9,129,10.0,780.0,,,,,,,,,2002-2003,La-Liga,,,,,,,,
Barcelona,28,26.1,,38,61,47,6,7,91,8.0,604.0,,,,,,,,,2002-2003,La-Liga,,,,,,,,
Betis,28,25.5,,38,52,38,5,6,112,8.0,720.0,,,,,,,,,2002-2003,La-Liga,,,,,,,,
Celta Vigo,28,27.8,,38,44,32,3,8,98,6.0,645.0,,,,,,,,,2002-2003,La-Liga,,,,,,,,
Espanyol,30,25.7,,38,47,32,7,8,105,9.0,734.0,,,,,,,,,2002-2003,La-Liga,,,,,,,,
La Coruña,24,28.7,,38,67,50,5,6,71,4.0,590.0,,,,,,,,,2002-2003,La-Liga,,,,,,,,
Málaga,31,27.8,,38,43,30,4,6,118,11.0,768.0,,,,,,,,,2002-2003,La-Liga,,,,,,,,
Mallorca,26,26.5,,38,47,30,8,8,100,7.0,686.0,,,,,,,,,2002-2003,La-Liga,,,,,,,,
Osasuna,27,26.7,,38,39,26,6,6,107,7.0,705.0,,,,,,,,,2002-2003,La-Liga,,,,,,,,
Racing Sant,32,25.7,,38,53,31,5,7,103,7.0,775.0,,,,,,,,,2002-2003,La-Liga,,,,,,,,
Rayo Vallecano,28,26.9,,38,30,19,7,7,103,7.0,670.0,,,,,,,,,2002-2003,La-Liga,,,,,,,,
Real Madrid,23,26.9,,38,86,62,6,8,67,4.0,635.0,,,,,,,,,2002-2003,La-Liga,,,,,,,,
Real Sociedad,22,27.1,,38,70,49,5,6,69,3.0,678.0,,,,,,,,,2002-2003,La-Liga,,,,,,,,
Recreativo,28,26.8,,38,35,25,2,5,89,8.0,655.0,,,,,,,,,2002-2003,La-Liga,,,,,,,,
Sevilla,28,26.6,,38,34,24,6,6,104,9.0,711.0,,,,,,,,,2002-2003,La-Liga,,,,,,,,
Valencia,31,26.7,,38,53,34,5,9,104,9.0,805.0,,,,,,,,,2002-2003,La-Liga,,,,,,,,
Valladolid,27,25.3,,38,35,25,3,4,86,7.0,726.0,,,,,,,,,2002-2003,La-Liga,,,,,,,,
Villarreal,30,25.8,,38,43,26,7,8,100,7.0,701.0,,,,,,,,,2002-2003,La-Liga,,,,,,,,
1860 Munich,28,26.5,,34,32,22,4,5,86,4.0,,,,,,,,,,2003-2004,Bundesliga,,,,,,,,
Bayern Munich,26,27.5,,34,70,56,3,4,67,5.0,,,,,,,,,,2003-2004,Bundesliga,,,,,,,,
Bochum,21,28.6,,34,56,42,0,0,64,0.0,,,,,,,,,,2003-2004,Bundesliga,,,,,,,,
Dortmund,27,27.0,,34,57,36,5,7,67,3.0,,,,,,,,,,2003-2004,Bundesliga,,,,,,,,
Eint Frankfurt,27,27.7,,34,36,25,4,7,72,4.0,,,,,,,,,,2003-2004,Bundesliga,,,,,,,,
Freiburg,23,25.5,,34,41,29,6,6,57,4.0,,,,,,,,,,2003-2004,Bundesliga,,,,,,,,
Gladbach,32,27.6,,34,38,30,4,7,68,3.0,,,,,,,,,,2003-2004,Bundesliga,,,,,,,,
Hamburger SV,25,27.2,,34,45,34,2,2,82,3.0,,,,,,,,,,2003-2004,Bundesliga,,,,,,,,
Hannover 96,31,26.4,,34,49,38,3,3,76,7.0,,,,,,,,,,2003-2004,Bundesliga,,,,,,,,
Hansa Rostock,23,27.7,,34,53,42,3,5,83,5.0,,,,,,,,,,2003-2004,Bundesliga,,,,,,,,
Hertha BSC,28,26.9,,34,40,31,2,2,88,8.0,,,,,,,,,,2003-2004,Bundesliga,,,,,,,,
Kaiserslautern,31,27.2,,34,39,26,1,3,99,7.0,,,,,,,,,,2003-2004,Bundesliga,,,,,,,,
Köln,30,26.1,,34,31,20,1,2,74,4.0,,,,,,,,,,2003-2004,Bundesliga,,,,,,,,
Leverkusen,21,26.4,,34,70,55,2,4,75,4.0,,,,,,,,,,2003-2004,Bundesliga,,,,,,,,
Schalke 04,28,27.0,,34,48,36,4,5,70,5.0,,,,,,,,,,2003-2004,Bundesliga,,,,,,,,
Stuttgart,24,25.4,,34,52,37,2,3,67,3.0,,,,,,,,,,2003-2004,Bundesliga,,,,,,,,
Werder Bremen,24,27.5,,34,78,63,8,9,60,4.0,,,,,,,,,,2003-2004,Bundesliga,,,,,,,,
Wolfsburg,25,27.0,,34,56,45,2,2,98,4.0,,,,,,,,,,2003-2004,Bundesliga,,,,,,,,
Alavés,29,26.6,45.3,38,38,20,9,11,107,5.0,623.0,476.0,77.0,798.0,309.0,459.0,8.0,11.0,2.0,2024-2025,La-Liga,42.8,34.1,25.4,449.0,1160.0,1499.0,639.0,694.0
Athletic Club,31,26.9,48.4,38,53,40,3,6,64,3.0,483.0,386.0,68.0,772.0,344.0,345.0,5.0,5.0,1.0,2024-2025,La-Liga,53.0,48.2,36.7,682.0,1579.0,1735.0,496.0,514.0
Atlético Madrid,24,28.4,52.6,38,68,51,6,7,75,3.0,412.0,427.0,72.0,675.0,260.0,375.0,4.0,5.0,2.0,2024-2025,La-Liga,64.6,59.3,47.9,760.0,1559.0,1563.0,445.0,420.0
Barcelona,28,24.7,68.3,38,99,72,7,8,63,3.0,368.0,465.0,65.0,709.0,227.0,332.0,8.0,4.0,0.0,2024-2025,La-Liga,91.5,85.2,67.5,860.0,2212.0,1673.0,380.0,339.0
Betis,36,27.5,52.4,38,55,37,7,10,75,4.0,433.0,524.0,56.0,627.0,356.0,397.0,9.0,4.0,1.0,2024-2025,La-Liga,54.7,46.9,37.5,679.0,1486.0,1679.0,464.0,478.0
Celta Vigo,30,26.8,53.6,38,58,40,8,9,84,6.0,462.0,436.0,67.0,501.0,282.0,340.0,6.0,4.0,2.0,2024-2025,La-Liga,54.2,47.3,38.4,709.0,1659.0,1532.0,375.0,439.0
Espanyol,27,25.2,39.8,38,38,27,5,5,88,1.0,498.0,432.0,61.0,619.0,315.0,397.0,5.0,6.0,1.0,2024-2025,La-Liga,34.4,30.5,24.5,497.0,1000.0,1364.0,493.0,504.0
Getafe,30,27.7,41.8,38,34,21,5,5,110,7.0,602.0,506.0,90.0,721.0,276.0,393.0,3.0,9.0,0.0,2024-2025,La-Liga,36.8,33.0,23.9,368.0,981.0,1436.0,771.0,738.0
Girona,30,27.5,56.3,38,43,31,4,5,76,2.0,437.0,439.0,79.0,804.0,279.0,348.0,4.0,6.0,1.0,2024-2025,La-Liga,42.5,38.6,31.6,765.0,1691.0,1443.0,321.0,344.0
Las Palmas,34,26.8,50.7,38,38,27,3,4,110,4.0,452.0,462.0,59.0,674.0,321.0,370.0,1.0,10.0,3.0,2024-2025,La-Liga,36.3,33.2,26.3,499.0,1210.0,1454.0,529.0,561.0
Leganés,26,27.8,42.6,38,38,27,5,7,82,6.0,503.0,470.0,84.0,495.0,332.0,384.0,7.0,8.0,3.0,2024-2025,La-Liga,36.0,30.6,23.3,417.0,1030.0,1500.0,472.0,614.0
Mallorca,28,28.7,46.8,38,34,24,4,5,81,6.0,466.0,432.0,78.0,735.0,326.0,361.0,4.0,3.0,1.0,2024-2025,La-Liga,38.8,34.9,26.5,479.0,1184.0,1523.0,672.0,609.0
Osasuna,25,27.4,46.1,38,46,28,9,9,88,0.0,508.0,379.0,66.0,819.0,266.0,365.0,9.0,7.0,1.0,2024-2025,La-Liga,44.0,37.8,29.8,567.0,1221.0,1461.0,617.0,515.0
Rayo Vallecano,26,29.3,51.7,38,38,27,0,1,96,3.0,522.0,391.0,79.0,769.0,334.0,396.0,1.0,8.0,1.0,2024-2025,La-Liga,45.4,44.6,36.2,589.0,1362.0,1688.0,485.0,540.0
Real Madrid,30,26.6,60.4,38,78,55,10,14,57,4.0,332.0,518.0,85.0,578.0,331.0,359.0,11.0,3.0,1.0,2024-2025,La-Liga,75.3,64.5,54.6,983.0,1967.0,1541.0,334.0,267.0
Real Sociedad,31,25.1,53.8,38,34,22,4,4,85,4.0,501.0,417.0,82.0,740.0,283.0,401.0,3.0,7.0,0.0,2024-2025,La-Liga,42.5,39.3,30.9,645.0,1341.0,1569.0,578.0,606.0
Sevilla,35,26.1,50.5,38,39,32,2,3,98,8.0,494.0,402.0,70.0,612.0,367.0,390.0,1.0,6.0,1.0,2024-2025,La-Liga,42.7,40.3,30.8,594.0,1193.0,1551.0,531.0,442.0
Valencia,32,24.7,48.4,38,43,26,5,5,86,1.0,442.0,446.0,72.0,763.0,302.0,415.0,4.0,9.0,3.0,2024-2025,La-Liga,43.3,39.3,30.0,572.0,1340.0,1550.0,449.0,540.0
Valladolid,38,25.6,42.8,38,26,15,5,5,91,5.0,459.0,486.0,67.0,671.0,311.0,357.0,3.0,7.0,1.0,2024-2025,La-Liga,34.6,30.7,25.7,476.0,991.0,1355.0,544.0,524.0
Villarreal,31,26.7,47.6,38,69,51,5,7,96,4.0,442.0,463.0,77.0,674.0,281.0,396.0,6.0,8.0,1.0,2024-2025,La-Liga,64.8,59.1,49.7,693.0,1522.0,1547.0,492.0,399.0
Auxerre,25,23.8,,34,47,29,5,6,58,3.0,,,,,,,,,,2001-2002,Ligue-1,,,,,,,,
Bastia,30,25.5,,34,37,22,6,8,72,9.0,,,,,,,,,,2001-2002,Ligue-1,,,,,,,,
Bordeaux,29,26.4,,34,33,21,5,5,57,6.0,,,,,,,,,,2001-2002,Ligue-1,,,,,,,,
Guingamp,27,26.9,,34,34,20,1,2,80,6.0,,,,,,,,,,2001-2002,Ligue-1,,,,,,,,
Lens,24,27.4,,34,54,30,4,4,68,2.0,,,,,,,,,,2001-2002,Ligue-1,,,,,,,,
Lille,27,25.5,,34,36,22,3,3,70,5.0,,,,,,,,,,2001-2002,Ligue-1,,,,,,,,
Lorient,27,25.9,,34,42,22,3,3,60,1.0,,,,,,,,,,2001-2002,Ligue-1,,,,,,,,
Lyon,22,27.2,,34,56,38,3,4,47,4.0,,,,,,,,,,2001-2002,Ligue-1,,,,,,,,
Marseille,36,25.7,,34,34,17,4,5,75,4.0,,,,,,,,,,2001-2002,Ligue-1,,,,,,,,
Metz,30,27.0,,34,30,20,2,2,72,7.0,,,,,,,,,,2001-2002,Ligue-1,,,,,,,,
Monaco,35,25.3,,34,36,20,5,5,92,5.0,,,,,,,,,,2001-2002,Ligue-1,,,,,,,,
Montpellier,29,25.4,,34,26,14,1,1,74,6.0,,,,,,,,,,2001-2002,Ligue-1,,,,,,,,
Nantes,30,25.4,,34,34,26,3,5,66,5.0,,,,,,,,,,2001-2002,Ligue-1,,,,,,,,
Paris S-G,29,25.8,,34,43,26,4,4,82,5.0,,,,,,,,,,2001-2002,Ligue-1,,,,,,,,
Rennes,29,26.0,,34,39,17,7,7,63,3.0,,,,,,,,,,2001-2002,Ligue-1,,,,,,,,
Sedan,31,26.6,,34,32,18,2,2,75,8.0,,,,,,,,,,2001-2002,Ligue-1,,,,,,,,
Sochaux,24,26.4,,34,38,24,3,4,64,1.0,,,,,,,,,,2001-2002,Ligue-1,,,,,,,,
Troyes,33,26.9,,34,40,17,1,3,58,4.0,,,,,,,,,,2001-2002,Ligue-1,,,,,,,,
Arminia,24,27.8,,34,27,16,2,3,69,4.0,485.0,,,,,,,,,2008-2009,Bundesliga,,,,,,,,
Bayern Munich,23,27.8,,34,70,48,5,7,67,3.0,561.0,,,,,,,,,2008-2009,Bundesliga,,,,,,,,
Bochum,27,27.6,,34,38,27,1,1,82,7.0,590.0,,,,,,,,,2008-2009,Bundesliga,,,,,,,,
Dortmund,29,25.8,,34,58,38,6,6,51,5.0,497.0,,,,,,,,,2008-2009,Bundesliga,,,,,,,,
Eint Frankfurt,29,26.0,,34,38,28,2,2,77,3.0,572.0,,,,,,,,,2008-2009,Bundesliga,,,,,,,,
Energie Cottbus,25,29.0,,34,29,19,1,2,74,3.0,632.0,,,,,,,,,2008-2009,Bundesliga,,,,,,,,
Gladbach,34,26.1,,34,38,22,5,7,71,0.0,631.0,,,,,,,,,2008-2009,Bundesliga,,,,,,,,
Hamburger SV,26,27.0,,34,48,30,2,2,79,3.0,579.0,,,,,,,,,2008-2009,Bundesliga,,,,,,,,
Hannover 96,30,27.2,,34,49,35,3,4,60,4.0,532.0,,,,,,,,,2008-2009,Bundesliga,,,,,,,,
Hertha BSC,25,26.2,,34,48,33,1,3,62,1.0,502.0,,,,,,,,,2008-2009,Bundesliga,,,,,,,,
Hoffenheim,26,23.1,,34,63,39,8,10,77,6.0,602.0,,,,,,,,,2008-2009,Bundesliga,,,,,,,,
Karlsruher,26,26.2,,34,30,22,1,2,68,2.0,573.0,,,,,,,,,2008-2009,Bundesliga,,,,,,,,
Köln,25,27.4,,34,34,20,2,3,73,4.0,504.0,,,,,,,,,2008-2009,Bundesliga,,,,,,,,
Leverkusen,26,23.7,,34,58,42,4,4,65,5.0,538.0,,,,,,,,,2008-2009,Bundesliga,,,,,,,,
Schalke 04,23,26.2,,34,46,36,2,5,68,6.0,522.0,,,,,,,,,2008-2009,Bundesliga,,,,,,,,
Stuttgart,27,26.2,,34,62,42,1,1,69,0.0,549.0,,,,,,,,,2008-2009,Bundesliga,,,,,,,,
Werder Bremen,27,25.8,,34,62,35,3,4,55,4.0,510.0,,,,,,,,,2008-2009,Bundesliga,,,,,,,,
Wolfsburg,27,25.4,,34,79,48,9,10,58,2.0,554.0,,,,,,,,,2008-2009,Bundesliga,,,,,,,,
Alavés,28,27.5,,38,34,24,2,3,85,4.0,670.0,,,,,,,,,2005-2006,La-Liga,,,,,,,,
Athletic Club,26,25.5,,38,39,28,3,6,98,6.0,697.0,,,,,,,,,2005-2006,La-Liga,,,,,,,,
Atlético Madrid,27,25.1,,38,45,31,3,4,127,8.0,783.0,,,,,,,,,2005-2006,La-Liga,,,,,,,,
Barcelona,30,26.6,,38,75,53,8,10,75,6.0,588.0,,,,,,,,,2005-2006,La-Liga,,,,,,,,
Betis,27,26.3,,38,32,26,2,2,106,8.0,802.0,,,,,,,,,2005-2006,La-Liga,,,,,,,,
Cádiz,26,28.8,,38,36,21,5,6,93,5.0,694.0,,,,,,,,,2005-2006,La-Liga,,,,,,,,
Celta Vigo,24,25.4,,38,45,28,3,5,83,2.0,645.0,,,,,,,,,2005-2006,La-Liga,,,,,,,,
Espanyol,26,24.9,,38,36,27,2,5,112,9.0,717.0,,,,,,,,,2005-2006,La-Liga,,,,,,,,
Getafe,24,27.0,,38,53,39,3,3,107,8.0,724.0,,,,,,,,,2005-2006,La-Liga,,,,,,,,
La Coruña,28,28.4,,38,44,35,4,6,122,5.0,799.0,,,,,,,,,2005-2006,La-Liga,,,,,,,,
Málaga,31,26.6,,38,36,21,2,2,119,12.0,864.0,,,,,,,,,2005-2006,La-Liga,,,,,,,,
Mallorca,28,26.2,,38,37,27,1,1,108,9.0,731.0,,,,,,,,,2005-2006,La-Liga,,,,,,,,
Osasuna,24,26.3,,38,49,34,3,3,122,7.0,810.0,,,,,,,,,2005-2006,La-Liga,,,,,,,,
Racing Sant,29,25.5,,38,36,23,3,4,132,10.0,810.0,,,,,,,,,2005-2006,La-Liga,,,,,,,,
Real Madrid,26,26.7,,38,68,48,7,9,112,11.0,742.0,,,,,,,,,2005-2006,La-Liga,,,,,,,,
Real Sociedad,29,25.4,,38,46,30,6,6,86,10.0,641.0,,,,,,,,,2005-2006,La-Liga,,,,,,,,
Sevilla,27,26.3,,38,52,34,7,7,106,9.0,677.0,,,,,,,,,2005-2006,La-Liga,,,,,,,,
Valencia,28,27.0,,38,58,38,6,7,87,6.0,689.0,,,,,,,,,2005-2006,La-Liga,,,,,,,,
Villarreal,29,26.8,,38,49,32,5,7,109,5.0,611.0,,,,,,,,,2005-2006,La-Liga,,,,,,,,
Zaragoza,23,26.4,,38,45,30,2,2,104,6.0,665.0,,,,,,,,,2005-2006,La-Liga,,,,,,,,
Angers,31,27.9,46.4,38,40,23,5,6,65,2.0,461.0,483.0,39.0,662.0,443.0,376.0,6.0,8.0,1.0,2020-2021,Ligue-1,41.6,36.9,26.4,614.0,1435.0,2074.0,477.0,562.0
Bordeaux,28,27.6,49.8,38,41,32,4,4,78,4.0,465.0,480.0,49.0,609.0,503.0,329.0,3.0,8.0,1.0,2020-2021,Ligue-1,43.5,40.4,31.4,644.0,1303.0,1964.0,570.0,501.0
Brest,26,24.9,49.3,38,48,31,3,4,62,4.0,491.0,434.0,59.0,720.0,463.0,355.0,4.0,11.0,2.0,2020-2021,Ligue-1,50.0,46.8,36.0,685.0,1438.0,1928.0,693.0,560.0
Dijon,33,25.7,46.2,38,25,15,3,5,76,5.0,515.0,421.0,54.0,569.0,471.0,367.0,4.0,10.0,2.0,2020-2021,Ligue-1,33.7,29.9,22.6,527.0,1203.0,2041.0,530.0,627.0
Lens,27,26.4,51.1,38,53,35,10,12,94,7.0,541.0,465.0,49.0,760.0,508.0,358.0,11.0,11.0,3.0,2020-2021,Ligue-1,56.4,47.3,37.8,743.0,1567.0,2004.0,644.0,630.0
Lille,21,25.4,53.8,38,62,39,5,5,68,2.0,487.0,450.0,64.0,637.0,424.0,370.0,5.0,2.0,2.0,2020-2021,Ligue-1,48.5,44.5,34.4,713.0,1660.0,2216.0,572.0,558.0
Lorient,27,26.8,44.6,38,49,26,9,10,69,3.0,475.0,469.0,46.0,606.0,527.0,424.0,9.0,11.0,1.0,2020-2021,Ligue-1,48.6,41.4,30.8,572.0,1169.0,2064.0,507.0,586.0
Lyon,29,25.8,54.9,38,76,46,11,11,66,10.0,484.0,439.0,63.0,710.0,408.0,344.0,11.0,7.0,2.0,2020-2021,Ligue-1,81.4,73.0,54.9,804.0,1991.0,2139.0,528.0,424.0
Marseille,31,27.2,53.6,38,53,45,4,7,98,9.0,500.0,473.0,52.0,647.0,442.0,391.0,3.0,3.0,1.0,2020-2021,Ligue-1,47.0,41.6,36.5,606.0,1499.0,1898.0,552.0,534.0
Metz,27,25.7,45.2,38,42,28,7,11,84,4.0,516.0,474.0,50.0,659.0,572.0,417.0,6.0,13.0,1.0,2020-2021,Ligue-1,44.1,35.8,28.3,744.0,1221.0,2098.0,601.0,612.0
Monaco,30,24.8,55.8,38,76,52,12,15,78,7.0,486.0,470.0,70.0,746.0,436.0,432.0,11.0,5.0,1.0,2020-2021,Ligue-1,68.7,56.9,46.7,757.0,1750.0,2182.0,611.0,558.0
Montpellier,25,28.0,45.7,38,60,42,2,5,65,7.0,513.0,452.0,48.0,807.0,420.0,334.0,4.0,12.0,2.0,2020-2021,Ligue-1,51.9,48.1,33.8,619.0,1315.0,1876.0,657.0,643.0
Nantes,25,25.8,43.9,38,47,28,8,9,70,4.0,514.0,498.0,54.0,676.0,465.0,384.0,8.0,12.0,1.0,2020-2021,Ligue-1,49.0,42.1,29.4,656.0,1350.0,2063.0,671.0,700.0
Nice,31,23.5,54.3,38,49,26,7,7,73,4.0,459.0,438.0,40.0,599.0,435.0,364.0,6.0,7.0,0.0,2020-2021,Ligue-1,47.9,42.7,29.9,784.0,1531.0,1965.0,391.0,419.0
Nîmes,33,25.8,44.4,38,40,26,7,8,60,5.0,424.0,533.0,50.0,617.0,501.0,372.0,6.0,10.0,0.0,2020-2021,Ligue-1,43.3,37.0,29.9,520.0,1200.0,1906.0,517.0,671.0
Paris S-G,33,26.7,63.1,38,84,52,12,13,79,7.0,463.0,431.0,65.0,695.0,373.0,385.0,11.0,2.0,1.0,2020-2021,Ligue-1,80.1,70.1,55.6,909.0,2089.0,2052.0,355.0,300.0
Reims,29,24.6,44.9,38,39,23,5,5,77,8.0,442.0,414.0,61.0,539.0,487.0,372.0,3.0,8.0,1.0,2020-2021,Ligue-1,32.7,28.9,21.7,698.0,1246.0,1936.0,494.0,578.0
Rennes,32,25.5,59.1,38,50,39,3,3,79,5.0,502.0,486.0,34.0,764.0,361.0,337.0,3.0,4.0,1.0,2020-2021,Ligue-1,47.8,45.4,35.3,741.0,1883.0,2003.0,627.0,554.0
Saint-Étienne,40,25.4,48.3,38,40,28,6,9,76,2.0,529.0,490.0,49.0,779.0,471.0,428.0,5.0,9.0,2.0,2020-2021,Ligue-1,48.7,41.8,31.6,615.0,1229.0,2119.0,611.0,624.0
Strasbourg,26,26.8,45.7,38,49,26,10,12,58,3.0,499.0,412.0,39.0,713.0,521.0,396.0,7.0,8.0,1.0,2020-2021,Ligue-1,52.8,43.4,32.1,538.0,1301.0,2036.0,691.0,658.0
Arsenal,27,26.8,,38,68,48,3,3,54,0.0,326.0,,,,,,,,,2013-2014,Premier-League,,,,,,,,
Aston Villa,26,24.6,,38,38,25,2,4,78,0.0,483.0,,,,,,,,,2013-2014,Premier-League,,,,,,,,
Cardiff City,32,25.4,,38,31,24,1,1,49,0.0,348.0,,,,,,,,,2013-2014,Premier-League,,,,,,,,
Chelsea,29,27.7,,38,69,39,5,7,62,0.0,424.0,,,,,,,,,2013-2014,Premier-League,,,,,,,,
Crystal Palace,31,28.1,,38,32,21,5,6,55,0.0,408.0,,,,,,,,,2013-2014,Premier-League,,,,,,,,
Everton,28,27.6,,38,58,42,3,3,55,0.0,360.0,,,,,,,,,2013-2014,Premier-League,,,,,,,,
Fulham,39,29.0,,38,38,28,2,3,59,0.0,385.0,,,,,,,,,2013-2014,Premier-League,,,,,,,,
Hull City,27,27.5,,38,35,21,2,3,55,0.0,418.0,,,,,,,,,2013-2014,Premier-League,,,,,,,,
Liverpool,25,25.7,,38,97,61,10,12,53,0.0,410.0,,,,,,,,,2013-2014,Premier-League,,,,,,,,
Manchester City,23,27.7,,38,97,63,6,7,72,0.0,393.0,,,,,,,,,2013-2014,Premier-League,,,,,,,,
Manchester Utd,30,26.7,,38,63,37,5,5,70,0.0,400.0,,,,,,,,,2013-2014,Premier-League,,,,,,,,
Newcastle Utd,26,26.4,,38,41,25,2,3,54,0.0,412.0,,,,,,,,,2013-2014,Premier-League,,,,,,,,
Norwich City,25,26.3,,38,28,18,1,2,64,0.0,425.0,,,,,,,,,2013-2014,Premier-League,,,,,,,,
Southampton,24,25.1,,38,52,37,3,3,61,0.0,444.0,,,,,,,,,2013-2014,Premier-League,,,,,,,,
Stoke City,26,27.3,,38,44,26,4,5,79,0.0,486.0,,,,,,,,,2013-2014,Premier-League,,,,,,,,
Sunderland,31,26.5,,38,41,24,6,6,68,0.0,444.0,,,,,,,,,2013-2014,Premier-League,,,,,,,,
Swansea City,27,26.5,,38,47,37,4,4,58,0.0,374.0,,,,,,,,,2013-2014,Premier-League,,,,,,,,
Tottenham,28,25.2,,38,50,33,5,6,65,0.0,403.0,,,,,,,,,2013-2014,Premier-League,,,,,,,,
West Brom,28,28.4,,38,41,27,2,2,67,0.0,424.0,,,,,,,,,2013-2014,Premier-League,,,,,,,,
West Ham,29,28.5,,38,36,22,2,2,65,0.0,402.0,,,,,,,,,2013-2014,Premier-League,,,,,,,,
Auxerre,23,25.4,,38,41,23,1,1,60,4.0,551.0,,,,,,,,,2006-2007,Ligue-1,,,,,,,,
Bordeaux,25,26.4,,38,39,20,6,7,77,2.0,668.0,,,,,,,,,2006-2007,Ligue-1,,,,,,,,
Le Mans,24,24.0,,38,45,28,3,3,70,1.0,625.0,,,,,,,,,2006-2007,Ligue-1,,,,,,,,
Lens,24,26.4,,38,46,32,11,11,69,5.0,637.0,,,,,,,,,2006-2007,Ligue-1,,,,,,,,
Lille,29,24.8,,38,42,23,3,3,78,4.0,761.0,,,,,,,,,2006-2007,Ligue-1,,,,,,,,
Lorient,28,25.7,,38,33,22,1,1,42,3.0,530.0,,,,,,,,,2006-2007,Ligue-1,,,,,,,,
Lyon,27,26.7,,38,63,31,3,5,66,2.0,656.0,,,,,,,,,2006-2007,Ligue-1,,,,,,,,
Marseille,24,24.6,,38,53,34,8,8,72,3.0,598.0,,,,,,,,,2006-2007,Ligue-1,,,,,,,,
Monaco,26,26.8,,38,45,25,3,3,81,7.0,606.0,,,,,,,,,2006-2007,Ligue-1,,,,,,,,
Nancy,26,25.5,,38,37,19,5,5,74,7.0,652.0,,,,,,,,,2006-2007,Ligue-1,,,,,,,,
Nantes,33,25.3,,38,28,14,0,2,73,4.0,585.0,,,,,,,,,2006-2007,Ligue-1,,,,,,,,
Nice,23,25.6,,38,34,18,6,8,73,5.0,551.0,,,,,,,,,2006-2007,Ligue-1,,,,,,,,
Paris S-G,24,26.7,,38,41,25,5,6,70,4.0,561.0,,,,,,,,,2006-2007,Ligue-1,,,,,,,,
Rennes,26,24.5,,38,37,22,1,1,60,3.0,672.0,,,,,,,,,2006-2007,Ligue-1,,,,,,,,
Saint-Étienne,25,26.4,,38,50,29,2,2,64,4.0,555.0,,,,,,,,,2006-2007,Ligue-1,,,,,,,,
Sedan,26,26.6,,38,42,27,4,4,60,5.0,553.0,,,,,,,,,2006-2007,Ligue-1,,,,,,,,
Sochaux,26,26.2,,38,43,26,8,9,62,1.0,642.0,,,,,,,,,2006-2007,Ligue-1,,,,,,,,
Toulouse,25,25.8,,38,43,22,2,3,77,4.0,682.0,,,,,,,,,2006-2007,Ligue-1,,,,,,,,
Troyes,26,27.9,,38,38,23,3,6,80,6.0,651.0,,,,,,,,,2006-2007,Ligue-1,,,,,,,,
Valenciennes,25,27.3,,38,36,18,2,3,79,4.0,685.0,,,,,,,,,2006-2007,Ligue-1,,,,,,,,
