team,players_used,avg_age,possession,games_played,games_starts,minutes,minutes_90s,goals,assists,goals_assists,goals_pens,pens_made,pens_attempted,cards_yellow,cards_red,goals_per90,assists_per90,goals_assists_per90,goals_pens_per90,goals_assists_pens_per90,cards_yellow_red,fouls,fouled,offsides,crosses,interceptions,tackles_won,pens_won,pens_conceded,own_goals,season,league,xg,npxg,xg_assist,npxg_xg_assist,progressive_carries,progressive_passes,xg_per90,xg_assist_per90,xg_xg_assist_per90,npxg_per90,npxg_xg_assist_per90,ball_recoveries,aerials_won,aerials_lost,aerials_won_pct
Auxerre,26,25.8,,38,418,3420,38.0,32,19,51,30,2,4,64,3.0,0.84,0.5,1.34,0.79,1.29,,616.0,,,,,,,,,2007-2008,Ligue-1,,,,,,,,,,,,,,,
Bordeaux,22,27.1,,38,418,3420,38.0,64,31,95,58,6,8,75,5.0,1.68,0.82,2.5,1.53,2.34,,673.0,,,,,,,,,2007-2008,Ligue-1,,,,,,,,,,,,,,,
Caen,27,26.6,,38,418,3420,38.0,46,23,69,41,5,6,64,2.0,1.21,0.61,1.82,1.08,1.68,,674.0,,,,,,,,,2007-2008,Ligue-1,,,,,,,,,,,,,,,
Le Mans,27,23.5,,38,418,3420,38.0,46,25,71,43,3,4,67,6.0,1.21,0.66,1.87,1.13,1.79,,684.0,,,,,,,,,2007-2008,Ligue-1,,,,,,,,,,,,,,,
Lens,29,26.7,,38,418,3420,38.0,42,17,59,36,6,7,60,3.0,1.11,0.45,1.55,0.95,1.39,,590.0,,,,,,,,,2007-2008,Ligue-1,,,,,,,,,,,,,,,
Lille,32,24.7,,38,418,3420,38.0,44,22,66,38,6,6,65,4.0,1.16,0.58,1.74,1.0,1.58,,721.0,,,,,,,,,2007-2008,Ligue-1,,,,,,,,,,,,,,,
Lorient,24,27.1,,38,418,3420,38.0,31,17,48,28,3,4,39,0.0,0.82,0.45,1.26,0.74,1.18,,572.0,,,,,,,,,2007-2008,Ligue-1,,,,,,,,,,,,,,,
Lyon,27,26.4,,38,418,3420,38.0,72,49,121,69,3,3,59,3.0,1.89,1.29,3.18,1.82,3.11,,626.0,,,,,,,,,2007-2008,Ligue-1,,,,,,,,,,,,,,,
Marseille,31,24.9,,38,418,3420,38.0,58,33,91,57,1,2,58,3.0,1.53,0.87,2.39,1.5,2.37,,626.0,,,,,,,,,2007-2008,Ligue-1,,,,,,,,,,,,,,,
Metz,38,25.7,,38,418,3420,38.0,27,14,41,24,3,3,82,4.0,0.71,0.37,1.08,0.63,1.0,,694.0,,,,,,,,,2007-2008,Ligue-1,,,,,,,,,,,,,,,
Monaco,30,26.1,,38,418,3420,38.0,40,19,59,38,2,3,86,4.0,1.05,0.5,1.55,1.0,1.5,,767.0,,,,,,,,,2007-2008,Ligue-1,,,,,,,,,,,,,,,
Nancy,21,26.0,,38,418,3420,38.0,43,26,69,40,3,3,68,4.0,1.13,0.68,1.82,1.05,1.74,,703.0,,,,,,,,,2007-2008,Ligue-1,,,,,,,,,,,,,,,
Nice,25,27.3,,38,418,3420,38.0,34,21,55,30,4,7,72,2.0,0.89,0.55,1.45,0.79,1.34,,620.0,,,,,,,,,2007-2008,Ligue-1,,,,,,,,,,,,,,,
Paris S-G,27,26.3,,38,418,3420,38.0,36,18,54,33,3,4,57,0.0,0.95,0.47,1.42,0.87,1.34,,569.0,,,,,,,,,2007-2008,Ligue-1,,,,,,,,,,,,,,,
Rennes,29,26.5,,38,418,3420,38.0,45,27,72,45,0,1,60,2.0,1.18,0.71,1.89,1.18,1.89,,660.0,,,,,,,,,2007-2008,Ligue-1,,,,,,,,,,,,,,,
Saint-Étienne,23,24.6,,38,418,3420,38.0,45,26,71,41,4,4,70,4.0,1.18,0.68,1.87,1.08,1.76,,671.0,,,,,,,,,2007-2008,Ligue-1,,,,,,,,,,,,,,,
Sochaux,26,26.6,,38,418,3420,38.0,32,20,52,29,3,4,73,1.0,0.84,0.53,1.37,0.76,1.29,,679.0,,,,,,,,,2007-2008,Ligue-1,,,,,,,,,,,,,,,
Strasbourg,27,26.9,,38,418,3420,38.0,33,20,53,31,2,2,61,5.0,0.87,0.53,1.39,0.82,1.34,,671.0,,,,,,,,,2007-2008,Ligue-1,,,,,,,,,,,,,,,
Toulouse,26,26.0,,38,418,3420,38.0,35,18,53,34,1,1,78,6.0,0.92,0.47,1.39,0.89,1.37,,730.0,,,,,,,,,2007-2008,Ligue-1,,,,,,,,,,,,,,,
Valenciennes,22,27.0,,38,418,3420,38.0,40,21,61,38,2,2,55,7.0,1.05,0.55,1.61,1.0,1.55,,669.0,,,,,,,,,2007-2008,Ligue-1,,,,,,,,,,,,,,,
Atalanta,27,26.5,57.3,38,418,3420,38.0,75,60,135,73,2,4,63,3.0,1.97,1.58,3.55,1.92,3.5,1.0,445.0,501.0,71.0,801.0,454.0,397.0,3.0,5.0,3.0,2018-2019,Serie-A,72.2,69.0,55.8,124.8,1104.0,1939.0,1.9,1.47,3.37,1.82,3.28,2247.0,628.0,551.0,53.3
Bologna,29,27.0,44.9,38,418,3420,38.0,45,35,80,40,5,5,94,6.0,1.18,0.92,2.11,1.05,1.97,3.0,516.0,519.0,83.0,737.0,372.0,430.0,2.0,4.0,1.0,2018-2019,Serie-A,46.8,42.9,30.8,73.7,675.0,1328.0,1.23,0.81,2.04,1.13,1.94,1877.0,748.0,716.0,51.1
Cagliari,30,27.9,49.8,38,418,3420,38.0,35,27,62,33,2,3,99,9.0,0.92,0.71,1.63,0.87,1.58,5.0,573.0,454.0,58.0,794.0,344.0,388.0,3.0,10.0,2.0,2018-2019,Serie-A,42.1,39.7,30.7,70.4,555.0,1288.0,1.11,0.81,1.91,1.05,1.85,1946.0,850.0,758.0,52.9
Chievo,36,28.3,43.3,38,418,3420,38.0,25,17,42,21,4,6,116,7.0,0.66,0.45,1.11,0.55,1.0,6.0,588.0,476.0,78.0,677.0,471.0,374.0,3.0,4.0,2.0,2018-2019,Serie-A,36.0,31.7,25.6,57.3,500.0,1229.0,0.95,0.67,1.62,0.83,1.51,1944.0,695.0,732.0,48.7
Empoli,29,26.4,47.9,38,418,3420,38.0,48,36,84,44,4,7,74,3.0,1.26,0.95,2.21,1.16,2.11,1.0,458.0,440.0,77.0,636.0,333.0,328.0,5.0,8.0,2.0,2018-2019,Serie-A,52.4,46.8,37.5,84.3,801.0,1567.0,1.38,0.99,2.36,1.23,2.22,1865.0,431.0,544.0,44.2
Fiorentina,27,24.1,50.4,38,418,3420,38.0,45,24,69,40,5,6,91,5.0,1.18,0.63,1.82,1.05,1.68,2.0,562.0,507.0,48.0,780.0,413.0,371.0,5.0,6.0,3.0,2018-2019,Serie-A,54.0,49.2,35.8,85.0,801.0,1544.0,1.42,0.94,2.36,1.3,2.24,1973.0,637.0,623.0,50.6
Frosinone,33,26.4,41.5,38,418,3420,38.0,28,21,49,24,4,5,99,2.0,0.74,0.55,1.29,0.63,1.18,0.0,560.0,536.0,73.0,815.0,384.0,353.0,5.0,5.0,1.0,2018-2019,Serie-A,38.9,35.1,27.1,62.2,520.0,1220.0,1.02,0.71,1.74,0.92,1.64,1873.0,621.0,715.0,46.5
Genoa,31,26.0,43.4,38,418,3420,38.0,37,26,63,33,4,5,96,7.0,0.97,0.68,1.66,0.87,1.55,2.0,559.0,481.0,65.0,797.0,424.0,424.0,4.0,6.0,2.0,2018-2019,Serie-A,46.9,43.0,32.5,75.5,690.0,1274.0,1.24,0.86,2.09,1.13,1.99,1981.0,758.0,749.0,50.3
Inter,23,27.7,59.4,38,418,3420,38.0,57,36,93,49,8,9,75,3.0,1.5,0.95,2.45,1.29,2.24,2.0,468.0,488.0,64.0,1092.0,311.0,409.0,5.0,5.0,3.0,2018-2019,Serie-A,63.8,56.8,45.4,102.3,954.0,1917.0,1.68,1.2,2.88,1.5,2.69,1995.0,519.0,589.0,46.8
Juventus,31,28.0,55.9,38,418,3420,38.0,66,44,110,59,7,8,78,4.0,1.74,1.16,2.89,1.55,2.71,2.0,471.0,469.0,75.0,867.0,396.0,355.0,5.0,4.0,1.0,2018-2019,Serie-A,60.7,54.5,42.5,97.1,926.0,1853.0,1.6,1.12,2.72,1.44,2.55,1946.0,534.0,469.0,53.2
Lazio,30,27.9,50.8,38,418,3420,38.0,54,35,89,48,6,6,90,4.0,1.42,0.92,2.34,1.26,2.18,1.0,502.0,391.0,97.0,738.0,432.0,406.0,3.0,6.0,3.0,2018-2019,Serie-A,60.4,55.8,44.4,100.2,912.0,1737.0,1.59,1.17,2.76,1.47,2.64,2112.0,612.0,539.0,53.2
Milan,23,24.8,54.1,38,418,3420,38.0,51,35,86,48,3,4,82,5.0,1.34,0.92,2.26,1.26,2.18,2.0,445.0,478.0,63.0,752.0,373.0,382.0,2.0,5.0,1.0,2018-2019,Serie-A,48.8,45.7,35.6,81.3,821.0,1759.0,1.28,0.94,2.22,1.2,2.14,1899.0,480.0,512.0,48.4
Napoli,26,27.0,59.1,38,418,3420,38.0,73,54,127,70,3,4,75,5.0,1.92,1.42,3.34,1.84,3.26,3.0,410.0,414.0,85.0,774.0,358.0,359.0,0.0,4.0,0.0,2018-2019,Serie-A,61.8,58.8,49.4,108.2,934.0,2089.0,1.63,1.3,2.93,1.55,2.85,2171.0,386.0,440.0,46.7
Parma,31,29.4,37.7,38,418,3420,38.0,40,22,62,36,4,5,84,3.0,1.05,0.58,1.63,0.95,1.53,2.0,493.0,433.0,91.0,511.0,399.0,351.0,5.0,8.0,5.0,2018-2019,Serie-A,40.2,36.3,26.9,63.1,487.0,990.0,1.06,0.71,1.77,0.95,1.66,1785.0,561.0,615.0,47.7
Roma,26,27.5,51.4,38,418,3420,38.0,65,41,106,59,6,6,90,2.0,1.71,1.08,2.79,1.55,2.63,2.0,461.0,395.0,50.0,855.0,419.0,344.0,5.0,7.0,1.0,2018-2019,Serie-A,64.4,59.6,46.2,105.8,838.0,1678.0,1.69,1.22,2.91,1.57,2.78,1954.0,727.0,547.0,57.1
Sampdoria,24,26.1,54.9,38,418,3420,38.0,60,41,101,50,10,12,92,3.0,1.58,1.08,2.66,1.32,2.39,3.0,493.0,510.0,70.0,641.0,364.0,425.0,7.0,8.0,1.0,2018-2019,Serie-A,50.5,41.8,34.1,75.9,630.0,1685.0,1.33,0.9,2.22,1.1,2.0,2030.0,471.0,522.0,47.4
Sassuolo,29,25.4,53.8,38,418,3420,38.0,50,33,83,45,5,5,90,8.0,1.32,0.87,2.18,1.18,2.05,3.0,528.0,528.0,73.0,660.0,378.0,328.0,4.0,8.0,2.0,2018-2019,Serie-A,48.5,44.6,34.1,78.8,721.0,1511.0,1.28,0.9,2.17,1.17,2.07,1864.0,464.0,510.0,47.6
SPAL,28,27.8,50.4,38,418,3420,38.0,44,30,74,37,7,8,113,3.0,1.16,0.79,1.95,0.97,1.76,1.0,499.0,550.0,37.0,863.0,388.0,374.0,7.0,5.0,0.0,2018-2019,Serie-A,43.9,37.7,28.2,65.8,910.0,1259.0,1.16,0.74,1.9,0.99,1.73,1772.0,569.0,577.0,49.7
Torino,25,27.6,51.1,38,418,3420,38.0,50,31,81,45,5,6,89,4.0,1.32,0.82,2.13,1.18,2.0,1.0,617.0,570.0,75.0,751.0,451.0,394.0,5.0,5.0,0.0,2018-2019,Serie-A,46.6,41.9,32.0,73.9,770.0,1407.0,1.23,0.84,2.07,1.1,1.94,2193.0,824.0,838.0,49.6
Udinese,31,25.3,42.6,38,418,3420,38.0,37,30,67,34,3,8,92,4.0,0.97,0.79,1.76,0.89,1.68,2.0,505.0,469.0,66.0,585.0,381.0,387.0,7.0,9.0,1.0,2018-2019,Serie-A,42.5,36.0,27.9,63.9,713.0,1088.0,1.12,0.73,1.85,0.95,1.68,1833.0,693.0,662.0,51.1
Arsenal,25,26.2,,38,417,3420,38.0,86,68,154,83,3,4,47,1.0,2.26,1.79,4.05,2.18,3.97,,441.0,,,,,,,,,2004-2005,Premier-League,,,,,,,,,,,,,,,
Aston Villa,22,25.7,,38,421,3420,38.0,43,34,77,40,3,6,57,2.0,1.13,0.89,2.03,1.05,1.95,,583.0,,,,,,,,,2004-2005,Premier-League,,,,,,,,,,,,,,,
Birmingham City,27,27.9,,38,417,3420,38.0,37,24,61,35,2,2,63,3.0,0.97,0.63,1.61,0.92,1.55,,492.0,,,,,,,,,2004-2005,Premier-League,,,,,,,,,,,,,,,
Blackburn,31,27.8,,38,414,3420,38.0,31,24,55,29,2,3,75,5.0,0.82,0.63,1.45,0.76,1.39,,554.0,,,,,,,,,2004-2005,Premier-League,,,,,,,,,,,,,,,
Bolton,25,28.6,,38,418,3420,38.0,49,33,82,44,5,6,54,2.0,1.29,0.87,2.16,1.16,2.03,,538.0,,,,,,,,,2004-2005,Premier-League,,,,,,,,,,,,,,,
Charlton Ath,22,28.0,,38,414,3420,38.0,41,28,69,41,0,0,39,4.0,1.08,0.74,1.82,1.08,1.82,,450.0,,,,,,,,,2004-2005,Premier-League,,,,,,,,,,,,,,,
Chelsea,30,25.2,,38,422,3420,38.0,71,58,129,66,5,6,51,0.0,1.87,1.53,3.39,1.74,3.26,,479.0,,,,,,,,,2004-2005,Premier-League,,,,,,,,,,,,,,,
Crystal Palace,27,25.7,,38,418,3420,38.0,43,26,69,33,10,12,59,3.0,1.13,0.68,1.82,0.87,1.55,,539.0,,,,,,,,,2004-2005,Premier-League,,,,,,,,,,,,,,,
Everton,22,28.5,,38,414,3420,38.0,45,34,79,43,2,3,57,4.0,1.18,0.89,2.08,1.13,2.03,,508.0,,,,,,,,,2004-2005,Premier-League,,,,,,,,,,,,,,,
Fulham,24,27.7,,38,418,3420,38.0,52,39,91,50,2,4,57,7.0,1.37,1.03,2.39,1.32,2.34,,477.0,,,,,,,,,2004-2005,Premier-League,,,,,,,,,,,,,,,
Liverpool,29,26.2,,38,414,3420,38.0,49,42,91,46,3,5,45,2.0,1.29,1.11,2.39,1.21,2.32,,430.0,,,,,,,,,2004-2005,Premier-League,,,,,,,,,,,,,,,
Manchester City,25,27.3,,38,418,3420,38.0,45,33,78,40,5,6,44,3.0,1.18,0.87,2.05,1.05,1.92,,475.0,,,,,,,,,2004-2005,Premier-League,,,,,,,,,,,,,,,
Manchester Utd,26,26.0,,38,416,3420,38.0,57,45,102,54,3,4,52,5.0,1.5,1.18,2.68,1.42,2.61,,477.0,,,,,,,,,2004-2005,Premier-League,,,,,,,,,,,,,,,
Middlesbrough,27,28.4,,38,418,3420,38.0,49,39,88,48,1,1,55,2.0,1.29,1.03,2.32,1.26,2.29,,474.0,,,,,,,,,2004-2005,Premier-League,,,,,,,,,,,,,,,
Newcastle Utd,27,25.9,,38,435,3420,38.0,44,32,76,41,3,3,60,5.0,1.16,0.84,2.0,1.08,1.92,,526.0,,,,,,,,,2004-2005,Premier-League,,,,,,,,,,,,,,,
Norwich City,25,27.6,,38,422,3420,38.0,41,29,70,38,3,4,35,2.0,1.08,0.76,1.84,1.0,1.76,,534.0,,,,,,,,,2004-2005,Premier-League,,,,,,,,,,,,,,,
Portsmouth,26,27.5,,38,386,3420,38.0,41,30,71,35,6,6,54,2.0,1.08,0.79,1.87,0.92,1.71,,393.0,,,,,,,,,2004-2005,Premier-League,,,,,,,,,,,,,,,
Southampton,35,28.4,,38,415,3420,38.0,44,30,74,41,3,3,45,2.0,1.16,0.79,1.95,1.08,1.87,,431.0,,,,,,,,,2004-2005,Premier-League,,,,,,,,,,,,,,,
Tottenham,31,24.8,,38,412,3420,38.0,47,32,79,46,1,1,58,1.0,1.24,0.84,2.08,1.21,2.05,,424.0,,,,,,,,,2004-2005,Premier-League,,,,,,,,,,,,,,,
West Brom,27,27.1,,38,422,3420,38.0,34,25,59,32,2,3,44,5.0,0.89,0.66,1.55,0.84,1.5,,512.0,,,,,,,,,2004-2005,Premier-League,,,,,,,,,,,,,,,
Augsburg,27,26.7,,34,374,3060,34.0,46,33,79,44,2,2,61,0.0,1.35,0.97,2.32,1.29,2.26,,494.0,,,,,,,,,2013-2014,Bundesliga,,,,,,,,,,,,,,,
Bayern Munich,25,26.5,,34,374,3060,34.0,93,74,167,88,5,7,45,0.0,2.74,2.18,4.91,2.59,4.76,,392.0,,,,,,,,,2013-2014,Bundesliga,,,,,,,,,,,,,,,
BTSV,27,26.0,,34,374,3060,34.0,28,22,50,27,1,3,66,0.0,0.82,0.65,1.47,0.79,1.44,,535.0,,,,,,,,,2013-2014,Bundesliga,,,,,,,,,,,,,,,
Dortmund,26,25.9,,34,374,3060,34.0,80,51,131,70,10,10,45,,2.35,1.5,3.85,2.06,3.56,,448.0,,,,,,,,,2013-2014,Bundesliga,,,,,,,,,,,,,,,
Eint Frankfurt,27,25.6,,34,374,3060,34.0,38,28,66,37,1,2,79,0.0,1.12,0.82,1.94,1.09,1.91,,537.0,,,,,,,,,2013-2014,Bundesliga,,,,,,,,,,,,,,,
Freiburg,30,23.9,,34,374,3060,34.0,42,31,73,41,1,2,66,0.0,1.24,0.91,2.15,1.21,2.12,,493.0,,,,,,,,,2013-2014,Bundesliga,,,,,,,,,,,,,,,
Gladbach,21,25.6,,34,374,3060,34.0,57,38,95,51,6,8,56,0.0,1.68,1.12,2.79,1.5,2.62,,356.0,,,,,,,,,2013-2014,Bundesliga,,,,,,,,,,,,,,,
Hamburger SV,28,25.0,,34,374,3060,34.0,50,31,81,47,3,3,58,0.0,1.47,0.91,2.38,1.38,2.29,,515.0,,,,,,,,,2013-2014,Bundesliga,,,,,,,,,,,,,,,
Hannover 96,26,25.7,,34,374,3060,34.0,46,32,78,43,3,4,75,0.0,1.35,0.94,2.29,1.26,2.21,,560.0,,,,,,,,,2013-2014,Bundesliga,,,,,,,,,,,,,,,
Hertha BSC,25,26.1,,34,374,3060,34.0,40,30,70,36,4,5,58,0.0,1.18,0.88,2.06,1.06,1.94,,538.0,,,,,,,,,2013-2014,Bundesliga,,,,,,,,,,,,,,,
Hoffenheim,25,24.0,,34,374,3060,34.0,72,46,118,62,10,14,63,0.0,2.12,1.35,3.47,1.82,3.18,,639.0,,,,,,,,,2013-2014,Bundesliga,,,,,,,,,,,,,,,
Leverkusen,24,25.4,,34,374,3060,34.0,58,43,101,56,2,2,70,0.0,1.71,1.26,2.97,1.65,2.91,,498.0,,,,,,,,,2013-2014,Bundesliga,,,,,,,,,,,,,,,
Mainz 05,28,26.8,,34,374,3060,34.0,50,34,84,47,3,3,53,0.0,1.47,1.0,2.47,1.38,2.38,,472.0,,,,,,,,,2013-2014,Bundesliga,,,,,,,,,,,,,,,
Nürnberg,27,25.9,,34,374,3060,34.0,37,27,64,35,2,3,76,0.0,1.09,0.79,1.88,1.03,1.82,,507.0,,,,,,,,,2013-2014,Bundesliga,,,,,,,,,,,,,,,
Schalke 04,30,24.6,,34,374,3060,34.0,60,39,99,55,5,8,59,0.0,1.76,1.15,2.91,1.62,2.76,,525.0,,,,,,,,,2013-2014,Bundesliga,,,,,,,,,,,,,,,
Stuttgart,27,24.8,,34,374,3060,34.0,48,37,85,46,2,5,62,0.0,1.41,1.09,2.5,1.35,2.44,,486.0,,,,,,,,,2013-2014,Bundesliga,,,,,,,,,,,,,,,
Werder Bremen,27,25.8,,34,374,3060,34.0,39,28,67,37,2,3,77,0.0,1.15,0.82,1.97,1.09,1.91,,536.0,,,,,,,,,2013-2014,Bundesliga,,,,,,,,,,,,,,,
Wolfsburg,26,25.9,,34,374,3060,34.0,62,38,100,58,4,5,64,0.0,1.82,1.12,2.94,1.71,2.82,,531.0,,,,,,,,,2013-2014,Bundesliga,,,,,,,,,,,,,,,
Augsburg,30,26.5,46.4,34,374,3060,34.0,50,33,83,45,5,5,55,1.0,1.47,0.97,2.44,1.32,2.29,0.0,458.0,349.0,85.0,603.0,467.0,376.0,2.0,2.0,2.0,2018-2019,Bundesliga,45.3,41.8,32.0,73.9,515.0,1158.0,1.33,0.94,2.28,1.23,2.17,1875.0,654.0,699.0,48.3
Bayern Munich,24,27.4,65.7,34,374,3060,34.0,86,62,148,83,3,4,44,2.0,2.53,1.82,4.35,2.44,4.26,2.0,312.0,342.0,88.0,777.0,336.0,294.0,4.0,6.0,1.0,2018-2019,Bundesliga,85.6,82.4,66.1,148.5,960.0,2192.0,2.52,1.94,4.46,2.42,4.37,1979.0,522.0,444.0,54.0
Dortmund,23,24.8,58.1,34,374,3060,34.0,80,60,140,76,4,4,40,3.0,2.35,1.76,4.12,2.24,4.0,0.0,292.0,385.0,66.0,458.0,384.0,319.0,3.0,5.0,0.0,2018-2019,Bundesliga,61.5,58.4,46.0,104.4,784.0,1637.0,1.81,1.35,3.16,1.72,3.07,1784.0,461.0,472.0,49.4
Düsseldorf,24,26.9,43.2,34,374,3060,34.0,48,35,83,43,5,7,67,1.0,1.41,1.03,2.44,1.26,2.29,0.0,432.0,404.0,49.0,544.0,419.0,384.0,3.0,7.0,0.0,2018-2019,Bundesliga,47.1,41.6,32.2,73.8,553.0,1202.0,1.39,0.95,2.33,1.22,2.17,1725.0,609.0,608.0,50.0
Eint Frankfurt,30,26.4,47.2,34,374,3060,34.0,60,42,102,56,4,4,60,3.0,1.76,1.24,3.0,1.65,2.88,2.0,420.0,346.0,81.0,678.0,360.0,371.0,1.0,1.0,1.0,2018-2019,Bundesliga,57.2,54.4,42.9,97.3,625.0,1247.0,1.68,1.26,2.95,1.6,2.86,2032.0,819.0,712.0,53.5
Freiburg,28,25.8,44.0,34,374,3060,34.0,44,25,69,39,5,6,57,3.0,1.29,0.74,2.03,1.15,1.88,3.0,412.0,408.0,51.0,528.0,374.0,357.0,4.0,7.0,0.0,2018-2019,Bundesliga,40.9,36.2,26.5,62.6,507.0,1064.0,1.2,0.78,1.98,1.06,1.84,1649.0,553.0,669.0,45.3
Gladbach,22,26.5,53.1,34,374,3060,34.0,53,43,96,49,4,7,43,0.0,1.56,1.26,2.82,1.44,2.71,0.0,333.0,357.0,70.0,565.0,310.0,292.0,5.0,3.0,0.0,2018-2019,Bundesliga,52.2,46.7,36.7,83.4,775.0,1532.0,1.54,1.08,2.62,1.37,2.45,1680.0,426.0,549.0,43.7
Hannover 96,32,26.3,46.3,34,374,3060,34.0,30,20,50,27,3,3,64,4.0,0.88,0.59,1.47,0.79,1.38,3.0,421.0,420.0,58.0,522.0,459.0,342.0,2.0,7.0,1.0,2018-2019,Bundesliga,37.2,34.9,27.2,62.0,572.0,1105.0,1.1,0.8,1.89,1.03,1.82,1788.0,617.0,716.0,46.3
Hertha BSC,26,25.9,47.9,34,374,3060,34.0,49,32,81,45,4,4,67,5.0,1.44,0.94,2.38,1.32,2.26,3.0,447.0,374.0,75.0,554.0,381.0,352.0,3.0,6.0,2.0,2018-2019,Bundesliga,51.0,48.0,36.8,84.8,562.0,1241.0,1.5,1.08,2.58,1.41,2.49,1746.0,693.0,640.0,52.0
Hoffenheim,29,25.5,53.8,34,374,3060,34.0,69,49,118,63,6,7,69,2.0,2.03,1.44,3.47,1.85,3.29,2.0,471.0,348.0,66.0,667.0,399.0,363.0,5.0,7.0,1.0,2018-2019,Bundesliga,75.9,70.5,56.8,127.3,950.0,1589.0,2.23,1.67,3.9,2.07,3.74,1847.0,521.0,531.0,49.5
Leverkusen,21,25.3,59.8,34,374,3060,34.0,68,51,119,64,4,5,50,1.0,2.0,1.5,3.5,1.88,3.38,0.0,367.0,383.0,65.0,633.0,358.0,368.0,3.0,6.0,3.0,2018-2019,Bundesliga,58.3,54.4,43.8,98.2,719.0,1791.0,1.71,1.29,3.0,1.6,2.89,2020.0,541.0,554.0,49.4
Mainz 05,28,24.2,46.1,34,374,3060,34.0,44,30,74,41,3,3,56,0.0,1.29,0.88,2.18,1.21,2.09,0.0,430.0,359.0,83.0,646.0,395.0,309.0,3.0,4.0,0.0,2018-2019,Bundesliga,51.2,48.8,37.5,86.3,624.0,1261.0,1.51,1.1,2.61,1.44,2.54,1843.0,658.0,627.0,51.2
Nürnberg,27,24.9,42.4,34,374,3060,34.0,25,16,41,23,2,6,59,4.0,0.74,0.47,1.21,0.68,1.15,1.0,394.0,381.0,53.0,495.0,354.0,350.0,5.0,4.0,2.0,2018-2019,Bundesliga,35.7,30.9,21.1,52.0,483.0,989.0,1.05,0.62,1.67,0.91,1.53,1646.0,621.0,669.0,48.1
RB Leipzig,23,24.0,49.6,34,374,3060,34.0,63,41,104,58,5,7,61,1.0,1.85,1.21,3.06,1.71,2.91,0.0,465.0,393.0,87.0,616.0,416.0,398.0,3.0,6.0,1.0,2018-2019,Bundesliga,65.7,60.2,46.0,106.2,733.0,1607.0,1.93,1.35,3.29,1.77,3.12,1998.0,743.0,603.0,55.2
Schalke 04,32,25.8,45.4,34,374,3060,34.0,37,23,60,30,7,9,73,5.0,1.09,0.68,1.76,0.88,1.56,1.0,454.0,397.0,79.0,521.0,419.0,381.0,7.0,6.0,1.0,2018-2019,Bundesliga,45.6,39.0,29.7,68.7,676.0,1148.0,1.34,0.87,2.21,1.15,2.02,1886.0,600.0,559.0,51.8
Stuttgart,26,26.3,45.9,34,374,3060,34.0,32,26,58,31,1,1,66,5.0,0.94,0.76,1.71,0.91,1.68,2.0,374.0,399.0,67.0,727.0,399.0,362.0,0.0,3.0,4.0,2018-2019,Bundesliga,38.0,37.3,28.2,65.5,506.0,1130.0,1.12,0.83,1.95,1.1,1.93,1720.0,723.0,691.0,51.1
Werder Bremen,24,27.1,52.1,34,374,3060,34.0,57,38,95,53,4,4,64,3.0,1.68,1.12,2.79,1.56,2.68,3.0,437.0,346.0,40.0,676.0,407.0,344.0,4.0,5.0,0.0,2018-2019,Bundesliga,49.8,46.7,33.7,80.3,635.0,1672.0,1.46,0.99,2.45,1.37,2.36,1825.0,605.0,662.0,47.8
Wolfsburg,25,25.4,53.3,34,374,3060,34.0,59,38,97,54,5,5,62,0.0,1.74,1.12,2.85,1.59,2.71,0.0,358.0,439.0,67.0,682.0,426.0,343.0,3.0,6.0,0.0,2018-2019,Bundesliga,47.6,43.8,33.0,76.9,618.0,1320.0,1.4,0.97,2.37,1.29,2.26,1813.0,610.0,573.0,51.6
Almería,24,25.6,,38,417,3420,38.0,40,21,61,38,2,3,105,7.0,1.05,0.55,1.61,1.0,1.55,,624.0,,,,,,,,,2009-2010,La-Liga,,,,,,,,,,,,,,,
Athletic Club,29,25.2,,38,418,3420,38.0,48,24,72,43,5,10,101,10.0,1.26,0.63,1.89,1.13,1.76,,568.0,,,,,,,,,2009-2010,La-Liga,,,,,,,,,,,,,,,
Atlético Madrid,33,26.0,,38,418,3420,38.0,56,27,83,53,3,5,96,7.0,1.47,0.71,2.18,1.39,2.11,,611.0,,,,,,,,,2009-2010,La-Liga,,,,,,,,,,,,,,,
Barcelona,24,26.3,,38,418,3420,38.0,95,56,151,92,3,3,78,5.0,2.5,1.47,3.97,2.42,3.89,,511.0,,,,,,,,,2009-2010,La-Liga,,,,,,,,,,,,,,,
Espanyol,28,25.0,,38,417,3420,38.0,29,15,44,29,0,0,123,8.0,0.76,0.39,1.16,0.76,1.16,,622.0,,,,,,,,,2009-2010,La-Liga,,,,,,,,,,,,,,,
Getafe,24,26.4,,38,418,3420,38.0,57,29,86,51,6,6,113,4.0,1.5,0.76,2.26,1.34,2.11,,528.0,,,,,,,,,2009-2010,La-Liga,,,,,,,,,,,,,,,
La Coruña,28,27.5,,38,418,3420,38.0,34,15,49,31,3,3,70,6.0,0.89,0.39,1.29,0.82,1.21,,486.0,,,,,,,,,2009-2010,La-Liga,,,,,,,,,,,,,,,
Málaga,30,26.5,,38,418,3420,38.0,41,20,61,41,0,0,136,10.0,1.08,0.53,1.61,1.08,1.61,,684.0,,,,,,,,,2009-2010,La-Liga,,,,,,,,,,,,,,,
Mallorca,24,27.7,,38,418,3420,38.0,57,29,86,53,4,6,99,4.0,1.5,0.76,2.26,1.39,2.16,,660.0,,,,,,,,,2009-2010,La-Liga,,,,,,,,,,,,,,,
Osasuna,25,28.2,,38,418,3420,38.0,36,20,56,34,2,3,87,9.0,0.95,0.53,1.47,0.89,1.42,,617.0,,,,,,,,,2009-2010,La-Liga,,,,,,,,,,,,,,,
Racing Sant,29,26.6,,38,418,3420,38.0,42,23,65,38,4,4,110,7.0,1.11,0.61,1.71,1.0,1.61,,720.0,,,,,,,,,2009-2010,La-Liga,,,,,,,,,,,,,,,
Real Madrid,25,25.1,,38,418,3420,38.0,102,53,155,95,7,8,91,5.0,2.68,1.39,4.08,2.5,3.89,,586.0,,,,,,,,,2009-2010,La-Liga,,,,,,,,,,,,,,,
Sevilla,31,27.4,,38,417,3420,38.0,63,30,93,58,5,5,107,10.0,1.66,0.79,2.45,1.53,2.32,,599.0,,,,,,,,,2009-2010,La-Liga,,,,,,,,,,,,,,,
Sporting Gijón,28,26.5,,38,417,3420,38.0,35,18,53,31,4,6,103,6.0,0.92,0.47,1.39,0.82,1.29,,590.0,,,,,,,,,2009-2010,La-Liga,,,,,,,,,,,,,,,
Tenerife,22,27.2,,38,418,3420,38.0,39,17,56,37,2,4,93,4.0,1.03,0.45,1.47,0.97,1.42,,613.0,,,,,,,,,2009-2010,La-Liga,,,,,,,,,,,,,,,
Valencia,27,26.9,,38,418,3420,38.0,59,32,91,56,3,3,116,8.0,1.55,0.84,2.39,1.47,2.32,,630.0,,,,,,,,,2009-2010,La-Liga,,,,,,,,,,,,,,,
Valladolid,31,26.4,,38,417,3420,38.0,35,17,52,33,2,2,107,11.0,0.92,0.45,1.37,0.87,1.32,,630.0,,,,,,,,,2009-2010,La-Liga,,,,,,,,,,,,,,,
Villarreal,25,27.5,,38,418,3420,38.0,58,28,86,58,0,0,103,11.0,1.53,0.74,2.26,1.53,2.26,,532.0,,,,,,,,,2009-2010,La-Liga,,,,,,,,,,,,,,,
Xerez,24,26.3,,38,418,3420,38.0,38,21,59,36,2,3,110,14.0,1.0,0.55,1.55,0.95,1.5,,576.0,,,,,,,,,2009-2010,La-Liga,,,,,,,,,,,,,,,
Zaragoza,33,27.1,,38,418,3420,38.0,45,19,64,41,4,5,131,6.0,1.18,0.5,1.68,1.08,1.58,,680.0,,,,,,,,,2009-2010,La-Liga,,,,,,,,,,,,,,,
Almería,23,25.6,,38,418,3420,38.0,41,19,60,37,4,7,121,8.0,1.08,0.5,1.58,0.97,1.47,,753.0,,,,,,,,,2007-2008,La-Liga,,,,,,,,,,,,,,,
Athletic Club,30,25.7,,38,417,3420,38.0,39,18,57,37,2,4,126,7.0,1.03,0.47,1.5,0.97,1.45,,694.0,,,,,,,,,2007-2008,La-Liga,,,,,,,,,,,,,,,
Atlético Madrid,25,26.2,,38,418,3420,38.0,65,30,95,62,3,4,123,7.0,1.71,0.79,2.5,1.63,2.42,,661.0,,,,,,,,,2007-2008,La-Liga,,,,,,,,,,,,,,,
Barcelona,28,26.8,,38,418,3420,38.0,76,43,119,70,6,6,85,5.0,2.0,1.13,3.13,1.84,2.97,,556.0,,,,,,,,,2007-2008,La-Liga,,,,,,,,,,,,,,,
Betis,29,26.3,,38,418,3420,38.0,43,23,66,39,4,5,102,4.0,1.13,0.61,1.74,1.03,1.63,,739.0,,,,,,,,,2007-2008,La-Liga,,,,,,,,,,,,,,,
Espanyol,26,24.9,,38,418,3420,38.0,41,26,67,35,6,7,117,4.0,1.08,0.68,1.76,0.92,1.61,,738.0,,,,,,,,,2007-2008,La-Liga,,,,,,,,,,,,,,,
Getafe,28,26.9,,38,418,3420,38.0,42,23,65,38,4,6,95,9.0,1.11,0.61,1.71,1.0,1.61,,577.0,,,,,,,,,2007-2008,La-Liga,,,,,,,,,,,,,,,
La Coruña,31,25.9,,38,418,3420,38.0,44,21,65,37,7,8,80,5.0,1.16,0.55,1.71,0.97,1.53,,584.0,,,,,,,,,2007-2008,La-Liga,,,,,,,,,,,,,,,
Levante,29,27.9,,38,418,3420,38.0,33,19,52,30,3,5,99,2.0,0.87,0.5,1.37,0.79,1.29,,627.0,,,,,,,,,2007-2008,La-Liga,,,,,,,,,,,,,,,
Mallorca,25,27.3,,38,418,3420,38.0,69,40,109,65,4,4,92,10.0,1.82,1.05,2.87,1.71,2.76,,623.0,,,,,,,,,2007-2008,La-Liga,,,,,,,,,,,,,,,
Osasuna,29,25.8,,38,418,3420,38.0,36,20,56,34,2,3,118,10.0,0.95,0.53,1.47,0.89,1.42,,674.0,,,,,,,,,2007-2008,La-Liga,,,,,,,,,,,,,,,
Racing Sant,27,27.4,,38,418,3420,38.0,42,23,65,40,2,5,94,8.0,1.11,0.61,1.71,1.05,1.66,,617.0,,,,,,,,,2007-2008,La-Liga,,,,,,,,,,,,,,,
Real Madrid,25,25.9,,38,418,3420,38.0,83,50,133,77,6,6,99,6.0,2.18,1.32,3.5,2.03,3.34,,622.0,,,,,,,,,2007-2008,La-Liga,,,,,,,,,,,,,,,
Real Murcia,29,27.7,,38,418,3420,38.0,35,20,55,29,6,6,120,6.0,0.92,0.53,1.45,0.76,1.29,,737.0,,,,,,,,,2007-2008,La-Liga,,,,,,,,,,,,,,,
Recreativo,25,26.6,,38,418,3420,38.0,39,19,58,39,0,1,127,11.0,1.03,0.5,1.53,1.03,1.53,,756.0,,,,,,,,,2007-2008,La-Liga,,,,,,,,,,,,,,,
Sevilla,31,26.2,,38,418,3420,38.0,71,38,109,67,4,6,104,9.0,1.87,1.0,2.87,1.76,2.76,,659.0,,,,,,,,,2007-2008,La-Liga,,,,,,,,,,,,,,,
Valencia,29,26.3,,38,418,3420,38.0,46,23,69,43,3,3,100,8.0,1.21,0.61,1.82,1.13,1.74,,692.0,,,,,,,,,2007-2008,La-Liga,,,,,,,,,,,,,,,
Valladolid,27,27.8,,38,418,3420,38.0,42,19,61,39,3,4,87,7.0,1.11,0.5,1.61,1.03,1.53,,665.0,,,,,,,,,2007-2008,La-Liga,,,,,,,,,,,,,,,
Villarreal,24,27.3,,38,418,3420,38.0,62,34,96,52,10,11,88,3.0,1.63,0.89,2.53,1.37,2.26,,579.0,,,,,,,,,2007-2008,La-Liga,,,,,,,,,,,,,,,
Zaragoza,26,28.0,,38,418,3420,38.0,47,24,71,42,5,6,119,8.0,1.24,0.63,1.87,1.11,1.74,,680.0,,,,,,,,,2007-2008,La-Liga,,,,,,,,,,,,,,,
Augsburg,29,26.0,43.9,34,374,3060,34.0,49,35,84,44,5,7,71,3.0,1.44,1.03,2.47,1.29,2.32,1.0,454.0,338.0,81.0,631.0,295.0,319.0,5.0,10.0,2.0,2023-2024,Bundesliga,46.1,40.7,27.7,68.4,462.0,1137.0,1.36,0.81,2.17,1.2,2.01,1669.0,587.0,602.0,49.4
Bayern Munich,30,27.4,61.3,34,374,3060,34.0,93,71,164,88,5,5,47,2.0,2.74,2.09,4.82,2.59,4.68,1.0,304.0,306.0,60.0,655.0,288.0,323.0,2.0,4.0,0.0,2023-2024,Bundesliga,85.2,81.3,65.9,147.3,944.0,1941.0,2.5,1.94,4.44,2.39,4.33,1768.0,410.0,319.0,56.2
Bochum,25,29.1,46.6,34,374,3060,34.0,41,30,71,37,4,4,97,2.0,1.21,0.88,2.09,1.09,1.97,0.0,446.0,409.0,83.0,649.0,308.0,366.0,4.0,11.0,4.0,2023-2024,Bundesliga,44.5,41.4,30.4,71.8,400.0,1151.0,1.31,0.89,2.2,1.22,2.11,1808.0,815.0,816.0,50.0
Darmstadt 98,32,27.1,45.7,34,374,3060,34.0,28,21,49,25,3,3,83,4.0,0.82,0.62,1.44,0.74,1.35,0.0,429.0,351.0,57.0,514.0,317.0,323.0,2.0,2.0,2.0,2023-2024,Bundesliga,32.3,30.0,22.8,52.8,437.0,1083.0,0.95,0.67,1.62,0.88,1.55,1502.0,510.0,569.0,47.3
Dortmund,32,26.8,57.8,34,374,3060,34.0,68,49,117,62,6,6,59,4.0,2.0,1.44,3.44,1.82,3.26,2.0,315.0,391.0,44.0,522.0,251.0,356.0,5.0,6.0,2.0,2023-2024,Bundesliga,63.5,58.8,45.6,104.4,770.0,1452.0,1.87,1.34,3.21,1.73,3.07,1763.0,389.0,426.0,47.7
Eint Frankfurt,34,25.3,52.1,34,374,3060,34.0,48,36,84,46,2,3,70,5.0,1.41,1.06,2.47,1.35,2.41,4.0,355.0,318.0,51.0,557.0,302.0,359.0,2.0,11.0,0.0,2023-2024,Bundesliga,46.2,44.4,34.1,78.5,574.0,1305.0,1.36,1.0,2.36,1.31,2.31,1792.0,477.0,525.0,47.6
Freiburg,25,27.0,46.6,34,374,3060,34.0,43,32,75,36,7,9,64,4.0,1.26,0.94,2.21,1.06,2.0,1.0,364.0,376.0,52.0,593.0,272.0,319.0,7.0,5.0,1.0,2023-2024,Bundesliga,49.4,42.4,32.4,74.8,468.0,1208.0,1.45,0.95,2.41,1.25,2.2,1633.0,625.0,628.0,49.9
Gladbach,27,25.4,46.8,34,374,3060,34.0,55,43,98,50,5,6,66,2.0,1.62,1.26,2.88,1.47,2.74,1.0,337.0,372.0,53.0,574.0,333.0,337.0,4.0,6.0,0.0,2023-2024,Bundesliga,46.5,41.8,35.5,77.4,598.0,1227.0,1.37,1.05,2.41,1.23,2.28,1701.0,485.0,478.0,50.4
Heidenheim,22,26.7,42.5,34,374,3060,34.0,46,34,80,44,2,3,54,1.0,1.35,1.0,2.35,1.29,2.29,0.0,442.0,325.0,38.0,663.0,302.0,352.0,1.0,10.0,3.0,2023-2024,Bundesliga,39.4,37.0,27.5,64.5,510.0,983.0,1.16,0.81,1.97,1.09,1.9,1741.0,690.0,612.0,53.0
Hoffenheim,30,27.7,49.5,34,374,3060,34.0,65,47,112,59,6,6,86,5.0,1.91,1.38,3.29,1.74,3.12,4.0,339.0,366.0,52.0,603.0,357.0,304.0,5.0,5.0,1.0,2023-2024,Bundesliga,53.6,49.0,39.9,88.9,538.0,1359.0,1.58,1.17,2.75,1.44,2.62,1715.0,515.0,515.0,50.0
Köln,26,25.4,46.5,34,374,3060,34.0,28,17,45,23,5,6,71,4.0,0.82,0.5,1.32,0.68,1.18,3.0,418.0,364.0,53.0,779.0,305.0,375.0,5.0,3.0,0.0,2023-2024,Bundesliga,39.3,34.7,27.2,61.9,618.0,1086.0,1.16,0.8,1.96,1.02,1.82,1689.0,557.0,533.0,51.1
Leverkusen,24,26.2,61.8,34,374,3060,34.0,87,71,158,79,8,8,59,0.0,2.56,2.09,4.65,2.32,4.41,0.0,305.0,342.0,73.0,586.0,224.0,277.0,7.0,0.0,0.0,2023-2024,Bundesliga,73.6,67.6,55.2,122.8,888.0,1997.0,2.16,1.62,3.79,1.99,3.61,1847.0,363.0,316.0,53.5
Mainz 05,30,26.7,46.1,34,374,3060,34.0,38,31,69,37,1,5,99,3.0,1.12,0.91,2.03,1.09,2.0,1.0,473.0,410.0,59.0,633.0,346.0,328.0,4.0,4.0,1.0,2023-2024,Bundesliga,44.6,40.7,32.0,72.7,480.0,1169.0,1.31,0.94,2.25,1.2,2.14,1786.0,665.0,761.0,46.6
RB Leipzig,26,25.6,55.3,34,374,3060,34.0,74,53,127,70,4,7,61,1.0,2.18,1.56,3.74,2.06,3.62,1.0,354.0,388.0,67.0,608.0,240.0,317.0,7.0,5.0,1.0,2023-2024,Bundesliga,65.6,60.2,47.7,107.9,714.0,1541.0,1.93,1.4,3.33,1.77,3.17,1743.0,426.0,394.0,52.0
Stuttgart,27,25.0,59.9,34,374,3060,34.0,78,60,138,73,5,8,56,1.0,2.29,1.76,4.06,2.15,3.91,1.0,329.0,373.0,50.0,537.0,269.0,316.0,7.0,3.0,3.0,2023-2024,Bundesliga,70.9,64.6,53.3,117.9,693.0,1618.0,2.08,1.57,3.65,1.9,3.47,1754.0,430.0,429.0,50.1
Union Berlin,30,28.1,42.9,34,374,3060,34.0,33,23,56,30,3,6,67,7.0,0.97,0.68,1.65,0.88,1.56,3.0,402.0,339.0,61.0,662.0,305.0,352.0,3.0,7.0,1.0,2023-2024,Bundesliga,40.1,35.3,25.0,60.3,389.0,1146.0,1.18,0.74,1.91,1.04,1.77,1705.0,620.0,619.0,50.0
Werder Bremen,30,27.0,46.8,34,374,3060,34.0,45,33,78,40,5,6,73,2.0,1.32,0.97,2.29,1.18,2.15,0.0,396.0,396.0,70.0,543.0,284.0,351.0,5.0,6.0,1.0,2023-2024,Bundesliga,46.9,42.0,35.6,77.6,492.0,1172.0,1.38,1.05,2.43,1.24,2.28,1758.0,508.0,575.0,46.9
Wolfsburg,28,25.6,48.0,34,374,3060,34.0,41,27,68,39,2,3,86,5.0,1.21,0.79,2.0,1.15,1.94,2.0,415.0,412.0,41.0,593.0,268.0,303.0,3.0,3.0,3.0,2023-2024,Bundesliga,39.2,36.7,28.5,65.2,441.0,1235.0,1.15,0.84,1.99,1.08,1.92,1580.0,512.0,467.0,52.3
Auxerre,24,27.1,,38,418,3420,38.0,41,21,62,39,2,2,56,2.0,1.08,0.55,1.63,1.03,1.58,,521.0,,,,,,,,,2009-2010,Ligue-1,,,,,,,,,,,,,,,
Bordeaux,24,26.3,,38,418,3420,38.0,53,31,84,48,5,7,65,6.0,1.39,0.82,2.21,1.26,2.08,,575.0,,,,,,,,,2009-2010,Ligue-1,,,,,,,,,,,,,,,
Boulogne,33,26.3,,38,418,3420,38.0,29,18,47,27,2,3,79,6.0,0.76,0.47,1.24,0.71,1.18,,592.0,,,,,,,,,2009-2010,Ligue-1,,,,,,,,,,,,,,,
Grenoble,32,29.0,,38,418,3420,38.0,30,14,44,30,0,2,68,7.0,0.79,0.37,1.16,0.79,1.16,,559.0,,,,,,,,,2009-2010,Ligue-1,,,,,,,,,,,,,,,
Le Mans,33,24.4,,38,418,3420,38.0,35,18,53,34,1,2,90,8.0,0.92,0.47,1.39,0.89,1.37,,667.0,,,,,,,,,2009-2010,Ligue-1,,,,,,,,,,,,,,,
Lens,23,27.1,,38,418,3420,38.0,39,20,59,34,5,5,61,2.0,1.03,0.53,1.55,0.89,1.42,,656.0,,,,,,,,,2009-2010,Ligue-1,,,,,,,,,,,,,,,
Lille,23,25.1,,38,418,3420,38.0,70,32,102,60,10,13,72,4.0,1.84,0.84,2.68,1.58,2.42,,637.0,,,,,,,,,2009-2010,Ligue-1,,,,,,,,,,,,,,,
Lorient,24,26.6,,38,418,3420,38.0,53,27,80,49,4,4,57,4.0,1.39,0.71,2.11,1.29,2.0,,511.0,,,,,,,,,2009-2010,Ligue-1,,,,,,,,,,,,,,,
Lyon,28,25.7,,38,418,3420,38.0,62,33,95,59,3,3,66,3.0,1.63,0.87,2.5,1.55,2.42,,630.0,,,,,,,,,2009-2010,Ligue-1,,,,,,,,,,,,,,,
Marseille,23,27.7,,38,418,3420,38.0,67,39,106,61,6,6,63,2.0,1.76,1.03,2.79,1.61,2.63,,600.0,,,,,,,,,2009-2010,Ligue-1,,,,,,,,,,,,,,,
Monaco,28,25.0,,38,418,3420,38.0,36,19,55,33,3,4,91,4.0,0.95,0.5,1.45,0.87,1.37,,677.0,,,,,,,,,2009-2010,Ligue-1,,,,,,,,,,,,,,,
Montpellier,23,25.9,,38,418,3420,38.0,49,24,73,43,6,8,85,6.0,1.29,0.63,1.92,1.13,1.76,,726.0,,,,,,,,,2009-2010,Ligue-1,,,,,,,,,,,,,,,
Nancy,26,26.0,,38,418,3420,38.0,45,26,71,41,4,5,65,6.0,1.18,0.68,1.87,1.08,1.76,,581.0,,,,,,,,,2009-2010,Ligue-1,,,,,,,,,,,,,,,
Nice,26,25.4,,38,418,3420,38.0,39,21,60,37,2,2,74,5.0,1.03,0.55,1.58,0.97,1.53,,655.0,,,,,,,,,2009-2010,Ligue-1,,,,,,,,,,,,,,,
Paris S-G,22,27.4,,38,418,3420,38.0,48,26,74,45,3,4,57,2.0,1.26,0.68,1.95,1.18,1.87,,601.0,,,,,,,,,2009-2010,Ligue-1,,,,,,,,,,,,,,,
Rennes,24,26.2,,38,418,3420,38.0,51,29,80,45,6,6,50,5.0,1.34,0.76,2.11,1.18,1.95,,568.0,,,,,,,,,2009-2010,Ligue-1,,,,,,,,,,,,,,,
Saint-Étienne,28,24.8,,38,418,3420,38.0,27,19,46,26,1,2,64,4.0,0.71,0.5,1.21,0.68,1.18,,587.0,,,,,,,,,2009-2010,Ligue-1,,,,,,,,,,,,,,,
Sochaux,28,25.4,,38,418,3420,38.0,27,13,40,25,2,3,58,4.0,0.71,0.34,1.05,0.66,1.0,,573.0,,,,,,,,,2009-2010,Ligue-1,,,,,,,,,,,,,,,
Toulouse,30,24.0,,38,418,3420,38.0,36,14,50,36,0,0,74,5.0,0.95,0.37,1.32,0.95,1.32,,711.0,,,,,,,,,2009-2010,Ligue-1,,,,,,,,,,,,,,,
Valenciennes,27,26.5,,38,418,3420,38.0,50,29,79,48,2,3,74,3.0,1.32,0.76,2.08,1.26,2.03,,707.0,,,,,,,,,2009-2010,Ligue-1,,,,,,,,,,,,,,,
Arsenal,26,25.6,,38,418,3420,38.0,69,54,123,64,5,6,46,4.0,1.82,1.42,3.24,1.68,3.11,,374.0,,,,,,,,,2012-2013,Premier-League,,,,,,,,,,,,,,,
Aston Villa,28,24.1,,38,418,3420,38.0,47,34,81,44,3,3,75,3.0,1.24,0.89,2.13,1.16,2.05,,457.0,,,,,,,,,2012-2013,Premier-League,,,,,,,,,,,,,,,
Chelsea,26,26.4,,38,418,3420,38.0,71,50,121,62,9,11,54,3.0,1.87,1.32,3.18,1.63,2.95,,370.0,,,,,,,,,2012-2013,Premier-League,,,,,,,,,,,,,,,
Everton,23,28.8,,38,418,3420,38.0,53,42,95,51,2,2,63,3.0,1.39,1.11,2.5,1.34,2.45,,446.0,,,,,,,,,2012-2013,Premier-League,,,,,,,,,,,,,,,
Fulham,29,30.4,,38,418,3420,38.0,45,32,77,39,6,6,48,3.0,1.18,0.84,2.03,1.03,1.87,,420.0,,,,,,,,,2012-2013,Premier-League,,,,,,,,,,,,,,,
Liverpool,28,26.2,,38,418,3420,38.0,67,47,114,62,5,6,54,2.0,1.76,1.24,3.0,1.63,2.87,,399.0,,,,,,,,,2012-2013,Premier-League,,,,,,,,,,,,,,,
Manchester City,25,26.7,,38,418,3420,38.0,64,45,109,60,4,6,64,3.0,1.68,1.18,2.87,1.58,2.76,,456.0,,,,,,,,,2012-2013,Premier-League,,,,,,,,,,,,,,,
Manchester Utd,25,27.3,,38,418,3420,38.0,80,63,143,76,4,7,56,1.0,2.11,1.66,3.76,2.0,3.66,,371.0,,,,,,,,,2012-2013,Premier-League,,,,,,,,,,,,,,,
Newcastle Utd,32,26.2,,38,418,3420,38.0,43,22,65,39,4,5,75,4.0,1.13,0.58,1.71,1.03,1.61,,459.0,,,,,,,,,2012-2013,Premier-League,,,,,,,,,,,,,,,
Norwich City,27,26.7,,38,418,3420,38.0,40,27,67,39,1,2,60,1.0,1.05,0.71,1.76,1.03,1.74,,421.0,,,,,,,,,2012-2013,Premier-League,,,,,,,,,,,,,,,
QPR,30,28.2,,38,418,3420,38.0,29,22,51,28,1,4,61,3.0,0.76,0.58,1.34,0.74,1.32,,397.0,,,,,,,,,2012-2013,Premier-League,,,,,,,,,,,,,,,
Reading,28,27.2,,38,418,3420,38.0,41,28,69,37,4,4,45,1.0,1.08,0.74,1.82,0.97,1.71,,387.0,,,,,,,,,2012-2013,Premier-League,,,,,,,,,,,,,,,
Southampton,25,25.3,,38,418,3420,38.0,46,25,71,43,3,3,43,2.0,1.21,0.66,1.87,1.13,1.79,,406.0,,,,,,,,,2012-2013,Premier-League,,,,,,,,,,,,,,,
Stoke City,24,27.1,,38,418,3420,38.0,33,23,56,30,3,5,83,4.0,0.87,0.61,1.47,0.79,1.39,,485.0,,,,,,,,,2012-2013,Premier-League,,,,,,,,,,,,,,,
Sunderland,29,26.2,,38,418,3420,38.0,39,24,63,35,4,4,63,3.0,1.03,0.63,1.66,0.92,1.55,,454.0,,,,,,,,,2012-2013,Premier-League,,,,,,,,,,,,,,,
Swansea City,25,26.6,,38,418,3420,38.0,47,32,79,47,0,0,59,2.0,1.24,0.84,2.08,1.24,2.08,,399.0,,,,,,,,,2012-2013,Premier-League,,,,,,,,,,,,,,,
Tottenham,28,26.3,,38,418,3420,38.0,62,45,107,62,0,0,54,2.0,1.63,1.18,2.82,1.63,2.82,,382.0,,,,,,,,,2012-2013,Premier-League,,,,,,,,,,,,,,,
West Brom,25,27.6,,38,418,3420,38.0,50,38,88,45,5,7,62,4.0,1.32,1.0,2.32,1.18,2.18,,429.0,,,,,,,,,2012-2013,Premier-League,,,,,,,,,,,,,,,
West Ham,26,28.0,,38,418,3420,38.0,43,33,76,39,4,4,74,1.0,1.13,0.87,2.0,1.03,1.89,,467.0,,,,,,,,,2012-2013,Premier-League,,,,,,,,,,,,,,,
Wigan Athletic,28,27.7,,38,418,3420,38.0,45,35,80,44,1,1,66,2.0,1.18,0.92,2.11,1.16,2.08,,444.0,,,,,,,,,2012-2013,Premier-League,,,,,,,,,,,,,,,
Arsenal,29,25.9,53.5,38,418,3420,38.0,53,38,91,47,6,6,49,5.0,1.39,1.0,2.39,1.24,2.24,1.0,346.0,400.0,61.0,751.0,351.0,252.0,5.0,3.0,4.0,2020-2021,Premier-League,51.7,47.0,35.1,82.1,758.0,1760.0,1.36,0.92,2.29,1.24,2.16,1838.0,504.0,594.0,45.9
Aston Villa,24,25.2,48.5,38,418,3420,38.0,52,38,90,47,5,6,71,4.0,1.37,1.0,2.37,1.24,2.24,4.0,439.0,553.0,71.0,779.0,387.0,282.0,6.0,6.0,1.0,2020-2021,Premier-League,52.5,47.9,37.4,85.3,629.0,1420.0,1.38,0.98,2.37,1.26,2.25,1906.0,728.0,665.0,52.3
Brighton,27,25.8,51.1,38,418,3420,38.0,39,24,63,33,6,9,49,6.0,1.03,0.63,1.66,0.87,1.5,2.0,428.0,357.0,52.0,686.0,425.0,334.0,7.0,7.0,2.0,2020-2021,Premier-League,50.9,43.8,33.2,77.0,685.0,1516.0,1.34,0.87,2.21,1.15,2.03,2040.0,531.0,574.0,48.1
Burnley,25,28.3,42.1,38,418,3420,38.0,32,20,52,29,3,3,48,0.0,0.84,0.53,1.37,0.76,1.29,0.0,384.0,389.0,80.0,772.0,416.0,293.0,3.0,3.0,1.0,2020-2021,Premier-League,39.3,36.9,27.7,64.6,389.0,1012.0,1.03,0.73,1.76,0.97,1.7,2000.0,874.0,854.0,50.6
Chelsea,27,26.0,60.9,38,418,3420,38.0,56,38,94,48,8,10,51,3.0,1.47,1.0,2.47,1.26,2.26,1.0,433.0,364.0,79.0,749.0,382.0,341.0,10.0,4.0,1.0,2020-2021,Premier-League,62.4,54.5,41.5,96.0,895.0,1798.0,1.64,1.09,2.73,1.43,2.53,1999.0,569.0,515.0,52.5
Crystal Palace,24,29.1,40.6,38,418,3420,38.0,39,29,68,36,3,4,56,2.0,1.03,0.76,1.79,0.95,1.71,1.0,409.0,436.0,67.0,533.0,396.0,366.0,2.0,4.0,0.0,2020-2021,Premier-League,34.1,31.0,23.6,54.6,526.0,1132.0,0.9,0.62,1.52,0.82,1.44,1923.0,685.0,658.0,51.0
Everton,29,26.3,46.4,38,418,3420,38.0,45,32,77,41,4,5,59,2.0,1.18,0.84,2.03,1.08,1.92,0.0,386.0,392.0,65.0,662.0,392.0,381.0,4.0,4.0,1.0,2020-2021,Premier-League,45.7,41.9,30.7,72.6,604.0,1184.0,1.2,0.81,2.01,1.1,1.91,2030.0,665.0,486.0,57.8
Fulham,28,25.2,49.7,38,418,3420,38.0,26,18,44,23,3,6,67,3.0,0.68,0.47,1.16,0.61,1.08,0.0,484.0,372.0,43.0,710.0,437.0,329.0,5.0,7.0,1.0,2020-2021,Premier-League,40.5,35.9,26.3,62.2,727.0,1354.0,1.07,0.69,1.76,0.95,1.64,2010.0,649.0,625.0,50.9
Leeds United,23,26.1,57.3,38,418,3420,38.0,60,45,105,56,4,4,61,1.0,1.58,1.18,2.76,1.47,2.66,0.0,432.0,410.0,76.0,786.0,397.0,417.0,3.0,9.0,2.0,2020-2021,Premier-League,55.6,52.5,41.9,94.3,811.0,1633.0,1.46,1.1,2.57,1.38,2.48,2160.0,538.0,605.0,47.1
Leicester City,27,26.5,54.3,38,418,3420,38.0,64,45,109,54,10,12,61,0.0,1.68,1.18,2.87,1.42,2.61,0.0,413.0,421.0,71.0,649.0,438.0,403.0,11.0,4.0,2.0,2020-2021,Premier-League,55.8,46.3,33.7,80.1,666.0,1464.0,1.47,0.89,2.36,1.22,2.11,2111.0,600.0,590.0,50.4
Liverpool,28,26.8,62.1,38,418,3420,38.0,65,43,108,59,6,6,40,0.0,1.71,1.13,2.84,1.55,2.68,0.0,396.0,316.0,65.0,862.0,347.0,303.0,4.0,8.0,0.0,2020-2021,Premier-League,67.5,62.9,48.3,111.1,886.0,2057.0,1.78,1.27,3.05,1.65,2.92,2202.0,537.0,572.0,48.4
Manchester City,24,26.1,63.5,38,418,3420,38.0,82,55,137,77,5,9,46,2.0,2.16,1.45,3.61,2.03,3.47,0.0,361.0,372.0,57.0,632.0,319.0,271.0,7.0,10.0,1.0,2020-2021,Premier-League,68.2,61.2,45.4,106.6,1096.0,2051.0,1.8,1.19,2.99,1.61,2.81,1946.0,479.0,417.0,53.5
Manchester Utd,29,25.6,55.7,38,418,3420,38.0,70,51,121,60,10,11,64,1.0,1.84,1.34,3.18,1.58,2.92,0.0,452.0,400.0,76.0,640.0,386.0,311.0,9.0,4.0,2.0,2020-2021,Premier-League,60.1,51.4,41.6,93.1,877.0,1832.0,1.58,1.1,2.68,1.35,2.45,2124.0,546.0,413.0,56.9
Newcastle Utd,27,27.1,38.8,38,418,3420,38.0,44,26,70,38,6,7,65,3.0,1.16,0.68,1.84,1.0,1.68,2.0,388.0,420.0,58.0,652.0,362.0,268.0,6.0,5.0,3.0,2020-2021,Premier-League,43.4,37.8,29.0,66.8,467.0,903.0,1.14,0.76,1.91,1.0,1.76,1770.0,634.0,655.0,49.2
Sheffield Utd,27,26.7,41.7,38,418,3420,38.0,19,13,32,16,3,4,73,3.0,0.5,0.34,0.84,0.42,0.76,0.0,459.0,293.0,73.0,666.0,351.0,356.0,3.0,4.0,3.0,2020-2021,Premier-League,32.6,29.5,24.9,54.4,491.0,1196.0,0.86,0.66,1.52,0.78,1.43,1802.0,718.0,798.0,47.4
Southampton,29,26.6,52.0,38,418,3420,38.0,47,33,80,42,5,6,52,3.0,1.24,0.87,2.11,1.11,1.97,0.0,428.0,421.0,76.0,554.0,401.0,419.0,4.0,9.0,1.0,2020-2021,Premier-League,41.2,36.6,25.8,62.5,626.0,1195.0,1.09,0.68,1.77,0.96,1.64,2010.0,527.0,713.0,42.5
Tottenham,24,27.2,51.6,38,418,3420,38.0,66,50,116,61,5,5,57,2.0,1.74,1.32,3.05,1.61,2.92,2.0,440.0,468.0,45.0,526.0,342.0,361.0,5.0,10.0,3.0,2020-2021,Premier-League,53.1,49.2,35.3,84.4,633.0,1330.0,1.4,0.93,2.33,1.29,2.22,1951.0,618.0,647.0,48.9
West Brom,30,26.4,37.9,38,418,3420,38.0,33,20,53,29,4,4,51,4.0,0.87,0.53,1.39,0.76,1.29,0.0,404.0,412.0,75.0,604.0,435.0,328.0,4.0,11.0,3.0,2020-2021,Premier-League,35.8,32.7,24.4,57.1,441.0,1027.0,0.94,0.64,1.59,0.86,1.5,1963.0,709.0,771.0,47.9
West Ham,24,27.8,43.2,38,418,3420,38.0,60,46,106,58,2,4,50,3.0,1.58,1.21,2.79,1.53,2.74,1.0,375.0,354.0,74.0,775.0,437.0,280.0,3.0,5.0,4.0,2020-2021,Premier-League,55.4,52.1,39.6,91.7,659.0,1282.0,1.46,1.04,2.5,1.37,2.41,2005.0,738.0,677.0,52.2
Wolves,27,26.3,49.3,38,418,3420,38.0,34,21,55,30,4,4,55,1.0,0.89,0.55,1.45,0.79,1.34,1.0,426.0,383.0,37.0,775.0,432.0,335.0,3.0,8.0,3.0,2020-2021,Premier-League,36.5,33.4,24.1,57.6,800.0,1283.0,0.96,0.63,1.6,0.88,1.51,1899.0,576.0,596.0,49.1
Arsenal,30,26.8,61.4,38,418,3420,38.0,73,61,134,69,4,5,57,,1.92,1.61,3.53,1.82,3.42,0.0,383.0,377.0,89.0,572.0,427.0,425.0,5.0,6.0,0.0,2017-2018,Premier-League,68.3,64.3,53.3,117.6,915.0,2223.0,1.8,1.4,3.2,1.69,3.1,2148.0,630.0,660.0,48.8
Bournemouth,22,26.9,48.1,38,418,3420,38.0,45,36,81,42,3,3,57,,1.18,0.95,2.13,1.11,2.05,1.0,339.0,411.0,52.0,707.0,367.0,324.0,2.0,3.0,1.0,2017-2018,Premier-League,38.8,36.4,29.1,65.5,702.0,1526.0,1.02,0.77,1.79,0.96,1.72,1956.0,698.0,750.0,48.2
Brighton,24,27.5,43.7,38,418,3420,38.0,33,25,58,28,5,7,54,,0.87,0.66,1.53,0.74,1.39,0.0,413.0,277.0,98.0,680.0,449.0,380.0,7.0,3.0,5.0,2017-2018,Premier-League,37.0,31.8,26.2,58.0,523.0,1230.0,0.97,0.69,1.66,0.84,1.53,2122.0,796.0,777.0,50.6
Burnley,24,27.5,43.7,38,418,3420,38.0,35,26,61,35,0,0,65,,0.92,0.68,1.61,0.92,1.61,0.0,350.0,422.0,100.0,707.0,400.0,355.0,0.0,5.0,1.0,2017-2018,Premier-League,32.3,32.3,23.6,55.9,431.0,1103.0,0.85,0.62,1.47,0.85,1.47,1875.0,912.0,967.0,48.5
Chelsea,26,26.7,55.6,38,418,3420,38.0,60,42,102,57,3,3,46,,1.58,1.11,2.68,1.5,2.61,2.0,363.0,405.0,108.0,755.0,424.0,426.0,3.0,2.0,2.0,2017-2018,Premier-League,54.4,52.0,41.5,93.5,1045.0,1998.0,1.43,1.09,2.52,1.37,2.46,2233.0,602.0,506.0,54.3
Crystal Palace,28,27.1,45.2,38,418,3420,38.0,44,26,70,36,8,10,72,,1.16,0.68,1.84,0.95,1.63,0.0,425.0,404.0,56.0,703.0,552.0,447.0,9.0,2.0,2.0,2017-2018,Premier-League,53.5,45.9,33.3,79.2,727.0,1308.0,1.41,0.88,2.28,1.21,2.08,2156.0,752.0,708.0,51.5
Everton,30,26.7,45.5,38,418,3420,38.0,42,26,68,37,5,8,55,,1.11,0.68,1.79,0.97,1.66,2.0,460.0,364.0,82.0,629.0,514.0,447.0,8.0,5.0,0.0,2017-2018,Premier-League,40.5,34.1,24.7,58.8,477.0,1161.0,1.07,0.65,1.71,0.9,1.55,2046.0,760.0,852.0,47.1
Huddersfield,25,26.4,45.7,38,418,3420,38.0,25,19,44,23,2,2,65,,0.66,0.5,1.16,0.61,1.11,2.0,397.0,363.0,67.0,765.0,518.0,502.0,2.0,6.0,1.0,2017-2018,Premier-League,31.3,29.8,23.7,53.5,627.0,1210.0,0.82,0.62,1.45,0.78,1.41,2141.0,788.0,800.0,49.6
Leicester City,27,27.2,48.0,38,418,3420,38.0,53,38,91,48,5,6,60,,1.39,1.0,2.39,1.26,2.26,4.0,364.0,357.0,92.0,744.0,414.0,417.0,6.0,4.0,2.0,2017-2018,Premier-League,50.0,45.3,34.9,80.2,655.0,1271.0,1.32,0.92,2.24,1.19,2.11,2154.0,787.0,752.0,51.1
Liverpool,27,25.6,60.3,38,418,3420,38.0,82,58,140,80,2,3,44,,2.16,1.53,3.68,2.11,3.63,0.0,344.0,305.0,70.0,764.0,379.0,450.0,3.0,6.0,0.0,2017-2018,Premier-League,72.9,70.6,52.7,123.3,982.0,2236.0,1.92,1.39,3.31,1.86,3.24,2258.0,585.0,650.0,47.4
Manchester City,25,26.4,71.0,38,418,3420,38.0,103,85,188,97,6,8,63,,2.71,2.24,4.95,2.55,4.79,2.0,344.0,354.0,67.0,691.0,346.0,381.0,8.0,2.0,2.0,2017-2018,Premier-League,78.6,72.7,57.9,130.6,1308.0,2570.0,2.07,1.52,3.59,1.91,3.44,2104.0,512.0,418.0,55.1
Manchester Utd,27,26.7,54.7,38,418,3420,38.0,67,53,120,66,1,3,64,,1.76,1.39,3.16,1.74,3.13,0.0,405.0,422.0,88.0,753.0,481.0,369.0,1.0,1.0,2.0,2017-2018,Premier-League,55.7,53.3,40.5,93.8,920.0,1564.0,1.47,1.07,2.53,1.4,2.47,2133.0,617.0,493.0,55.6
Newcastle Utd,27,25.6,41.7,38,418,3420,38.0,38,29,67,38,0,1,54,,1.0,0.76,1.76,1.0,1.76,1.0,409.0,369.0,63.0,616.0,441.0,426.0,1.0,6.0,3.0,2017-2018,Premier-League,41.6,40.9,32.1,72.9,548.0,1145.0,1.1,0.84,1.94,1.08,1.92,2021.0,884.0,927.0,48.8
Southampton,26,26.2,51.3,38,418,3420,38.0,36,23,59,33,3,3,65,,0.95,0.61,1.55,0.87,1.47,1.0,416.0,377.0,73.0,800.0,462.0,454.0,3.0,2.0,0.0,2017-2018,Premier-League,39.9,37.6,29.5,67.0,694.0,1609.0,1.05,0.78,1.83,0.99,1.76,2222.0,687.0,821.0,45.6
Stoke City,30,27.5,41.4,38,418,3420,38.0,34,28,62,34,0,3,62,,0.89,0.74,1.63,0.89,1.63,0.0,436.0,375.0,87.0,598.0,461.0,437.0,2.0,5.0,2.0,2017-2018,Premier-League,36.5,34.1,27.4,61.4,477.0,1150.0,0.96,0.72,1.68,0.9,1.62,1832.0,974.0,774.0,55.7
Swansea City,26,27.2,45.3,38,418,3420,38.0,27,20,47,26,1,1,51,,0.71,0.53,1.24,0.68,1.21,0.0,377.0,400.0,38.0,694.0,390.0,417.0,1.0,6.0,2.0,2017-2018,Premier-League,31.6,30.8,20.2,51.0,596.0,1194.0,0.83,0.53,1.36,0.81,1.34,1877.0,687.0,769.0,47.2
Tottenham,25,25.8,61.8,38,418,3420,38.0,70,51,121,68,2,3,52,,1.84,1.34,3.18,1.79,3.13,1.0,384.0,394.0,88.0,825.0,380.0,399.0,3.0,3.0,1.0,2017-2018,Premier-League,64.7,62.3,49.0,111.3,862.0,2249.0,1.7,1.29,2.99,1.64,2.93,2142.0,605.0,583.0,50.9
Watford,29,27.9,49.7,38,418,3420,38.0,42,27,69,39,3,6,65,,1.11,0.71,1.82,1.03,1.74,1.0,441.0,381.0,74.0,713.0,467.0,432.0,6.0,6.0,1.0,2017-2018,Premier-League,45.0,40.2,29.2,69.4,647.0,1455.0,1.19,0.77,1.95,1.06,1.83,2105.0,841.0,883.0,48.8
West Brom,24,29.1,40.7,38,418,3420,38.0,31,24,55,30,1,1,73,,0.82,0.63,1.45,0.79,1.42,0.0,440.0,345.0,79.0,784.0,470.0,385.0,0.0,1.0,2.0,2017-2018,Premier-League,36.5,35.7,25.9,61.6,507.0,1106.0,0.96,0.68,1.64,0.94,1.62,2094.0,785.0,784.0,50.0
West Ham,27,28.0,45.2,38,418,3420,38.0,48,29,77,46,2,4,75,,1.26,0.76,2.03,1.21,1.97,1.0,379.0,450.0,97.0,733.0,482.0,410.0,4.0,6.0,1.0,2017-2018,Premier-League,36.7,33.6,24.9,58.4,523.0,1179.0,0.97,0.65,1.62,0.88,1.54,2017.0,743.0,771.0,49.1
Arsenal,25,27.3,,38,431,3420,38.0,79,54,133,73,6,7,81,6.0,2.08,1.42,3.5,1.92,3.34,,539.0,,,,,,,,,2001-2002,Premier-League,,,,,,,,,,,,,,,
Aston Villa,23,27.2,,38,410,3420,38.0,44,38,82,42,2,2,42,2.0,1.16,1.0,2.16,1.11,2.11,,485.0,,,,,,,,,2001-2002,Premier-League,,,,,,,,,,,,,,,
Blackburn,27,27.2,,38,416,3420,38.0,54,39,93,53,1,1,58,4.0,1.42,1.03,2.45,1.39,2.42,,533.0,,,,,,,,,2001-2002,Premier-League,,,,,,,,,,,,,,,
Bolton,30,28.6,,38,407,3420,38.0,42,25,67,42,0,1,58,6.0,1.11,0.66,1.76,1.11,1.76,,506.0,,,,,,,,,2001-2002,Premier-League,,,,,,,,,,,,,,,
Charlton Ath,25,26.6,,38,418,3420,38.0,36,25,61,36,0,1,61,3.0,0.95,0.66,1.61,0.95,1.61,,500.0,,,,,,,,,2001-2002,Premier-League,,,,,,,,,,,,,,,
Chelsea,25,26.8,,38,411,3420,38.0,65,43,108,62,3,3,71,2.0,1.71,1.13,2.84,1.63,2.76,,438.0,,,,,,,,,2001-2002,Premier-League,,,,,,,,,,,,,,,
Derby County,34,25.8,,38,409,3420,38.0,33,23,56,31,2,5,70,2.0,0.87,0.61,1.47,0.82,1.42,,498.0,,,,,,,,,2001-2002,Premier-League,,,,,,,,,,,,,,,
Everton,28,28.0,,38,401,3420,38.0,44,31,75,41,3,3,62,4.0,1.16,0.82,1.97,1.08,1.89,,584.0,,,,,,,,,2001-2002,Premier-League,,,,,,,,,,,,,,,
Fulham,24,27.7,,38,415,3420,38.0,35,28,63,34,1,3,51,1.0,0.92,0.74,1.66,0.89,1.63,,452.0,,,,,,,,,2001-2002,Premier-League,,,,,,,,,,,,,,,
Ipswich Town,26,27.2,,38,410,3420,38.0,41,32,73,40,1,3,42,1.0,1.08,0.84,1.92,1.05,1.89,,471.0,,,,,,,,,2001-2002,Premier-League,,,,,,,,,,,,,,,
Leeds United,21,26.0,,38,433,3420,38.0,54,46,100,53,1,2,74,5.0,1.42,1.21,2.63,1.39,2.61,,583.0,,,,,,,,,2001-2002,Premier-League,,,,,,,,,,,,,,,
Leicester City,33,27.1,,38,415,3420,38.0,29,21,50,27,2,4,76,3.0,0.76,0.55,1.32,0.71,1.26,,558.0,,,,,,,,,2001-2002,Premier-League,,,,,,,,,,,,,,,
Liverpool,27,25.5,,38,418,3420,38.0,63,51,114,62,1,3,43,2.0,1.66,1.34,3.0,1.63,2.97,,439.0,,,,,,,,,2001-2002,Premier-League,,,,,,,,,,,,,,,
Manchester Utd,28,27.5,,38,402,3420,38.0,81,56,137,76,5,5,52,1.0,2.13,1.47,3.61,2.0,3.47,,426.0,,,,,,,,,2001-2002,Premier-League,,,,,,,,,,,,,,,
Middlesbrough,35,28.2,,38,409,3420,38.0,33,21,54,31,2,3,54,7.0,0.87,0.55,1.42,0.82,1.37,,470.0,,,,,,,,,2001-2002,Premier-League,,,,,,,,,,,,,,,
Newcastle Utd,24,25.9,,38,390,3420,38.0,72,53,125,67,5,7,47,2.0,1.89,1.39,3.29,1.76,3.16,,497.0,,,,,,,,,2001-2002,Premier-League,,,,,,,,,,,,,,,
Southampton,30,27.5,,38,390,3420,38.0,42,30,72,38,4,4,34,3.0,1.11,0.79,1.89,1.0,1.79,,466.0,,,,,,,,,2001-2002,Premier-League,,,,,,,,,,,,,,,
Sunderland,26,26.5,,38,415,3420,38.0,29,19,48,28,1,3,67,1.0,0.76,0.5,1.26,0.74,1.24,,509.0,,,,,,,,,2001-2002,Premier-League,,,,,,,,,,,,,,,
Tottenham,24,28.7,,38,411,3420,38.0,48,33,81,45,3,3,59,4.0,1.26,0.87,2.13,1.18,2.05,,465.0,,,,,,,,,2001-2002,Premier-League,,,,,,,,,,,,,,,
West Ham,28,27.4,,38,419,3420,38.0,48,34,82,44,4,5,68,3.0,1.26,0.89,2.16,1.16,2.05,,497.0,,,,,,,,,2001-2002,Premier-League,,,,,,,,,,,,,,,
Amiens,26,26.5,46.5,38,418,3420,38.0,30,22,52,28,2,3,62,6.0,0.79,0.58,1.37,0.74,1.32,3.0,521.0,519.0,65.0,586.0,396.0,384.0,1.0,9.0,2.0,2018-2019,Ligue-1,35.4,33.0,23.4,56.4,518.0,1274.0,0.93,0.62,1.55,0.87,1.48,1918.0,722.0,705.0,50.6
Angers,24,28.0,43.3,38,418,3420,38.0,42,27,69,37,5,10,49,4.0,1.11,0.71,1.82,0.97,1.68,0.0,449.0,445.0,51.0,628.0,420.0,399.0,10.0,5.0,2.0,2018-2019,Ligue-1,50.7,42.8,33.5,76.3,700.0,1320.0,1.33,0.88,2.22,1.13,2.01,1946.0,616.0,565.0,52.2
Bordeaux,33,25.3,50.1,38,418,3420,38.0,34,26,60,29,5,6,74,5.0,0.89,0.68,1.58,0.76,1.45,0.0,545.0,497.0,60.0,658.0,391.0,447.0,3.0,7.0,0.0,2018-2019,Ligue-1,39.7,35.0,29.5,64.5,742.0,1374.0,1.05,0.78,1.82,0.92,1.7,2158.0,660.0,721.0,47.8
Caen,26,25.8,44.0,38,418,3420,38.0,29,17,46,25,4,4,83,6.0,0.76,0.45,1.21,0.66,1.11,4.0,559.0,500.0,50.0,647.0,489.0,435.0,3.0,8.0,2.0,2018-2019,Ligue-1,31.0,27.9,20.6,48.5,500.0,1019.0,0.82,0.54,1.36,0.73,1.28,1911.0,756.0,822.0,47.9
Dijon,26,27.1,47.9,38,418,3420,38.0,29,21,50,26,3,4,79,7.0,0.76,0.55,1.32,0.68,1.24,4.0,573.0,443.0,59.0,606.0,482.0,408.0,1.0,3.0,1.0,2018-2019,Ligue-1,39.8,36.6,28.1,64.8,677.0,1334.0,1.05,0.74,1.79,0.96,1.7,1963.0,694.0,800.0,46.5
Guingamp,30,26.0,44.1,38,418,3420,38.0,28,21,49,23,5,6,58,5.0,0.74,0.55,1.29,0.61,1.16,0.0,486.0,464.0,54.0,809.0,421.0,431.0,4.0,6.0,0.0,2018-2019,Ligue-1,40.4,35.7,28.8,64.5,645.0,1398.0,1.06,0.76,1.82,0.94,1.7,1990.0,778.0,843.0,48.0
Lille,25,24.1,51.4,38,418,3420,38.0,66,49,115,55,11,13,71,4.0,1.74,1.29,3.03,1.45,2.74,1.0,479.0,510.0,39.0,575.0,387.0,378.0,10.0,10.0,0.0,2018-2019,Ligue-1,59.5,49.3,38.7,87.9,757.0,1461.0,1.56,1.02,2.58,1.3,2.31,2018.0,564.0,575.0,49.5
Lyon,25,24.4,60.4,38,418,3420,38.0,70,54,124,65,5,10,57,3.0,1.84,1.42,3.26,1.71,3.13,2.0,443.0,469.0,94.0,684.0,363.0,384.0,9.0,5.0,3.0,2018-2019,Ligue-1,73.7,66.1,49.0,115.0,977.0,2093.0,1.94,1.29,3.23,1.74,3.03,2028.0,612.0,513.0,54.4
Marseille,24,26.9,55.2,38,418,3420,38.0,59,45,104,55,4,5,83,8.0,1.55,1.18,2.74,1.45,2.63,1.0,501.0,455.0,46.0,827.0,401.0,489.0,2.0,12.0,0.0,2018-2019,Ligue-1,52.7,48.9,38.5,87.4,809.0,1474.0,1.39,1.01,2.4,1.29,2.3,1949.0,695.0,622.0,52.8
Monaco,42,25.6,49.8,38,418,3420,38.0,38,25,63,34,4,5,92,6.0,1.0,0.66,1.66,0.89,1.55,1.0,528.0,505.0,55.0,748.0,386.0,422.0,5.0,8.0,2.0,2018-2019,Ligue-1,47.4,43.5,31.4,74.9,773.0,1624.0,1.25,0.83,2.07,1.14,1.97,1941.0,611.0,594.0,50.7
Montpellier,25,28.0,48.0,38,418,3420,38.0,50,28,78,47,3,3,61,4.0,1.32,0.74,2.05,1.24,1.97,1.0,537.0,478.0,58.0,749.0,484.0,431.0,2.0,5.0,2.0,2018-2019,Ligue-1,50.1,47.7,35.1,82.8,601.0,1497.0,1.32,0.92,2.24,1.26,2.18,2061.0,729.0,741.0,49.6
Nantes,33,25.9,50.1,38,418,3420,38.0,46,28,74,40,6,8,75,6.0,1.21,0.74,1.95,1.05,1.79,3.0,493.0,496.0,77.0,725.0,435.0,478.0,7.0,8.0,0.0,2018-2019,Ligue-1,49.1,42.8,30.6,73.3,656.0,1472.0,1.29,0.8,2.1,1.13,1.93,2173.0,767.0,685.0,52.8
Nice,30,24.2,54.8,38,418,3420,38.0,28,18,46,23,5,9,73,5.0,0.74,0.47,1.21,0.61,1.08,1.0,425.0,518.0,40.0,495.0,450.0,420.0,7.0,6.0,1.0,2018-2019,Ligue-1,46.3,39.2,30.8,70.1,740.0,1537.0,1.22,0.81,2.03,1.03,1.84,1957.0,516.0,502.0,50.7
Nîmes,23,24.1,45.7,38,418,3420,38.0,55,37,92,51,4,6,71,5.0,1.45,0.97,2.42,1.34,2.32,2.0,487.0,494.0,40.0,736.0,443.0,442.0,3.0,5.0,1.0,2018-2019,Ligue-1,50.0,45.3,34.1,79.4,717.0,1229.0,1.32,0.9,2.21,1.19,2.09,2030.0,693.0,828.0,45.6
Paris S-G,30,26.2,63.7,38,418,3420,38.0,103,72,175,93,10,12,64,4.0,2.71,1.89,4.61,2.45,4.34,0.0,474.0,444.0,92.0,588.0,342.0,434.0,10.0,6.0,4.0,2018-2019,Ligue-1,88.9,79.5,63.1,142.6,993.0,2207.0,2.34,1.66,4.0,2.09,3.75,2060.0,402.0,336.0,54.5
Reims,27,26.2,43.6,38,418,3420,38.0,39,27,66,37,2,2,67,2.0,1.03,0.71,1.74,0.97,1.68,0.0,532.0,467.0,79.0,633.0,486.0,454.0,2.0,7.0,2.0,2018-2019,Ligue-1,38.1,36.5,27.7,64.1,593.0,1262.0,1.0,0.73,1.73,0.96,1.69,2029.0,647.0,718.0,47.4
Rennes,28,25.7,50.6,38,418,3420,38.0,52,34,86,45,7,10,70,3.0,1.37,0.89,2.26,1.18,2.08,2.0,490.0,486.0,61.0,663.0,389.0,395.0,9.0,5.0,1.0,2018-2019,Ligue-1,55.6,47.8,34.4,82.1,884.0,1522.0,1.46,0.9,2.37,1.26,2.16,2032.0,625.0,560.0,52.7
Saint-Étienne,29,27.8,52.5,38,418,3420,38.0,56,40,96,51,5,5,67,7.0,1.47,1.05,2.53,1.34,2.39,4.0,454.0,456.0,60.0,770.0,441.0,406.0,4.0,9.0,1.0,2018-2019,Ligue-1,56.7,52.7,39.2,91.9,753.0,1543.0,1.49,1.03,2.52,1.39,2.42,1948.0,609.0,643.0,48.6
Strasbourg,26,26.2,50.1,38,418,3420,38.0,57,43,100,52,5,7,71,4.0,1.5,1.13,2.63,1.37,2.5,1.0,512.0,404.0,43.0,719.0,428.0,405.0,5.0,9.0,1.0,2018-2019,Ligue-1,41.3,35.8,28.1,63.9,683.0,1460.0,1.09,0.74,1.83,0.94,1.68,1940.0,631.0,615.0,50.6
Toulouse,29,25.5,48.2,38,418,3420,38.0,35,16,51,28,7,11,77,5.0,0.92,0.42,1.34,0.74,1.16,2.0,558.0,468.0,69.0,629.0,384.0,418.0,8.0,6.0,1.0,2018-2019,Ligue-1,45.7,37.1,29.3,66.4,684.0,1465.0,1.2,0.77,1.97,0.98,1.75,2024.0,712.0,653.0,52.2
Atalanta,28,27.3,,38,418,3420,38.0,52,28,80,47,5,7,116,6.0,1.37,0.74,2.11,1.24,1.97,,739.0,,,,,,,,,2007-2008,Serie-A,,,,,,,,,,,,,,,
Cagliari,28,27.0,,38,418,3420,38.0,37,15,52,30,7,7,94,4.0,0.97,0.39,1.37,0.79,1.18,,653.0,,,,,,,,,2007-2008,Serie-A,,,,,,,,,,,,,,,
Catania,28,28.0,,38,418,3420,38.0,31,20,51,29,2,3,108,5.0,0.82,0.53,1.34,0.76,1.29,,775.0,,,,,,,,,2007-2008,Serie-A,,,,,,,,,,,,,,,
Empoli,24,26.8,,38,418,3420,38.0,29,16,45,27,2,5,97,5.0,0.76,0.42,1.18,0.71,1.13,,765.0,,,,,,,,,2007-2008,Serie-A,,,,,,,,,,,,,,,
Fiorentina,26,26.3,,38,418,3420,38.0,54,29,83,47,7,7,80,3.0,1.42,0.76,2.18,1.24,2.0,,796.0,,,,,,,,,2007-2008,Serie-A,,,,,,,,,,,,,,,
Genoa,29,27.4,,38,418,3420,38.0,43,22,65,38,5,6,119,8.0,1.13,0.58,1.71,1.0,1.58,,800.0,,,,,,,,,2007-2008,Serie-A,,,,,,,,,,,,,,,
Inter,28,28.8,,38,418,3420,38.0,69,37,106,60,9,10,73,4.0,1.82,0.97,2.79,1.58,2.55,,620.0,,,,,,,,,2007-2008,Serie-A,,,,,,,,,,,,,,,
Juventus,27,28.2,,38,418,3420,38.0,71,39,110,65,6,7,95,5.0,1.87,1.03,2.89,1.71,2.74,,786.0,,,,,,,,,2007-2008,Serie-A,,,,,,,,,,,,,,,
Lazio,30,27.8,,38,418,3420,38.0,47,24,71,42,5,5,101,12.0,1.24,0.63,1.87,1.11,1.74,,697.0,,,,,,,,,2007-2008,Serie-A,,,,,,,,,,,,,,,
Livorno,28,28.9,,38,418,3420,38.0,34,15,49,30,4,5,96,5.0,0.89,0.39,1.29,0.79,1.18,,659.0,,,,,,,,,2007-2008,Serie-A,,,,,,,,,,,,,,,
Milan,26,30.1,,38,418,3420,38.0,66,34,100,58,8,10,76,3.0,1.74,0.89,2.63,1.53,2.42,,648.0,,,,,,,,,2007-2008,Serie-A,,,,,,,,,,,,,,,
Napoli,27,26.3,,38,418,3420,38.0,49,20,69,43,6,9,102,6.0,1.29,0.53,1.82,1.13,1.66,,745.0,,,,,,,,,2007-2008,Serie-A,,,,,,,,,,,,,,,
Palermo,26,27.5,,38,418,3420,38.0,45,26,71,42,3,6,104,7.0,1.18,0.68,1.87,1.11,1.79,,727.0,,,,,,,,,2007-2008,Serie-A,,,,,,,,,,,,,,,
Parma,30,28.5,,38,418,3420,38.0,42,21,63,36,6,9,106,10.0,1.11,0.55,1.66,0.95,1.5,,811.0,,,,,,,,,2007-2008,Serie-A,,,,,,,,,,,,,,,
Reggina,26,26.7,,38,418,3420,38.0,37,18,55,34,3,3,89,3.0,0.97,0.47,1.45,0.89,1.37,,678.0,,,,,,,,,2007-2008,Serie-A,,,,,,,,,,,,,,,
Roma,23,28.1,,38,418,3420,38.0,71,38,109,65,6,7,81,5.0,1.87,1.0,2.87,1.71,2.71,,606.0,,,,,,,,,2007-2008,Serie-A,,,,,,,,,,,,,,,
Sampdoria,26,28.1,,38,418,3420,38.0,54,29,83,52,2,2,104,6.0,1.42,0.76,2.18,1.37,2.13,,768.0,,,,,,,,,2007-2008,Serie-A,,,,,,,,,,,,,,,
Siena,29,27.7,,38,418,3420,38.0,38,17,55,36,2,5,79,3.0,1.0,0.45,1.45,0.95,1.39,,784.0,,,,,,,,,2007-2008,Serie-A,,,,,,,,,,,,,,,
Torino,27,28.7,,38,418,3420,38.0,35,17,52,30,5,6,115,6.0,0.92,0.45,1.37,0.79,1.24,,839.0,,,,,,,,,2007-2008,Serie-A,,,,,,,,,,,,,,,
Udinese,27,24.5,,38,418,3420,38.0,47,26,73,45,2,2,82,7.0,1.24,0.68,1.92,1.18,1.87,,710.0,,,,,,,,,2007-2008,Serie-A,,,,,,,,,,,,,,,
Arsenal,30,25.3,,38,418,3420,38.0,79,53,132,76,3,4,56,1.0,2.08,1.39,3.47,2.0,3.39,,468.0,,,,,,,,,2009-2010,Premier-League,,,,,,,,,,,,,,,
Aston Villa,23,27.9,,38,418,3420,38.0,48,34,82,43,5,8,62,2.0,1.26,0.89,2.16,1.13,2.03,,504.0,,,,,,,,,2009-2010,Premier-League,,,,,,,,,,,,,,,
Birmingham City,25,26.8,,38,418,3420,38.0,36,22,58,34,2,4,72,1.0,0.95,0.58,1.53,0.89,1.47,,449.0,,,,,,,,,2009-2010,Premier-League,,,,,,,,,,,,,,,
Blackburn,28,27.3,,38,417,3420,38.0,38,22,60,35,3,3,61,2.0,1.0,0.58,1.58,0.92,1.5,,538.0,,,,,,,,,2009-2010,Premier-League,,,,,,,,,,,,,,,
Bolton,25,27.4,,38,418,3420,38.0,42,24,66,38,4,4,78,5.0,1.11,0.63,1.74,1.0,1.63,,552.0,,,,,,,,,2009-2010,Premier-League,,,,,,,,,,,,,,,
Burnley,26,27.9,,38,418,3420,38.0,42,25,67,36,6,6,57,2.0,1.11,0.66,1.76,0.95,1.61,,451.0,,,,,,,,,2009-2010,Premier-League,,,,,,,,,,,,,,,
Chelsea,30,28.7,,38,418,3420,38.0,99,64,163,88,11,12,60,5.0,2.61,1.68,4.29,2.32,4.0,,461.0,,,,,,,,,2009-2010,Premier-League,,,,,,,,,,,,,,,
Everton,28,27.4,,38,418,3420,38.0,56,33,89,51,5,6,58,2.0,1.47,0.87,2.34,1.34,2.21,,511.0,,,,,,,,,2009-2010,Premier-League,,,,,,,,,,,,,,,
Fulham,29,29.2,,38,418,3420,38.0,38,21,59,34,4,4,46,1.0,1.0,0.55,1.55,0.89,1.45,,465.0,,,,,,,,,2009-2010,Premier-League,,,,,,,,,,,,,,,
Hull City,30,27.7,,38,418,3420,38.0,33,16,49,27,6,8,70,6.0,0.87,0.42,1.29,0.71,1.13,,554.0,,,,,,,,,2009-2010,Premier-League,,,,,,,,,,,,,,,
Liverpool,30,26.3,,38,418,3420,38.0,58,37,95,55,3,3,57,5.0,1.53,0.97,2.5,1.45,2.42,,457.0,,,,,,,,,2009-2010,Premier-League,,,,,,,,,,,,,,,
Manchester City,31,27.0,,38,418,3420,38.0,73,48,121,68,5,5,50,2.0,1.92,1.26,3.18,1.79,3.05,,443.0,,,,,,,,,2009-2010,Premier-League,,,,,,,,,,,,,,,
Manchester Utd,30,27.8,,38,418,3420,38.0,74,48,122,68,6,8,51,4.0,1.95,1.26,3.21,1.79,3.05,,441.0,,,,,,,,,2009-2010,Premier-League,,,,,,,,,,,,,,,
Portsmouth,33,28.2,,38,418,3420,38.0,34,19,53,31,3,6,76,5.0,0.89,0.5,1.39,0.82,1.32,,500.0,,,,,,,,,2009-2010,Premier-League,,,,,,,,,,,,,,,
Stoke City,23,28.5,,38,418,3420,38.0,32,23,55,30,2,2,69,5.0,0.84,0.61,1.45,0.79,1.39,,476.0,,,,,,,,,2009-2010,Premier-League,,,,,,,,,,,,,,,
Sunderland,28,25.4,,38,418,3420,38.0,45,28,73,39,6,9,87,9.0,1.18,0.74,1.92,1.03,1.76,,540.0,,,,,,,,,2009-2010,Premier-League,,,,,,,,,,,,,,,
Tottenham,30,25.4,,38,418,3420,38.0,66,45,111,64,2,3,58,1.0,1.74,1.18,2.92,1.68,2.87,,453.0,,,,,,,,,2009-2010,Premier-League,,,,,,,,,,,,,,,
West Ham,30,26.0,,38,418,3420,38.0,46,27,73,39,7,9,69,3.0,1.21,0.71,1.92,1.03,1.74,,539.0,,,,,,,,,2009-2010,Premier-League,,,,,,,,,,,,,,,
Wigan Athletic,27,26.3,,38,418,3420,38.0,36,21,57,35,1,2,64,3.0,0.95,0.55,1.5,0.92,1.47,,500.0,,,,,,,,,2009-2010,Premier-League,,,,,,,,,,,,,,,
Wolves,29,25.9,,38,418,3420,38.0,28,15,43,26,2,2,65,4.0,0.74,0.39,1.13,0.68,1.08,,513.0,,,,,,,,,2009-2010,Premier-League,,,,,,,,,,,,,,,
Atalanta,31,27.8,,38,418,3420,38.0,37,16,53,34,3,4,119,8.0,0.97,0.42,1.39,0.89,1.32,,625.0,,,,,,,,,2009-2010,Serie-A,,,,,,,,,,,,,,,
Bari,30,26.6,,38,418,3420,38.0,48,21,69,43,5,6,68,4.0,1.26,0.55,1.82,1.13,1.68,,628.0,,,,,,,,,2009-2010,Serie-A,,,,,,,,,,,,,,,
Bologna,31,28.9,,38,418,3420,38.0,40,17,57,37,3,3,74,3.0,1.05,0.45,1.5,0.97,1.42,,705.0,,,,,,,,,2009-2010,Serie-A,,,,,,,,,,,,,,,
Cagliari,27,26.6,,38,418,3420,38.0,54,30,84,48,6,7,90,7.0,1.42,0.79,2.21,1.26,2.05,,643.0,,,,,,,,,2009-2010,Serie-A,,,,,,,,,,,,,,,
Catania,30,26.5,,38,418,3420,38.0,44,19,63,37,7,9,105,7.0,1.16,0.5,1.66,0.97,1.47,,776.0,,,,,,,,,2009-2010,Serie-A,,,,,,,,,,,,,,,
Chievo,26,29.1,,38,418,3420,38.0,36,16,52,35,1,1,110,5.0,0.95,0.42,1.37,0.92,1.34,,773.0,,,,,,,,,2009-2010,Serie-A,,,,,,,,,,,,,,,
Fiorentina,28,27.1,,38,418,3420,38.0,48,27,75,46,2,3,89,6.0,1.26,0.71,1.97,1.21,1.92,,697.0,,,,,,,,,2009-2010,Serie-A,,,,,,,,,,,,,,,
Genoa,32,27.4,,38,418,3420,38.0,57,24,81,48,9,10,109,7.0,1.5,0.63,2.13,1.26,1.89,,759.0,,,,,,,,,2009-2010,Serie-A,,,,,,,,,,,,,,,
Inter,26,29.2,,38,418,3420,38.0,74,44,118,68,6,6,97,7.0,1.95,1.16,3.11,1.79,2.95,,631.0,,,,,,,,,2009-2010,Serie-A,,,,,,,,,,,,,,,
Juventus,30,28.6,,38,418,3420,38.0,54,24,78,51,3,4,103,6.0,1.42,0.63,2.05,1.34,1.97,,723.0,,,,,,,,,2009-2010,Serie-A,,,,,,,,,,,,,,,
Lazio,32,27.8,,38,418,3420,38.0,38,24,62,35,3,5,103,6.0,1.0,0.63,1.63,0.92,1.55,,702.0,,,,,,,,,2009-2010,Serie-A,,,,,,,,,,,,,,,
Livorno,36,27.6,,38,418,3420,38.0,27,17,44,24,3,3,93,8.0,0.71,0.45,1.16,0.63,1.08,,649.0,,,,,,,,,2009-2010,Serie-A,,,,,,,,,,,,,,,
Milan,28,29.7,,38,418,3420,38.0,59,30,89,52,7,10,82,8.0,1.55,0.79,2.34,1.37,2.16,,580.0,,,,,,,,,2009-2010,Serie-A,,,,,,,,,,,,,,,
Napoli,25,27.3,,38,418,3420,38.0,50,26,76,48,2,5,103,6.0,1.32,0.68,2.0,1.26,1.95,,690.0,,,,,,,,,2009-2010,Serie-A,,,,,,,,,,,,,,,
Palermo,25,25.7,,38,418,3420,38.0,59,32,91,51,8,9,99,3.0,1.55,0.84,2.39,1.34,2.18,,597.0,,,,,,,,,2009-2010,Serie-A,,,,,,,,,,,,,,,
Parma,27,27.5,,38,418,3420,38.0,44,20,64,42,2,4,99,7.0,1.16,0.53,1.68,1.11,1.63,,725.0,,,,,,,,,2009-2010,Serie-A,,,,,,,,,,,,,,,
Roma,29,28.7,,38,418,3420,38.0,68,34,102,59,9,11,91,3.0,1.79,0.89,2.68,1.55,2.45,,600.0,,,,,,,,,2009-2010,Serie-A,,,,,,,,,,,,,,,
Sampdoria,26,26.7,,38,418,3420,38.0,49,27,76,45,4,5,94,8.0,1.29,0.71,2.0,1.18,1.89,,602.0,,,,,,,,,2009-2010,Serie-A,,,,,,,,,,,,,,,
Siena,29,26.5,,38,418,3420,38.0,40,19,59,38,2,3,101,5.0,1.05,0.5,1.55,1.0,1.5,,703.0,,,,,,,,,2009-2010,Serie-A,,,,,,,,,,,,,,,
Udinese,28,25.2,,38,418,3420,38.0,54,25,79,48,6,7,94,3.0,1.42,0.66,2.08,1.26,1.92,,654.0,,,,,,,,,2009-2010,Serie-A,,,,,,,,,,,,,,,
Alavés,26,26.7,42.7,38,418,3420,38.0,39,27,66,37,2,3,101,1.0,1.03,0.71,1.74,0.97,1.68,0.0,551.0,499.0,58.0,729.0,390.0,389.0,2.0,6.0,2.0,2018-2019,La-Liga,41.1,38.8,29.0,67.8,511.0,1113.0,1.08,0.76,1.85,1.02,1.79,1972.0,864.0,890.0,49.3
Athletic Club,27,27.6,50.0,38,418,3420,38.0,39,26,65,34,5,7,120,4.0,1.03,0.68,1.71,0.89,1.58,2.0,580.0,492.0,74.0,728.0,453.0,384.0,6.0,5.0,0.0,2018-2019,La-Liga,43.4,37.8,30.7,68.5,626.0,1452.0,1.14,0.81,1.95,0.99,1.8,2036.0,923.0,723.0,56.1
Atlético Madrid,29,26.4,49.2,38,418,3420,38.0,53,36,89,50,3,4,103,5.0,1.39,0.95,2.34,1.32,2.26,3.0,476.0,453.0,80.0,590.0,463.0,487.0,2.0,5.0,2.0,2018-2019,La-Liga,47.3,44.1,35.3,79.5,677.0,1386.0,1.24,0.93,2.17,1.16,2.09,2080.0,675.0,586.0,53.5
Barcelona,30,27.7,64.4,38,418,3420,38.0,88,61,149,80,8,9,77,2.0,2.32,1.61,3.92,2.11,3.71,1.0,410.0,550.0,102.0,394.0,391.0,346.0,8.0,2.0,1.0,2018-2019,La-Liga,75.8,68.7,55.8,124.6,851.0,2110.0,1.99,1.47,3.46,1.81,3.28,2017.0,449.0,365.0,55.2
Betis,25,26.7,61.8,38,418,3420,38.0,43,30,73,38,5,7,89,1.0,1.13,0.79,1.92,1.0,1.79,0.0,435.0,548.0,79.0,590.0,361.0,378.0,5.0,5.0,0.0,2018-2019,La-Liga,47.1,41.5,32.9,74.4,887.0,1631.0,1.24,0.87,2.1,1.09,1.96,1804.0,463.0,467.0,49.8
Celta Vigo,28,25.5,51.6,38,418,3420,38.0,52,37,89,45,7,7,84,6.0,1.37,0.97,2.34,1.18,2.16,5.0,458.0,484.0,90.0,659.0,382.0,377.0,3.0,7.0,1.0,2018-2019,La-Liga,46.5,41.2,33.6,74.8,673.0,1288.0,1.22,0.88,2.11,1.08,1.97,1904.0,663.0,611.0,52.0
Eibar,25,28.5,54.0,38,418,3420,38.0,46,26,72,39,7,8,82,2.0,1.21,0.68,1.89,1.03,1.71,1.0,521.0,390.0,92.0,1057.0,368.0,424.0,5.0,4.0,1.0,2018-2019,La-Liga,54.8,48.6,36.7,85.3,565.0,1619.0,1.44,0.96,2.41,1.28,2.24,2272.0,996.0,1018.0,49.5
Espanyol,25,27.7,49.4,38,418,3420,38.0,43,26,69,39,4,4,92,2.0,1.13,0.68,1.82,1.03,1.71,2.0,531.0,510.0,84.0,544.0,408.0,394.0,3.0,8.0,2.0,2018-2019,La-Liga,48.9,45.8,33.8,79.6,642.0,1495.0,1.29,0.89,2.18,1.21,2.1,1935.0,591.0,582.0,50.4
Getafe,26,27.5,40.7,38,418,3420,38.0,47,34,81,41,6,6,111,7.0,1.24,0.89,2.13,1.08,1.97,4.0,642.0,501.0,102.0,638.0,453.0,358.0,4.0,7.0,2.0,2018-2019,La-Liga,46.2,41.6,32.9,74.4,448.0,1131.0,1.22,0.87,2.08,1.09,1.96,2029.0,836.0,948.0,46.9
Girona,26,26.6,48.0,38,418,3420,38.0,37,23,60,31,6,6,83,4.0,0.97,0.61,1.58,0.82,1.42,2.0,537.0,527.0,60.0,743.0,432.0,367.0,3.0,8.0,2.0,2018-2019,La-Liga,43.5,39.3,29.3,68.6,634.0,1316.0,1.14,0.77,1.91,1.04,1.81,1974.0,749.0,756.0,49.8
Huesca,30,26.7,44.5,38,418,3420,38.0,43,28,71,37,6,7,114,3.0,1.13,0.74,1.87,0.97,1.71,1.0,579.0,442.0,94.0,771.0,440.0,452.0,5.0,9.0,3.0,2018-2019,La-Liga,50.8,45.4,34.6,80.0,653.0,1209.0,1.34,0.91,2.25,1.19,2.1,2029.0,740.0,762.0,49.3
Leganés,29,26.6,43.1,38,418,3420,38.0,36,25,61,33,3,5,106,4.0,0.95,0.66,1.61,0.87,1.53,2.0,542.0,398.0,75.0,744.0,432.0,382.0,3.0,4.0,1.0,2018-2019,La-Liga,40.6,36.8,28.1,64.9,447.0,1153.0,1.07,0.74,1.81,0.97,1.71,1942.0,914.0,721.0,55.9
Levante,26,26.3,45.7,38,418,3420,38.0,56,39,95,51,5,7,112,7.0,1.47,1.03,2.5,1.34,2.37,5.0,501.0,487.0,85.0,674.0,422.0,372.0,6.0,9.0,2.0,2018-2019,La-Liga,53.9,48.4,38.5,86.9,709.0,1295.0,1.42,1.01,2.43,1.27,2.29,1969.0,469.0,571.0,45.1
Rayo Vallecano,29,26.6,48.7,38,418,3420,38.0,40,24,64,35,5,5,106,8.0,1.05,0.63,1.68,0.92,1.55,5.0,567.0,455.0,71.0,783.0,433.0,422.0,5.0,11.0,1.0,2018-2019,La-Liga,48.7,44.8,33.0,77.7,831.0,1326.0,1.28,0.87,2.15,1.18,2.05,1996.0,535.0,587.0,47.7
Real Madrid,27,27.1,60.1,38,418,3420,38.0,61,39,100,52,9,9,83,6.0,1.61,1.03,2.63,1.37,2.39,4.0,446.0,545.0,112.0,762.0,373.0,395.0,8.0,8.0,0.0,2018-2019,La-Liga,66.7,60.2,49.9,110.1,1009.0,2094.0,1.76,1.31,3.07,1.58,2.9,1957.0,479.0,434.0,52.5
Real Sociedad,30,24.9,51.7,38,418,3420,38.0,44,27,71,36,8,10,82,4.0,1.16,0.71,1.87,0.95,1.66,2.0,492.0,544.0,92.0,627.0,425.0,344.0,7.0,3.0,2.0,2018-2019,La-Liga,49.7,42.2,33.0,75.2,695.0,1381.0,1.31,0.87,2.18,1.11,1.98,2021.0,699.0,651.0,51.8
Sevilla,27,27.9,52.3,38,418,3420,38.0,60,47,107,55,5,6,118,6.0,1.58,1.24,2.82,1.45,2.68,4.0,536.0,462.0,111.0,812.0,365.0,408.0,5.0,7.0,0.0,2018-2019,La-Liga,66.6,61.8,49.3,111.1,828.0,1804.0,1.75,1.3,3.05,1.63,2.92,2050.0,651.0,724.0,47.3
Valencia,25,26.4,47.1,38,418,3420,38.0,50,38,88,45,5,7,90,3.0,1.32,1.0,2.32,1.18,2.18,2.0,463.0,514.0,75.0,715.0,418.0,384.0,6.0,8.0,2.0,2018-2019,La-Liga,60.7,55.2,46.7,101.9,751.0,1561.0,1.6,1.23,2.83,1.45,2.68,2016.0,596.0,621.0,49.0
Valladolid,28,27.4,46.8,38,418,3420,38.0,31,19,50,27,4,7,92,0.0,0.82,0.5,1.32,0.71,1.21,0.0,521.0,521.0,96.0,804.0,387.0,441.0,6.0,9.0,1.0,2018-2019,La-Liga,41.1,35.6,26.7,62.3,662.0,1299.0,1.08,0.7,1.78,0.94,1.64,1967.0,595.0,854.0,41.1
Villarreal,26,27.1,48.3,38,418,3420,38.0,47,34,81,44,3,6,118,3.0,1.24,0.89,2.13,1.16,2.05,3.0,518.0,412.0,95.0,618.0,390.0,413.0,3.0,5.0,3.0,2018-2019,La-Liga,53.9,50.0,39.0,89.0,715.0,1648.0,1.42,1.03,2.45,1.31,2.34,1914.0,613.0,629.0,49.4
Alavés,30,25.5,40.3,38,418,3420,38.0,40,31,71,39,1,3,109,4.0,1.05,0.82,1.87,1.03,1.84,4.0,603.0,522.0,108.0,558.0,498.0,464.0,3.0,10.0,2.0,2017-2018,La-Liga,38.5,36.1,27.7,63.8,454.0,1045.0,1.01,0.73,1.74,0.95,1.68,1975.0,608.0,602.0,50.2
Athletic Club,26,26.7,49.6,38,418,3420,38.0,39,25,64,33,6,8,93,0.0,1.03,0.66,1.68,0.87,1.53,0.0,528.0,487.0,104.0,816.0,465.0,486.0,7.0,6.0,3.0,2017-2018,La-Liga,49.7,43.8,33.7,77.5,652.0,1519.0,1.31,0.89,2.19,1.15,2.04,2174.0,715.0,609.0,54.0
Atlético Madrid,26,26.6,47.5,38,418,3420,38.0,57,41,98,53,4,5,96,5.0,1.5,1.08,2.58,1.39,2.47,3.0,538.0,481.0,107.0,524.0,513.0,614.0,4.0,4.0,1.0,2017-2018,La-Liga,50.2,46.3,36.6,82.9,703.0,1460.0,1.32,0.96,2.28,1.22,2.18,2214.0,554.0,539.0,50.7
Barcelona,25,27.7,62.8,38,418,3420,38.0,96,74,170,93,3,5,67,2.0,2.53,1.95,4.47,2.45,4.39,0.0,383.0,520.0,134.0,409.0,424.0,413.0,4.0,2.0,0.0,2017-2018,La-Liga,83.5,80.1,64.6,144.7,1025.0,2151.0,2.2,1.7,3.9,2.11,3.81,2095.0,343.0,286.0,54.5
Betis,29,27.1,56.9,38,418,3420,38.0,56,43,99,54,2,3,91,3.0,1.47,1.13,2.61,1.42,2.55,1.0,465.0,486.0,62.0,534.0,427.0,424.0,1.0,4.0,4.0,2017-2018,La-Liga,46.0,43.7,35.2,78.9,736.0,1506.0,1.21,0.93,2.14,1.15,2.08,1953.0,447.0,453.0,49.7
Celta Vigo,23,25.7,55.7,38,418,3420,38.0,57,45,102,55,2,3,85,1.0,1.5,1.18,2.68,1.45,2.63,0.0,430.0,540.0,92.0,583.0,497.0,420.0,2.0,5.0,1.0,2017-2018,La-Liga,55.0,52.6,43.0,95.6,724.0,1595.0,1.45,1.13,2.58,1.39,2.52,2148.0,545.0,524.0,51.0
Eibar,27,27.4,52.0,38,418,3420,38.0,43,31,74,41,2,3,86,3.0,1.13,0.82,1.95,1.08,1.89,2.0,492.0,435.0,84.0,1055.0,554.0,436.0,3.0,4.0,3.0,2017-2018,La-Liga,40.9,38.6,30.2,68.8,635.0,1468.0,1.08,0.79,1.87,1.02,1.81,2287.0,752.0,718.0,51.2
Espanyol,25,26.8,46.9,38,418,3420,38.0,33,24,57,31,2,3,88,1.0,0.87,0.63,1.5,0.82,1.45,1.0,521.0,530.0,76.0,720.0,515.0,500.0,3.0,6.0,2.0,2017-2018,La-Liga,41.1,38.7,27.8,66.4,532.0,1276.0,1.08,0.73,1.81,1.02,1.75,2009.0,597.0,633.0,48.5
Getafe,32,28.2,40.2,38,418,3420,38.0,41,27,68,36,5,12,134,5.0,1.08,0.71,1.79,0.95,1.66,4.0,673.0,495.0,108.0,585.0,487.0,491.0,11.0,4.0,0.0,2017-2018,La-Liga,48.2,38.6,29.6,68.2,374.0,1092.0,1.27,0.78,2.05,1.02,1.79,2022.0,541.0,730.0,42.6
Girona,25,26.3,46.8,38,418,3420,38.0,50,31,81,44,6,8,102,0.0,1.32,0.82,2.13,1.16,1.97,0.0,615.0,497.0,80.0,828.0,490.0,403.0,6.0,5.0,3.0,2017-2018,La-Liga,50.6,44.4,34.4,78.8,590.0,1215.0,1.33,0.9,2.24,1.17,2.07,1981.0,643.0,597.0,51.9
La Coruña,32,28.2,46.8,38,418,3420,38.0,38,30,68,35,3,5,100,2.0,1.0,0.79,1.79,0.92,1.71,1.0,507.0,436.0,94.0,747.0,484.0,500.0,5.0,5.0,3.0,2017-2018,La-Liga,51.6,47.7,40.0,87.7,640.0,1477.0,1.36,1.05,2.41,1.25,2.31,2074.0,558.0,584.0,48.9
Las Palmas,36,27.0,54.7,38,418,3420,38.0,24,15,39,18,6,8,89,3.0,0.63,0.39,1.03,0.47,0.87,1.0,484.0,665.0,81.0,581.0,508.0,433.0,5.0,5.0,1.0,2017-2018,La-Liga,38.5,32.3,24.8,57.1,726.0,1332.0,1.01,0.65,1.66,0.85,1.5,1998.0,474.0,540.0,46.7
Leganés,28,27.8,43.0,38,418,3420,38.0,32,23,55,30,2,3,105,5.0,0.84,0.61,1.45,0.79,1.39,3.0,592.0,503.0,97.0,690.0,583.0,483.0,2.0,7.0,0.0,2017-2018,La-Liga,39.9,37.6,30.0,67.6,534.0,1111.0,1.05,0.79,1.84,0.99,1.78,2140.0,653.0,627.0,51.0
Levante,33,25.7,42.8,38,418,3420,38.0,43,28,71,38,5,5,111,6.0,1.13,0.74,1.87,1.0,1.74,3.0,554.0,446.0,70.0,726.0,477.0,414.0,5.0,6.0,3.0,2017-2018,La-Liga,44.7,40.8,31.8,72.7,676.0,1286.0,1.18,0.84,2.02,1.07,1.91,1967.0,468.0,559.0,45.6
Málaga,37,27.2,44.1,38,418,3420,38.0,23,15,38,19,4,6,101,8.0,0.61,0.39,1.0,0.5,0.89,5.0,613.0,442.0,89.0,742.0,497.0,509.0,3.0,7.0,0.0,2017-2018,La-Liga,38.4,33.7,26.3,60.0,463.0,1169.0,1.01,0.69,1.7,0.89,1.58,2086.0,602.0,739.0,44.9
Real Madrid,24,27.1,60.2,38,418,3420,38.0,91,65,156,83,8,10,67,4.0,2.39,1.71,4.11,2.18,3.89,2.0,436.0,517.0,115.0,904.0,424.0,470.0,9.0,4.0,2.0,2017-2018,La-Liga,85.4,77.5,62.8,140.2,1131.0,2383.0,2.25,1.65,3.9,2.04,3.69,2087.0,406.0,369.0,52.4
Real Sociedad,27,25.9,56.5,38,418,3420,38.0,64,47,111,60,4,5,64,5.0,1.68,1.24,2.92,1.58,2.82,4.0,419.0,538.0,91.0,782.0,446.0,374.0,5.0,8.0,1.0,2017-2018,La-Liga,53.7,49.7,38.9,88.7,883.0,1605.0,1.41,1.02,2.44,1.31,2.33,2038.0,498.0,467.0,51.6
Sevilla,31,27.1,54.3,38,418,3420,38.0,48,35,83,44,4,5,99,3.0,1.26,0.92,2.18,1.16,2.08,2.0,562.0,493.0,137.0,657.0,409.0,535.0,3.0,8.0,1.0,2017-2018,La-Liga,59.5,55.7,42.8,98.5,817.0,1824.0,1.57,1.13,2.69,1.47,2.59,2129.0,582.0,504.0,53.6
Valencia,25,24.8,48.6,38,418,3420,38.0,63,45,108,55,8,8,107,5.0,1.66,1.18,2.84,1.45,2.63,4.0,518.0,548.0,83.0,605.0,459.0,492.0,7.0,5.0,0.0,2017-2018,La-Liga,56.0,49.8,39.9,89.7,739.0,1563.0,1.47,1.05,2.52,1.31,2.36,2023.0,534.0,460.0,53.7
Villarreal,32,26.6,50.4,38,418,3420,38.0,56,45,101,52,4,5,117,6.0,1.47,1.18,2.66,1.37,2.55,4.0,598.0,458.0,111.0,517.0,427.0,466.0,5.0,8.0,0.0,2017-2018,La-Liga,53.3,49.3,42.0,91.3,719.0,1453.0,1.4,1.11,2.51,1.3,2.4,2021.0,553.0,533.0,50.9
Augsburg,34,25.9,41.7,34,374,3060,34.0,41,29,70,37,4,5,96,5.0,1.21,0.85,2.06,1.09,1.94,2.0,433.0,356.0,58.0,548.0,286.0,299.0,3.0,4.0,2.0,2022-2023,Bundesliga,34.7,30.9,24.3,55.2,331.0,847.0,1.02,0.71,1.74,0.91,1.62,1792.0,640.0,777.0,45.2
Bayern Munich,28,26.6,64.2,34,374,3060,34.0,90,67,157,87,3,5,49,3.0,2.65,1.97,4.62,2.56,4.53,2.0,306.0,335.0,84.0,603.0,287.0,387.0,5.0,10.0,0.0,2022-2023,Bundesliga,75.0,71.0,56.6,127.7,863.0,2041.0,2.2,1.67,3.87,2.09,3.75,2085.0,471.0,381.0,55.3
Bochum,26,29.4,46.1,34,374,3060,34.0,37,28,65,34,3,3,64,1.0,1.09,0.82,1.91,1.0,1.82,0.0,429.0,354.0,66.0,568.0,337.0,386.0,3.0,14.0,3.0,2022-2023,Bundesliga,40.0,37.7,28.4,66.0,350.0,1022.0,1.18,0.83,2.01,1.11,1.94,1991.0,770.0,737.0,51.1
Dortmund,30,25.8,58.2,34,374,3060,34.0,81,61,142,77,4,6,66,0.0,2.38,1.79,4.18,2.26,4.06,0.0,322.0,407.0,41.0,677.0,298.0,334.0,6.0,1.0,1.0,2022-2023,Bundesliga,71.1,66.5,51.9,118.4,783.0,1628.0,2.09,1.53,3.62,1.96,3.48,1958.0,425.0,364.0,53.9
Eint Frankfurt,28,26.4,52.9,34,374,3060,34.0,56,33,89,50,6,6,71,1.0,1.65,0.97,2.62,1.47,2.44,1.0,429.0,377.0,70.0,616.0,284.0,357.0,6.0,2.0,1.0,2022-2023,Bundesliga,52.1,47.4,36.2,83.5,632.0,1372.0,1.53,1.06,2.6,1.39,2.46,2088.0,467.0,555.0,45.7
Freiburg,27,27.4,48.1,34,374,3060,34.0,51,34,85,44,7,8,62,2.0,1.5,1.0,2.5,1.29,2.29,1.0,404.0,424.0,57.0,547.0,325.0,289.0,7.0,6.0,0.0,2022-2023,Bundesliga,47.9,41.6,28.5,70.1,427.0,1039.0,1.41,0.84,2.25,1.22,2.06,1754.0,743.0,686.0,52.0
Gladbach,27,26.8,53.7,34,374,3060,34.0,52,39,91,48,4,6,62,3.0,1.53,1.15,2.68,1.41,2.56,1.0,338.0,447.0,72.0,441.0,267.0,275.0,3.0,6.0,1.0,2022-2023,Bundesliga,52.1,47.5,41.2,88.7,518.0,1168.0,1.53,1.21,2.74,1.4,2.61,1718.0,415.0,419.0,49.8
Hertha BSC,32,26.0,42.0,34,374,3060,34.0,42,23,65,35,7,7,82,1.0,1.24,0.68,1.91,1.03,1.71,1.0,422.0,394.0,58.0,516.0,366.0,344.0,4.0,6.0,0.0,2022-2023,Bundesliga,39.4,33.9,25.3,59.2,413.0,914.0,1.16,0.74,1.9,1.0,1.74,1835.0,633.0,701.0,47.5
Hoffenheim,31,26.8,48.3,34,374,3060,34.0,46,30,76,39,7,9,80,5.0,1.35,0.88,2.24,1.15,2.03,3.0,471.0,368.0,78.0,577.0,285.0,323.0,7.0,3.0,1.0,2022-2023,Bundesliga,48.0,41.1,32.4,73.4,457.0,1175.0,1.41,0.95,2.36,1.21,2.16,1843.0,550.0,557.0,49.7
Köln,27,26.0,49.9,34,374,3060,34.0,46,31,77,42,4,4,75,3.0,1.35,0.91,2.26,1.24,2.15,3.0,400.0,352.0,68.0,790.0,372.0,370.0,2.0,5.0,3.0,2022-2023,Bundesliga,47.9,44.7,35.1,79.9,522.0,1247.0,1.41,1.03,2.44,1.32,2.35,2022.0,659.0,608.0,52.0
Leverkusen,27,24.7,52.0,34,374,3060,34.0,57,44,101,52,5,7,75,7.0,1.68,1.29,2.97,1.53,2.82,3.0,382.0,409.0,51.0,461.0,294.0,280.0,6.0,7.0,2.0,2022-2023,Bundesliga,51.4,46.0,38.9,85.0,678.0,1243.0,1.51,1.15,2.66,1.35,2.5,1918.0,430.0,492.0,46.6
Mainz 05,27,27.0,44.8,34,374,3060,34.0,54,35,89,50,4,6,69,1.0,1.59,1.03,2.62,1.47,2.5,0.0,476.0,334.0,74.0,610.0,433.0,341.0,5.0,8.0,0.0,2022-2023,Bundesliga,47.1,42.4,30.0,72.4,364.0,1155.0,1.39,0.88,2.27,1.25,2.13,2081.0,740.0,703.0,51.3
RB Leipzig,25,26.3,58.1,34,374,3060,34.0,64,39,103,58,6,7,69,2.0,1.88,1.15,3.03,1.71,2.85,1.0,393.0,402.0,80.0,489.0,310.0,312.0,5.0,8.0,2.0,2022-2023,Bundesliga,62.7,57.4,43.2,100.6,599.0,1450.0,1.84,1.27,3.11,1.69,2.96,1966.0,440.0,433.0,50.4
Schalke 04,35,27.5,46.0,34,374,3060,34.0,32,24,56,28,4,5,68,1.0,0.94,0.71,1.65,0.82,1.53,0.0,427.0,391.0,70.0,764.0,306.0,329.0,3.0,6.0,1.0,2022-2023,Bundesliga,39.6,35.9,28.7,64.6,415.0,934.0,1.16,0.84,2.01,1.06,1.9,1896.0,692.0,739.0,48.4
Stuttgart,30,24.7,50.2,34,374,3060,34.0,45,34,79,40,5,5,72,5.0,1.32,1.0,2.32,1.18,2.18,4.0,346.0,407.0,56.0,597.0,308.0,316.0,4.0,6.0,1.0,2022-2023,Bundesliga,47.6,43.7,38.1,81.7,609.0,1278.0,1.4,1.12,2.52,1.28,2.4,1989.0,547.0,470.0,53.8
Union Berlin,28,27.9,43.8,34,374,3060,34.0,49,38,87,46,3,7,65,2.0,1.44,1.12,2.56,1.35,2.47,1.0,445.0,345.0,62.0,708.0,262.0,278.0,4.0,7.0,0.0,2022-2023,Bundesliga,37.9,32.5,25.9,58.4,375.0,1012.0,1.12,0.76,1.88,0.95,1.72,1833.0,767.0,755.0,50.4
Werder Bremen,25,27.4,49.3,34,374,3060,34.0,50,37,87,45,5,6,76,1.0,1.47,1.09,2.56,1.32,2.41,0.0,426.0,369.0,65.0,514.0,321.0,349.0,3.0,3.0,2.0,2022-2023,Bundesliga,41.1,36.4,29.0,65.4,412.0,1140.0,1.21,0.85,2.06,1.07,1.92,1987.0,631.0,622.0,50.4
Wolfsburg,28,24.8,50.6,34,374,3060,34.0,55,44,99,51,4,7,63,0.0,1.62,1.29,2.91,1.5,2.79,0.0,390.0,451.0,50.0,568.0,292.0,324.0,6.0,7.0,3.0,2022-2023,Bundesliga,51.3,45.8,39.2,84.9,455.0,1306.0,1.51,1.15,2.66,1.35,2.5,1800.0,525.0,546.0,49.0
1860 Munich,26,27.4,,34,378,3060,34.0,40,28,68,38,2,3,82,5.0,1.18,0.82,2.0,1.12,1.94,,,,,,,,,,,2000-2001,Bundesliga,,,,,,,,,,,,,,,
Bayern Munich,25,28.1,,34,374,3060,34.0,62,50,112,58,4,5,92,3.0,1.82,1.47,3.29,1.71,3.18,,,,,,,,,,,2000-2001,Bundesliga,,,,,,,,,,,,,,,
Bochum,33,26.6,,34,374,3060,34.0,30,19,49,26,4,4,81,10.0,0.88,0.56,1.44,0.76,1.32,,,,,,,,,,,2000-2001,Bundesliga,,,,,,,,,,,,,,,
Dortmund,24,27.3,,34,374,3060,34.0,59,43,102,56,3,4,74,4.0,1.74,1.26,3.0,1.65,2.91,,,,,,,,,,,2000-2001,Bundesliga,,,,,,,,,,,,,,,
Eint Frankfurt,34,27.7,,34,373,3060,34.0,40,29,69,36,4,6,73,8.0,1.18,0.85,2.03,1.06,1.91,,,,,,,,,,,2000-2001,Bundesliga,,,,,,,,,,,,,,,
Energie Cottbus,24,28.6,,34,375,3060,34.0,38,22,60,36,2,4,79,1.0,1.12,0.65,1.76,1.06,1.71,,,,,,,,,,,2000-2001,Bundesliga,,,,,,,,,,,,,,,
Freiburg,24,25.1,,34,374,3060,34.0,52,35,87,46,6,7,81,3.0,1.53,1.03,2.56,1.35,2.38,,,,,,,,,,,2000-2001,Bundesliga,,,,,,,,,,,,,,,
Hamburger SV,29,27.9,,34,374,3060,34.0,58,41,99,55,3,5,90,6.0,1.71,1.21,2.91,1.62,2.82,,,,,,,,,,,2000-2001,Bundesliga,,,,,,,,,,,,,,,
Hansa Rostock,24,27.5,,34,374,3060,34.0,33,19,52,31,2,3,87,10.0,0.97,0.56,1.53,0.91,1.47,,,,,,,,,,,2000-2001,Bundesliga,,,,,,,,,,,,,,,
Hertha BSC,26,27.7,,34,373,3060,34.0,57,42,99,55,2,3,68,5.0,1.68,1.24,2.91,1.62,2.85,,,,,,,,,,,2000-2001,Bundesliga,,,,,,,,,,,,,,,
Kaiserslautern,29,27.9,,34,374,3060,34.0,48,28,76,42,6,6,92,5.0,1.41,0.82,2.24,1.24,2.06,,,,,,,,,,,2000-2001,Bundesliga,,,,,,,,,,,,,,,
Köln,26,25.5,,34,374,3060,34.0,56,39,95,53,3,3,74,7.0,1.65,1.15,2.79,1.56,2.71,,,,,,,,,,,2000-2001,Bundesliga,,,,,,,,,,,,,,,
Leverkusen,27,26.5,,34,370,3060,34.0,54,39,93,48,6,7,94,8.0,1.59,1.15,2.74,1.41,2.56,,,,,,,,,,,2000-2001,Bundesliga,,,,,,,,,,,,,,,
Schalke 04,23,29.1,,34,374,3060,34.0,62,42,104,60,2,3,75,2.0,1.82,1.24,3.06,1.76,3.0,,,,,,,,,,,2000-2001,Bundesliga,,,,,,,,,,,,,,,
Stuttgart,28,26.3,,34,375,3060,34.0,38,22,60,34,4,4,66,3.0,1.12,0.65,1.76,1.0,1.65,,,,,,,,,,,2000-2001,Bundesliga,,,,,,,,,,,,,,,
Unterhaching,26,28.0,,34,374,3060,34.0,35,23,58,34,1,1,50,4.0,1.03,0.68,1.71,1.0,1.68,,,,,,,,,,,2000-2001,Bundesliga,,,,,,,,,,,,,,,
Werder Bremen,25,26.8,,34,372,3060,34.0,52,29,81,46,6,8,81,3.0,1.53,0.85,2.38,1.35,2.21,,,,,,,,,,,2000-2001,Bundesliga,,,,,,,,,,,,,,,
Wolfsburg,25,28.8,,34,373,3060,34.0,59,41,100,56,3,3,71,1.0,1.74,1.21,2.94,1.65,2.85,,,,,,,,,,,2000-2001,Bundesliga,,,,,,,,,,,,,,,
1860 Munich,29,28.1,,34,374,3060,34.0,56,33,89,52,4,5,79,4.0,1.65,0.97,2.62,1.53,2.5,,,,,,,,,,,2001-2002,Bundesliga,,,,,,,,,,,,,,,
Bayern Munich,25,28.0,,34,374,3060,34.0,61,37,98,56,5,7,68,1.0,1.79,1.09,2.88,1.65,2.74,,,,,,,,,,,2001-2002,Bundesliga,,,,,,,,,,,,,,,
Dortmund,25,27.0,,34,374,3060,34.0,61,39,100,54,7,9,78,2.0,1.79,1.15,2.94,1.59,2.74,,,,,,,,,,,2001-2002,Bundesliga,,,,,,,,,,,,,,,
Energie Cottbus,29,28.6,,34,374,3060,34.0,36,25,61,33,3,3,105,7.0,1.06,0.74,1.79,0.97,1.71,,,,,,,,,,,2001-2002,Bundesliga,,,,,,,,,,,,,,,
Freiburg,26,25.6,,34,374,3060,34.0,34,21,55,31,3,5,53,2.0,1.0,0.62,1.62,0.91,1.53,,,,,,,,,,,2001-2002,Bundesliga,,,,,,,,,,,,,,,
Gladbach,25,27.8,,34,380,3060,34.0,37,19,56,31,6,7,62,3.0,1.09,0.56,1.65,0.91,1.47,,,,,,,,,,,2001-2002,Bundesliga,,,,,,,,,,,,,,,
Hamburger SV,26,28.2,,34,374,3060,34.0,48,29,77,45,3,4,82,3.0,1.41,0.85,2.26,1.32,2.18,,,,,,,,,,,2001-2002,Bundesliga,,,,,,,,,,,,,,,
Hansa Rostock,28,28.0,,34,374,3060,34.0,35,21,56,31,4,6,60,5.0,1.03,0.62,1.65,0.91,1.53,,,,,,,,,,,2001-2002,Bundesliga,,,,,,,,,,,,,,,
Hertha BSC,25,27.6,,34,374,3060,34.0,59,38,97,55,4,5,78,4.0,1.74,1.12,2.85,1.62,2.74,,,,,,,,,,,2001-2002,Bundesliga,,,,,,,,,,,,,,,
Kaiserslautern,29,27.7,,34,374,3060,34.0,60,39,99,56,4,8,94,3.0,1.76,1.15,2.91,1.65,2.79,,,,,,,,,,,2001-2002,Bundesliga,,,,,,,,,,,,,,,
Köln,28,26.4,,34,374,3060,34.0,26,20,46,26,0,0,85,3.0,0.76,0.59,1.35,0.76,1.35,,,,,,,,,,,2001-2002,Bundesliga,,,,,,,,,,,,,,,
Leverkusen,21,26.4,,34,374,3060,34.0,76,52,128,69,7,9,105,4.0,2.24,1.53,3.76,2.03,3.56,,,,,,,,,,,2001-2002,Bundesliga,,,,,,,,,,,,,,,
Nürnberg,29,25.9,,34,374,3060,34.0,32,16,48,29,3,6,78,4.0,0.94,0.47,1.41,0.85,1.32,,,,,,,,,,,2001-2002,Bundesliga,,,,,,,,,,,,,,,
Schalke 04,22,29.4,,34,374,3060,34.0,50,28,78,45,5,6,79,1.0,1.47,0.82,2.29,1.32,2.15,,,,,,,,,,,2001-2002,Bundesliga,,,,,,,,,,,,,,,
St. Pauli,29,26.6,,34,374,3060,34.0,36,18,54,32,4,5,81,5.0,1.06,0.53,1.59,0.94,1.47,,,,,,,,,,,2001-2002,Bundesliga,,,,,,,,,,,,,,,
Stuttgart,26,26.1,,34,374,3060,34.0,46,30,76,44,2,3,60,4.0,1.35,0.88,2.24,1.29,2.18,,,,,,,,,,,2001-2002,Bundesliga,,,,,,,,,,,,,,,
Werder Bremen,21,27.0,,34,374,3060,34.0,54,27,81,47,7,9,84,5.0,1.59,0.79,2.38,1.38,2.18,,,,,,,,,,,2001-2002,Bundesliga,,,,,,,,,,,,,,,
Wolfsburg,28,27.7,,34,374,3060,34.0,53,39,92,50,3,4,69,6.0,1.56,1.15,2.71,1.47,2.62,,,,,,,,,,,2001-2002,Bundesliga,,,,,,,,,,,,,,,
Arsenal,22,27.3,,38,419,3420,38.0,69,52,121,62,7,7,53,3.0,1.82,1.37,3.18,1.63,3.0,,532.0,,,,,,,,,2003-2004,Premier-League,,,,,,,,,,,,,,,
Aston Villa,23,25.7,,38,418,3420,38.0,48,34,82,44,4,5,52,3.0,1.26,0.89,2.16,1.16,2.05,,609.0,,,,,,,,,2003-2004,Premier-League,,,,,,,,,,,,,,,
Birmingham City,27,27.4,,38,428,3420,38.0,43,29,72,39,4,5,46,5.0,1.13,0.76,1.89,1.03,1.79,,560.0,,,,,,,,,2003-2004,Premier-League,,,,,,,,,,,,,,,
Blackburn,28,28.2,,38,412,3420,38.0,52,39,91,52,0,0,61,3.0,1.37,1.03,2.39,1.37,2.39,,556.0,,,,,,,,,2003-2004,Premier-League,,,,,,,,,,,,,,,
Bolton,24,28.5,,38,433,3420,38.0,47,35,82,46,1,1,66,0.0,1.24,0.92,2.16,1.21,2.13,,521.0,,,,,,,,,2003-2004,Premier-League,,,,,,,,,,,,,,,
Charlton Ath,24,28.4,,38,406,3420,38.0,50,29,79,44,6,8,38,3.0,1.32,0.76,2.08,1.16,1.92,,494.0,,,,,,,,,2003-2004,Premier-League,,,,,,,,,,,,,,,
Chelsea,27,25.9,,38,438,3420,38.0,67,58,125,63,4,4,46,3.0,1.76,1.53,3.29,1.66,3.18,,543.0,,,,,,,,,2003-2004,Premier-League,,,,,,,,,,,,,,,
Everton,27,27.4,,38,414,3420,38.0,42,31,73,41,1,1,54,3.0,1.11,0.82,1.92,1.08,1.89,,474.0,,,,,,,,,2003-2004,Premier-League,,,,,,,,,,,,,,,
Fulham,30,27.0,,38,421,3420,38.0,52,32,84,50,2,3,66,3.0,1.37,0.84,2.21,1.32,2.16,,537.0,,,,,,,,,2003-2004,Premier-League,,,,,,,,,,,,,,,
Leeds United,30,25.1,,38,404,3420,38.0,40,28,68,36,4,4,73,5.0,1.05,0.74,1.79,0.95,1.68,,564.0,,,,,,,,,2003-2004,Premier-League,,,,,,,,,,,,,,,
Leicester City,30,29.3,,38,391,3420,38.0,45,37,82,43,2,3,61,8.0,1.18,0.97,2.16,1.13,2.11,,558.0,,,,,,,,,2003-2004,Premier-League,,,,,,,,,,,,,,,
Liverpool,26,26.0,,38,408,3420,38.0,53,36,89,45,8,10,46,1.0,1.39,0.95,2.34,1.18,2.13,,479.0,,,,,,,,,2003-2004,Premier-League,,,,,,,,,,,,,,,
Manchester City,24,27.9,,38,418,3420,38.0,52,37,89,48,4,4,50,3.0,1.37,0.97,2.34,1.26,2.24,,463.0,,,,,,,,,2003-2004,Premier-League,,,,,,,,,,,,,,,
Manchester Utd,22,25.8,,38,418,3420,38.0,63,54,117,62,1,4,46,3.0,1.66,1.42,3.08,1.63,3.05,,448.0,,,,,,,,,2003-2004,Premier-League,,,,,,,,,,,,,,,
Middlesbrough,27,27.6,,38,418,3420,38.0,42,28,70,39,3,5,59,1.0,1.11,0.74,1.84,1.03,1.76,,554.0,,,,,,,,,2003-2004,Premier-League,,,,,,,,,,,,,,,
Newcastle Utd,24,25.8,,38,429,3420,38.0,53,33,86,46,7,10,48,3.0,1.39,0.87,2.26,1.21,2.08,,534.0,,,,,,,,,2003-2004,Premier-League,,,,,,,,,,,,,,,
Portsmouth,32,28.6,,38,433,3420,38.0,49,31,80,46,3,3,63,3.0,1.29,0.82,2.11,1.21,2.03,,603.0,,,,,,,,,2003-2004,Premier-League,,,,,,,,,,,,,,,
Southampton,28,28.1,,38,403,3420,38.0,43,27,70,41,2,2,54,3.0,1.13,0.71,1.84,1.08,1.79,,504.0,,,,,,,,,2003-2004,Premier-League,,,,,,,,,,,,,,,
Tottenham,28,26.2,,38,407,3420,38.0,47,33,80,44,3,3,61,0.0,1.24,0.87,2.11,1.16,2.03,,595.0,,,,,,,,,2003-2004,Premier-League,,,,,,,,,,,,,,,
Wolves,27,29.6,,38,428,3420,38.0,39,25,64,38,1,4,68,2.0,1.03,0.66,1.68,1.0,1.66,,520.0,,,,,,,,,2003-2004,Premier-League,,,,,,,,,,,,,,,
Augsburg,29,25.9,,34,374,3060,34.0,33,22,55,33,0,1,68,2.0,0.97,0.65,1.62,0.97,1.62,,541.0,,,,,,,,,2012-2013,Bundesliga,,,,,,,,,,,,,,,
Bayern Munich,24,26.1,,34,374,3060,34.0,94,79,173,90,4,5,37,1.0,2.76,2.32,5.09,2.65,4.97,,424.0,,,,,,,,,2012-2013,Bundesliga,,,,,,,,,,,,,,,
Dortmund,23,24.9,,34,374,3060,34.0,81,63,144,76,5,7,43,4.0,2.38,1.85,4.24,2.24,4.09,,436.0,,,,,,,,,2012-2013,Bundesliga,,,,,,,,,,,,,,,
Düsseldorf,28,26.6,,34,373,3060,34.0,36,21,57,33,3,4,80,3.0,1.06,0.62,1.68,0.97,1.59,,481.0,,,,,,,,,2012-2013,Bundesliga,,,,,,,,,,,,,,,
Eint Frankfurt,27,24.9,,34,374,3060,34.0,46,36,82,43,3,3,66,3.0,1.35,1.06,2.41,1.26,2.32,,510.0,,,,,,,,,2012-2013,Bundesliga,,,,,,,,,,,,,,,
Freiburg,27,24.4,,34,374,3060,34.0,44,30,74,40,4,4,58,3.0,1.29,0.88,2.18,1.18,2.06,,508.0,,,,,,,,,2012-2013,Bundesliga,,,,,,,,,,,,,,,
Gladbach,22,25.3,,34,374,3060,34.0,44,29,73,40,4,4,57,1.0,1.29,0.85,2.15,1.18,2.03,,432.0,,,,,,,,,2012-2013,Bundesliga,,,,,,,,,,,,,,,
Greuther Fürth,32,24.9,,34,374,3060,34.0,24,19,43,23,1,4,83,6.0,0.71,0.56,1.26,0.68,1.24,,624.0,,,,,,,,,2012-2013,Bundesliga,,,,,,,,,,,,,,,
Hamburger SV,25,24.9,,34,374,3060,34.0,42,36,78,40,2,3,69,4.0,1.24,1.06,2.29,1.18,2.24,,590.0,,,,,,,,,2012-2013,Bundesliga,,,,,,,,,,,,,,,
Hannover 96,25,26.8,,34,373,3060,34.0,59,41,100,53,6,6,81,4.0,1.74,1.21,2.94,1.56,2.76,,522.0,,,,,,,,,2012-2013,Bundesliga,,,,,,,,,,,,,,,
Hoffenheim,33,24.3,,34,374,3060,34.0,41,31,72,36,5,5,78,5.0,1.21,0.91,2.12,1.06,1.97,,571.0,,,,,,,,,2012-2013,Bundesliga,,,,,,,,,,,,,,,
Leverkusen,24,24.3,,34,374,3060,34.0,65,51,116,61,4,8,61,2.0,1.91,1.5,3.41,1.79,3.29,,498.0,,,,,,,,,2012-2013,Bundesliga,,,,,,,,,,,,,,,
Mainz 05,29,28.4,,34,373,3060,34.0,42,26,68,38,4,5,73,4.0,1.24,0.76,2.0,1.12,1.88,,494.0,,,,,,,,,2012-2013,Bundesliga,,,,,,,,,,,,,,,
Nürnberg,25,27.0,,34,374,3060,34.0,39,27,66,36,3,4,70,2.0,1.15,0.79,1.94,1.06,1.85,,570.0,,,,,,,,,2012-2013,Bundesliga,,,,,,,,,,,,,,,
Schalke 04,26,25.1,,34,374,3060,34.0,56,48,104,53,3,5,58,3.0,1.65,1.41,3.06,1.56,2.97,,491.0,,,,,,,,,2012-2013,Bundesliga,,,,,,,,,,,,,,,
Stuttgart,27,25.6,,34,374,3060,34.0,34,21,55,28,6,8,77,7.0,1.0,0.62,1.62,0.82,1.44,,529.0,,,,,,,,,2012-2013,Bundesliga,,,,,,,,,,,,,,,
Werder Bremen,24,24.2,,34,374,3060,34.0,49,37,86,44,5,6,63,6.0,1.44,1.09,2.53,1.29,2.38,,528.0,,,,,,,,,2012-2013,Bundesliga,,,,,,,,,,,,,,,
Wolfsburg,29,27.1,,34,374,3060,34.0,46,36,82,43,3,3,61,4.0,1.35,1.06,2.41,1.26,2.32,,584.0,,,,,,,,,2012-2013,Bundesliga,,,,,,,,,,,,,,,
Atalanta,29,26.7,,38,418,3420,38.0,45,24,69,44,1,1,89,8.0,1.18,0.63,1.82,1.16,1.79,,662.0,,,,,,,,,2008-2009,Serie-A,,,,,,,,,,,,,,,
Bologna,29,30.2,,38,418,3420,38.0,42,22,64,35,7,7,89,4.0,1.11,0.58,1.68,0.92,1.5,,686.0,,,,,,,,,2008-2009,Serie-A,,,,,,,,,,,,,,,
Cagliari,25,27.3,,38,418,3420,38.0,49,33,82,45,4,4,102,7.0,1.29,0.87,2.16,1.18,2.05,,629.0,,,,,,,,,2008-2009,Serie-A,,,,,,,,,,,,,,,
Catania,30,27.2,,38,418,3420,38.0,41,21,62,36,5,6,88,4.0,1.08,0.55,1.63,0.95,1.5,,823.0,,,,,,,,,2008-2009,Serie-A,,,,,,,,,,,,,,,
Chievo,33,28.8,,38,418,3420,38.0,34,21,55,30,4,4,109,9.0,0.89,0.55,1.45,0.79,1.34,,772.0,,,,,,,,,2008-2009,Serie-A,,,,,,,,,,,,,,,
Fiorentina,25,26.4,,38,418,3420,38.0,53,27,80,49,4,4,87,4.0,1.39,0.71,2.11,1.29,2.0,,758.0,,,,,,,,,2008-2009,Serie-A,,,,,,,,,,,,,,,
Genoa,26,26.8,,38,418,3420,38.0,56,33,89,49,7,8,104,9.0,1.47,0.87,2.34,1.29,2.16,,775.0,,,,,,,,,2008-2009,Serie-A,,,,,,,,,,,,,,,
Inter,29,28.4,,38,418,3420,38.0,65,45,110,61,4,6,86,4.0,1.71,1.18,2.89,1.61,2.79,,663.0,,,,,,,,,2008-2009,Serie-A,,,,,,,,,,,,,,,
Juventus,28,28.5,,38,418,3420,38.0,67,41,108,62,5,6,73,4.0,1.76,1.08,2.84,1.63,2.71,,720.0,,,,,,,,,2008-2009,Serie-A,,,,,,,,,,,,,,,
Lazio,29,26.3,,38,418,3420,38.0,45,25,70,43,2,5,91,6.0,1.18,0.66,1.84,1.13,1.79,,633.0,,,,,,,,,2008-2009,Serie-A,,,,,,,,,,,,,,,
Lecce,28,27.8,,38,418,3420,38.0,36,21,57,33,3,3,107,7.0,0.95,0.55,1.5,0.87,1.42,,785.0,,,,,,,,,2008-2009,Serie-A,,,,,,,,,,,,,,,
Milan,30,30.4,,38,418,3420,38.0,70,43,113,60,10,12,91,4.0,1.84,1.13,2.97,1.58,2.71,,635.0,,,,,,,,,2008-2009,Serie-A,,,,,,,,,,,,,,,
Napoli,27,26.0,,38,418,3420,38.0,42,27,69,40,2,3,93,7.0,1.11,0.71,1.82,1.05,1.76,,729.0,,,,,,,,,2008-2009,Serie-A,,,,,,,,,,,,,,,
Palermo,29,26.4,,38,418,3420,38.0,56,35,91,52,4,4,88,8.0,1.47,0.92,2.39,1.37,2.29,,711.0,,,,,,,,,2008-2009,Serie-A,,,,,,,,,,,,,,,
Reggina,32,26.4,,38,418,3420,38.0,29,16,45,22,7,8,97,6.0,0.76,0.42,1.18,0.58,1.0,,701.0,,,,,,,,,2008-2009,Serie-A,,,,,,,,,,,,,,,
Roma,29,27.9,,38,418,3420,38.0,64,34,98,58,6,7,95,12.0,1.68,0.89,2.58,1.53,2.42,,602.0,,,,,,,,,2008-2009,Serie-A,,,,,,,,,,,,,,,
Sampdoria,29,27.2,,38,418,3420,38.0,48,29,77,43,5,6,102,4.0,1.26,0.76,2.03,1.13,1.89,,728.0,,,,,,,,,2008-2009,Serie-A,,,,,,,,,,,,,,,
Siena,28,26.4,,38,418,3420,38.0,33,18,51,31,2,4,67,2.0,0.87,0.47,1.34,0.82,1.29,,657.0,,,,,,,,,2008-2009,Serie-A,,,,,,,,,,,,,,,
Torino,29,27.6,,38,418,3420,38.0,36,16,52,29,7,7,102,8.0,0.95,0.42,1.37,0.76,1.18,,834.0,,,,,,,,,2008-2009,Serie-A,,,,,,,,,,,,,,,
Udinese,26,24.3,,38,418,3420,38.0,61,34,95,51,10,12,77,3.0,1.61,0.89,2.5,1.34,2.24,,672.0,,,,,,,,,2008-2009,Serie-A,,,,,,,,,,,,,,,
Amiens,30,27.5,43.3,38,418,3420,38.0,36,24,60,33,3,4,74,5.0,0.95,0.63,1.58,0.87,1.5,2.0,504.0,459.0,69.0,590.0,523.0,445.0,4.0,4.0,0.0,2017-2018,Ligue-1,32.8,29.8,21.3,51.1,547.0,1178.0,0.86,0.56,1.42,0.78,1.35,2214.0,637.0,725.0,46.8
Angers,27,27.1,45.1,38,418,3420,38.0,41,30,71,37,4,4,70,3.0,1.08,0.79,1.87,0.97,1.76,2.0,492.0,436.0,59.0,653.0,410.0,427.0,3.0,7.0,4.0,2017-2018,Ligue-1,47.6,44.5,35.3,79.8,699.0,1430.0,1.25,0.93,2.18,1.17,2.1,2051.0,592.0,654.0,47.5
Bordeaux,31,25.1,50.6,38,418,3420,38.0,52,36,88,48,4,6,74,2.0,1.37,0.95,2.32,1.26,2.21,1.0,532.0,470.0,76.0,736.0,464.0,459.0,5.0,8.0,1.0,2017-2018,Ligue-1,51.0,46.1,35.9,82.0,875.0,1501.0,1.34,0.94,2.29,1.21,2.16,2227.0,578.0,631.0,47.8
Caen,26,27.3,45.5,38,418,3420,38.0,25,19,44,20,5,8,68,4.0,0.66,0.5,1.16,0.53,1.03,0.0,523.0,433.0,76.0,971.0,476.0,478.0,5.0,5.0,4.0,2017-2018,Ligue-1,42.8,36.6,29.6,66.3,598.0,1548.0,1.13,0.78,1.91,0.96,1.74,2371.0,814.0,770.0,51.4
Dijon,26,26.6,48.4,38,418,3420,38.0,52,36,88,47,5,5,70,5.0,1.37,0.95,2.32,1.24,2.18,1.0,492.0,471.0,73.0,567.0,544.0,462.0,5.0,14.0,3.0,2017-2018,Ligue-1,41.6,37.8,29.2,67.0,659.0,1320.0,1.09,0.77,1.86,1.0,1.76,2120.0,603.0,665.0,47.6
Guingamp,23,27.2,49.7,38,418,3420,38.0,46,27,73,40,6,7,67,2.0,1.21,0.71,1.92,1.05,1.76,2.0,498.0,517.0,100.0,727.0,475.0,437.0,5.0,7.0,1.0,2017-2018,Ligue-1,45.5,40.1,30.0,70.1,763.0,1519.0,1.2,0.79,1.99,1.06,1.85,2026.0,610.0,635.0,49.0
Lille,25,22.6,53.8,38,418,3420,38.0,41,31,72,39,2,2,61,6.0,1.08,0.82,1.89,1.03,1.84,2.0,482.0,430.0,87.0,614.0,492.0,453.0,2.0,7.0,3.0,2017-2018,Ligue-1,36.4,34.8,29.7,64.5,831.0,1581.0,0.96,0.78,1.74,0.92,1.7,2251.0,485.0,460.0,51.3
Lyon,26,24.4,55.6,38,418,3420,38.0,85,62,147,79,6,7,72,2.0,2.24,1.63,3.87,2.08,3.71,1.0,475.0,530.0,80.0,572.0,450.0,411.0,6.0,8.0,3.0,2017-2018,Ligue-1,63.4,58.3,43.9,102.2,949.0,1670.0,1.67,1.15,2.82,1.53,2.69,2142.0,573.0,458.0,55.6
Marseille,26,27.2,57.8,38,418,3420,38.0,79,54,133,74,5,8,81,2.0,2.08,1.42,3.5,1.95,3.37,0.0,508.0,481.0,78.0,864.0,448.0,505.0,7.0,6.0,2.0,2017-2018,Ligue-1,78.1,71.7,55.9,127.6,947.0,1586.0,2.06,1.47,3.53,1.89,3.36,2246.0,607.0,571.0,51.5
Metz,36,27.4,45.5,38,418,3420,38.0,33,27,60,30,3,4,80,7.0,0.87,0.71,1.58,0.79,1.5,2.0,532.0,435.0,56.0,701.0,511.0,458.0,2.0,5.0,2.0,2017-2018,Ligue-1,40.3,37.2,30.0,67.3,589.0,1518.0,1.06,0.79,1.85,0.98,1.77,2204.0,615.0,725.0,45.9
Monaco,32,25.8,50.9,38,418,3420,38.0,83,56,139,76,7,8,71,4.0,2.18,1.47,3.66,2.0,3.47,1.0,508.0,517.0,73.0,764.0,497.0,433.0,8.0,5.0,1.0,2017-2018,Ligue-1,62.3,56.1,43.1,99.2,735.0,1742.0,1.64,1.13,2.77,1.48,2.61,2069.0,612.0,609.0,50.1
Montpellier,23,26.4,47.0,38,418,3420,38.0,36,28,64,36,0,2,72,1.0,0.95,0.74,1.68,0.95,1.68,0.0,447.0,528.0,83.0,849.0,499.0,450.0,2.0,6.0,0.0,2017-2018,Ligue-1,42.6,41.0,31.0,72.1,749.0,1572.0,1.12,0.82,1.94,1.08,1.9,2220.0,633.0,554.0,53.3
Nantes,30,25.6,43.7,38,418,3420,38.0,36,24,60,32,4,5,68,6.0,0.95,0.63,1.58,0.84,1.47,5.0,490.0,409.0,85.0,789.0,426.0,510.0,4.0,4.0,1.0,2017-2018,Ligue-1,41.8,37.9,29.4,67.3,559.0,1405.0,1.1,0.77,1.87,1.0,1.77,2243.0,667.0,692.0,49.1
Nice,31,25.0,58.1,38,418,3420,38.0,52,35,87,44,8,10,82,4.0,1.37,0.92,2.29,1.16,2.08,2.0,445.0,533.0,63.0,572.0,437.0,398.0,9.0,5.0,3.0,2017-2018,Ligue-1,49.2,41.7,31.9,73.6,841.0,1637.0,1.3,0.84,2.14,1.1,1.94,1939.0,388.0,381.0,50.5
Paris S-G,28,26.1,66.3,38,418,3420,38.0,100,75,175,93,7,9,69,6.0,2.63,1.97,4.61,2.45,4.42,4.0,425.0,493.0,93.0,682.0,329.0,435.0,7.0,5.0,1.0,2017-2018,Ligue-1,86.1,79.3,65.1,144.4,1044.0,2068.0,2.26,1.71,3.98,2.09,3.8,2023.0,353.0,265.0,57.1
Rennes,28,24.2,49.9,38,418,3420,38.0,48,32,80,42,6,8,67,5.0,1.26,0.84,2.11,1.11,1.95,3.0,479.0,525.0,89.0,766.0,415.0,409.0,7.0,8.0,2.0,2017-2018,Ligue-1,49.8,43.6,33.0,76.5,619.0,1505.0,1.31,0.87,2.18,1.15,2.01,2194.0,674.0,642.0,51.2
Saint-Étienne,30,26.6,51.3,38,418,3420,38.0,45,31,76,38,7,11,72,8.0,1.18,0.82,2.0,1.0,1.82,1.0,510.0,492.0,90.0,657.0,401.0,447.0,10.0,7.0,1.0,2017-2018,Ligue-1,51.0,42.8,35.4,78.2,732.0,1552.0,1.34,0.93,2.27,1.13,2.06,2035.0,627.0,597.0,51.2
Strasbourg,25,27.2,49.1,38,418,3420,38.0,43,26,69,36,7,7,72,4.0,1.13,0.68,1.82,0.95,1.63,1.0,523.0,437.0,76.0,776.0,515.0,490.0,7.0,7.0,0.0,2017-2018,Ligue-1,45.5,40.0,29.8,69.8,658.0,1289.0,1.2,0.78,1.98,1.05,1.84,2087.0,700.0,664.0,51.3
Toulouse,25,23.9,45.7,38,418,3420,38.0,35,24,59,27,8,11,93,3.0,0.92,0.63,1.55,0.71,1.34,1.0,590.0,495.0,75.0,822.0,479.0,465.0,9.0,6.0,2.0,2017-2018,Ligue-1,45.5,37.0,29.1,66.1,667.0,1473.0,1.2,0.77,1.96,0.97,1.74,2074.0,748.0,672.0,52.7
Troyes,25,26.7,42.6,38,418,3420,38.0,30,21,51,28,2,3,78,7.0,0.79,0.55,1.34,0.74,1.29,2.0,495.0,388.0,63.0,689.0,437.0,410.0,3.0,5.0,1.0,2017-2018,Ligue-1,38.0,35.7,26.5,62.2,564.0,1333.0,1.0,0.7,1.7,0.94,1.64,2018.0,641.0,787.0,44.9
Arsenal,28,26.7,58.1,38,418,3420,38.0,69,52,121,65,4,5,74,2.0,1.82,1.37,3.18,1.71,3.08,1.0,412.0,455.0,89.0,605.0,412.0,366.0,4.0,7.0,1.0,2018-2019,Premier-League,60.1,56.0,46.7,102.7,868.0,1874.0,1.58,1.23,2.81,1.47,2.7,2000.0,555.0,637.0,46.6
Bournemouth,28,26.6,46.9,38,418,3420,38.0,55,43,98,48,7,9,60,1.0,1.45,1.13,2.58,1.26,2.39,0.0,340.0,441.0,57.0,613.0,371.0,299.0,8.0,5.0,3.0,2018-2019,Premier-League,53.3,46.2,38.8,85.0,738.0,1435.0,1.4,1.02,2.42,1.22,2.24,1910.0,701.0,736.0,48.8
Brighton,21,27.4,42.4,38,418,3420,38.0,35,24,59,30,5,6,62,4.0,0.92,0.63,1.55,0.79,1.42,1.0,463.0,301.0,90.0,636.0,463.0,391.0,5.0,10.0,0.0,2018-2019,Premier-League,35.3,30.7,24.5,55.2,475.0,1150.0,0.93,0.64,1.57,0.81,1.45,1979.0,824.0,780.0,51.4
Burnley,23,28.0,41.2,38,418,3420,38.0,43,32,75,41,2,2,75,1.0,1.13,0.84,1.97,1.08,1.92,0.0,360.0,356.0,106.0,692.0,367.0,311.0,1.0,3.0,4.0,2018-2019,Premier-League,44.4,42.8,31.2,74.0,421.0,1032.0,1.17,0.82,1.99,1.13,1.95,1955.0,1016.0,1025.0,49.8
Cardiff City,25,27.7,35.4,38,418,3420,38.0,33,20,53,30,3,4,66,1.0,0.87,0.53,1.39,0.79,1.32,0.0,374.0,390.0,77.0,562.0,529.0,375.0,2.0,7.0,0.0,2018-2019,Premier-League,42.4,39.2,27.6,66.8,434.0,918.0,1.11,0.73,1.84,1.03,1.76,1975.0,966.0,966.0,50.0
Chelsea,24,27.3,62.9,38,418,3420,38.0,61,52,113,56,5,5,49,0.0,1.61,1.37,2.97,1.47,2.84,0.0,339.0,424.0,83.0,692.0,353.0,365.0,5.0,2.0,0.0,2018-2019,Premier-League,58.6,54.6,44.9,99.6,1058.0,2155.0,1.54,1.18,2.72,1.44,2.62,2171.0,523.0,504.0,50.9
Crystal Palace,26,27.4,45.2,38,418,3420,38.0,48,33,81,38,10,11,59,2.0,1.26,0.87,2.13,1.0,1.87,1.0,386.0,391.0,78.0,577.0,445.0,446.0,10.0,5.0,1.0,2018-2019,Premier-League,47.6,39.2,29.5,68.7,771.0,1458.0,1.25,0.78,2.03,1.03,1.81,1996.0,680.0,706.0,49.1
Everton,23,25.7,51.5,38,418,3420,38.0,53,34,87,51,2,5,57,4.0,1.39,0.89,2.29,1.34,2.24,1.0,432.0,418.0,69.0,814.0,453.0,441.0,4.0,5.0,2.0,2018-2019,Premier-League,49.7,45.7,33.7,79.4,697.0,1581.0,1.31,0.89,2.19,1.2,2.09,2157.0,872.0,877.0,49.9
Fulham,28,26.0,48.8,38,418,3420,38.0,33,24,57,31,2,3,72,2.0,0.87,0.63,1.5,0.82,1.45,2.0,423.0,342.0,90.0,611.0,434.0,362.0,2.0,7.0,2.0,2018-2019,Premier-League,41.3,39.0,30.0,69.0,628.0,1487.0,1.09,0.79,1.88,1.03,1.82,2072.0,742.0,718.0,50.8
Huddersfield,31,26.2,47.2,38,418,3420,38.0,21,13,34,20,1,1,57,4.0,0.55,0.34,0.89,0.53,0.87,1.0,420.0,370.0,63.0,768.0,531.0,425.0,1.0,9.0,1.0,2018-2019,Premier-League,28.8,28.0,19.9,47.9,601.0,1248.0,0.76,0.52,1.28,0.74,1.26,2063.0,844.0,807.0,51.1
Leicester City,25,25.9,50.9,38,418,3420,38.0,48,34,82,43,5,7,63,5.0,1.26,0.89,2.16,1.13,2.03,3.0,351.0,378.0,72.0,779.0,438.0,393.0,6.0,5.0,0.0,2018-2019,Premier-League,52.4,47.3,37.6,84.9,752.0,1537.0,1.38,0.99,2.37,1.24,2.23,2087.0,811.0,679.0,54.4
Liverpool,23,26.1,61.8,38,418,3420,38.0,86,55,141,79,7,7,41,2.0,2.26,1.45,3.71,2.08,3.53,2.0,315.0,347.0,77.0,721.0,314.0,377.0,7.0,1.0,0.0,2018-2019,Premier-League,73.7,68.4,49.8,118.2,857.0,2008.0,1.94,1.31,3.25,1.8,3.11,2111.0,593.0,587.0,50.3
Manchester City,21,26.7,67.9,38,418,3420,38.0,91,71,162,88,3,4,44,1.0,2.39,1.87,4.26,2.32,4.18,0.0,328.0,301.0,98.0,783.0,362.0,327.0,4.0,4.0,0.0,2018-2019,Premier-League,84.3,81.3,65.5,146.7,1325.0,2429.0,2.22,1.72,3.94,2.14,3.86,2000.0,540.0,522.0,50.8
Manchester Utd,28,26.3,54.7,38,418,3420,38.0,65,40,105,56,9,12,77,4.0,1.71,1.05,2.76,1.47,2.53,2.0,433.0,397.0,90.0,638.0,355.0,347.0,11.0,6.0,3.0,2018-2019,Premier-League,61.4,52.0,39.6,91.6,801.0,1668.0,1.62,1.04,2.66,1.37,2.41,1969.0,687.0,550.0,55.5
Newcastle Utd,24,26.9,40.4,38,418,3420,38.0,41,33,74,40,1,3,57,2.0,1.08,0.87,1.95,1.05,1.92,0.0,423.0,332.0,59.0,711.0,506.0,433.0,2.0,6.0,1.0,2018-2019,Premier-League,39.1,36.7,27.4,64.1,467.0,985.0,1.03,0.72,1.75,0.97,1.69,2034.0,785.0,914.0,46.2
Southampton,30,25.4,43.4,38,418,3420,38.0,44,27,71,40,4,5,75,3.0,1.16,0.71,1.87,1.05,1.76,2.0,420.0,341.0,61.0,666.0,549.0,428.0,4.0,3.0,3.0,2018-2019,Premier-League,46.9,43.4,29.3,72.7,603.0,1333.0,1.23,0.77,2.0,1.14,1.91,2053.0,767.0,873.0,46.8
Tottenham,28,26.8,59.0,38,418,3420,38.0,66,47,113,62,4,4,58,3.0,1.74,1.24,2.97,1.63,2.87,1.0,376.0,364.0,74.0,643.0,325.0,373.0,3.0,5.0,3.0,2018-2019,Premier-League,54.9,51.8,39.1,90.9,840.0,1744.0,1.44,1.03,2.47,1.36,2.39,2107.0,599.0,611.0,49.5
Watford,25,28.5,46.7,38,418,3420,38.0,51,39,90,50,1,1,80,4.0,1.34,1.03,2.37,1.32,2.34,1.0,433.0,382.0,89.0,570.0,428.0,391.0,1.0,5.0,3.0,2018-2019,Premier-League,48.2,47.5,34.8,82.3,588.0,1294.0,1.27,0.92,2.19,1.25,2.17,2021.0,753.0,797.0,48.6
West Ham,26,27.6,48.6,38,418,3420,38.0,51,33,84,46,5,5,59,1.0,1.34,0.87,2.21,1.21,2.08,0.0,331.0,388.0,71.0,631.0,457.0,393.0,5.0,5.0,1.0,2018-2019,Premier-League,47.6,43.8,34.1,77.9,731.0,1478.0,1.25,0.9,2.15,1.15,2.05,2104.0,636.0,620.0,50.6
Wolves,21,26.1,46.8,38,418,3420,38.0,46,35,81,42,4,4,73,1.0,1.21,0.92,2.13,1.11,2.03,0.0,409.0,325.0,73.0,622.0,501.0,408.0,4.0,4.0,4.0,2018-2019,Premier-League,52.1,49.0,39.4,88.4,743.0,1350.0,1.37,1.04,2.41,1.29,2.33,2239.0,803.0,788.0,50.5
Arsenal,25,27.0,58.3,38,418,3420,38.0,62,53,115,61,1,2,45,0.0,1.63,1.39,3.03,1.61,3.0,,348.0,,,,,,,,,2015-2016,Premier-League,,,,,,,,,,,,,,,
Aston Villa,29,26.6,46.4,38,418,3420,38.0,24,19,43,22,2,2,77,0.0,0.63,0.5,1.13,0.58,1.08,,429.0,,,,,,,,,2015-2016,Premier-League,,,,,,,,,,,,,,,
Bournemouth,28,27.7,51.2,38,418,3420,38.0,43,28,71,40,3,4,53,0.0,1.13,0.74,1.87,1.05,1.79,,361.0,,,,,,,,,2015-2016,Premier-League,,,,,,,,,,,,,,,
Chelsea,28,26.8,56.2,38,418,3420,38.0,55,40,95,51,4,5,62,0.0,1.45,1.05,2.5,1.34,2.39,,401.0,,,,,,,,,2015-2016,Premier-League,,,,,,,,,,,,,,,
Crystal Palace,30,27.7,45.8,38,418,3420,38.0,38,21,59,34,4,5,62,0.0,1.0,0.55,1.55,0.89,1.45,,465.0,,,,,,,,,2015-2016,Premier-League,,,,,,,,,,,,,,,
Everton,31,26.5,51.9,38,418,3420,38.0,56,44,100,52,4,5,50,0.0,1.47,1.16,2.63,1.37,2.53,,306.0,,,,,,,,,2015-2016,Premier-League,,,,,,,,,,,,,,,
Leicester City,23,27.7,42.6,38,418,3420,38.0,68,43,111,58,10,13,54,0.0,1.79,1.13,2.92,1.53,2.66,,406.0,,,,,,,,,2015-2016,Premier-League,,,,,,,,,,,,,,,
Liverpool,34,25.2,57.2,38,418,3420,38.0,62,50,112,60,2,2,67,0.0,1.63,1.32,2.95,1.58,2.89,,410.0,,,,,,,,,2015-2016,Premier-League,,,,,,,,,,,,,,,
Manchester City,25,28.3,56.9,38,418,3420,38.0,71,53,124,66,5,8,63,0.0,1.87,1.39,3.26,1.74,3.13,,409.0,,,,,,,,,2015-2016,Premier-League,,,,,,,,,,,,,,,
Manchester Utd,33,25.6,58.5,38,418,3420,38.0,46,31,77,43,3,3,67,0.0,1.21,0.82,2.03,1.13,1.95,,473.0,,,,,,,,,2015-2016,Premier-League,,,,,,,,,,,,,,,
Newcastle Utd,31,25.4,46.6,38,418,3420,38.0,43,34,77,40,3,3,61,0.0,1.13,0.89,2.03,1.05,1.95,,419.0,,,,,,,,,2015-2016,Premier-League,,,,,,,,,,,,,,,
Norwich City,28,27.7,46.0,38,418,3420,38.0,38,27,65,37,1,1,64,0.0,1.0,0.71,1.71,0.97,1.68,,431.0,,,,,,,,,2015-2016,Premier-League,,,,,,,,,,,,,,,
Southampton,26,26.4,49.2,38,418,3420,38.0,58,45,103,55,3,4,63,0.0,1.53,1.18,2.71,1.45,2.63,,417.0,,,,,,,,,2015-2016,Premier-League,,,,,,,,,,,,,,,
Stoke City,27,27.4,49.7,38,418,3420,38.0,40,29,69,35,5,5,53,0.0,1.05,0.76,1.82,0.92,1.68,,420.0,,,,,,,,,2015-2016,Premier-League,,,,,,,,,,,,,,,
Sunderland,31,27.3,41.0,38,418,3420,38.0,44,30,74,41,3,3,68,0.0,1.16,0.79,1.95,1.08,1.87,,484.0,,,,,,,,,2015-2016,Premier-League,,,,,,,,,,,,,,,
Swansea City,27,27.6,52.5,38,418,3420,38.0,41,25,66,36,5,5,60,0.0,1.08,0.66,1.74,0.95,1.61,,392.0,,,,,,,,,2015-2016,Premier-League,,,,,,,,,,,,,,,
Tottenham,24,24.5,57.4,38,418,3420,38.0,68,50,118,63,5,5,72,0.0,1.79,1.32,3.11,1.66,2.97,,451.0,,,,,,,,,2015-2016,Premier-League,,,,,,,,,,,,,,,
Watford,25,28.2,45.1,38,418,3420,38.0,38,18,56,32,6,7,77,0.0,1.0,0.47,1.47,0.84,1.32,,455.0,,,,,,,,,2015-2016,Premier-League,,,,,,,,,,,,,,,
West Brom,28,29.1,39.8,38,418,3420,38.0,32,25,57,31,1,5,65,0.0,0.84,0.66,1.5,0.82,1.47,,400.0,,,,,,,,,2015-2016,Premier-League,,,,,,,,,,,,,,,
West Ham,28,26.6,48.4,38,418,3420,38.0,64,38,102,60,4,4,57,0.0,1.68,1.0,2.68,1.58,2.58,,381.0,,,,,,,,,2015-2016,Premier-League,,,,,,,,,,,,,,,
Augsburg,27,27.4,46.9,34,374,3060,34.0,40,20,60,33,7,7,82,0.0,1.18,0.59,1.76,0.97,1.56,,533.0,,,,,,,,,2015-2016,Bundesliga,,,,,,,,,,,,,,,
Bayern Munich,25,26.8,70.1,34,374,3060,34.0,79,54,133,71,8,9,50,0.0,2.32,1.59,3.91,2.09,3.68,,393.0,,,,,,,,,2015-2016,Bundesliga,,,,,,,,,,,,,,,
Darmstadt 98,23,27.5,33.2,34,374,3060,34.0,38,30,68,36,2,4,88,0.0,1.12,0.88,2.0,1.06,1.94,,552.0,,,,,,,,,2015-2016,Bundesliga,,,,,,,,,,,,,,,
Dortmund,26,25.6,63.9,34,374,3060,34.0,80,64,144,76,4,6,39,,2.35,1.88,4.24,2.24,4.12,,386.0,,,,,,,,,2015-2016,Bundesliga,,,,,,,,,,,,,,,
Eint Frankfurt,30,26.7,48.0,34,374,3060,34.0,32,25,57,30,2,2,99,0.0,0.94,0.74,1.68,0.88,1.62,,519.0,,,,,,,,,2015-2016,Bundesliga,,,,,,,,,,,,,,,
Gladbach,26,24.9,56.0,34,374,3060,34.0,64,47,111,60,4,5,49,0.0,1.88,1.38,3.26,1.76,3.15,,454.0,,,,,,,,,2015-2016,Bundesliga,,,,,,,,,,,,,,,
Hamburger SV,28,27.1,48.7,34,374,3060,34.0,37,26,63,34,3,3,75,0.0,1.09,0.76,1.85,1.0,1.76,,583.0,,,,,,,,,2015-2016,Bundesliga,,,,,,,,,,,,,,,
Hannover 96,33,25.6,45.9,34,374,3060,34.0,30,21,51,28,2,3,66,0.0,0.88,0.62,1.5,0.82,1.44,,513.0,,,,,,,,,2015-2016,Bundesliga,,,,,,,,,,,,,,,
Hertha BSC,26,26.1,49.7,34,374,3060,34.0,41,31,72,38,3,3,71,0.0,1.21,0.91,2.12,1.12,2.03,,479.0,,,,,,,,,2015-2016,Bundesliga,,,,,,,,,,,,,,,
Hoffenheim,26,24.1,46.1,34,374,3060,34.0,39,26,65,36,3,6,63,0.0,1.15,0.76,1.91,1.06,1.82,,473.0,,,,,,,,,2015-2016,Bundesliga,,,,,,,,,,,,,,,
Ingolstadt 04,25,26.3,45.2,34,374,3060,34.0,33,20,53,24,9,10,83,0.0,0.97,0.59,1.56,0.71,1.29,,513.0,,,,,,,,,2015-2016,Bundesliga,,,,,,,,,,,,,,,
Köln,23,25.1,45.2,34,374,3060,34.0,38,30,68,35,3,4,56,0.0,1.12,0.88,2.0,1.03,1.91,,437.0,,,,,,,,,2015-2016,Bundesliga,,,,,,,,,,,,,,,
Leverkusen,27,24.1,53.1,34,374,3060,34.0,51,36,87,49,2,3,70,0.0,1.5,1.06,2.56,1.44,2.5,,526.0,,,,,,,,,2015-2016,Bundesliga,,,,,,,,,,,,,,,
Mainz 05,29,25.0,46.1,34,374,3060,34.0,46,31,77,45,1,1,54,0.0,1.35,0.91,2.26,1.32,2.24,,523.0,,,,,,,,,2015-2016,Bundesliga,,,,,,,,,,,,,,,
Schalke 04,28,24.9,52.2,34,374,3060,34.0,47,37,84,44,3,5,64,0.0,1.38,1.09,2.47,1.29,2.38,,504.0,,,,,,,,,2015-2016,Bundesliga,,,,,,,,,,,,,,,
Stuttgart,31,26.0,47.9,34,374,3060,34.0,48,34,82,44,4,4,72,0.0,1.41,1.0,2.41,1.29,2.29,,499.0,,,,,,,,,2015-2016,Bundesliga,,,,,,,,,,,,,,,
Werder Bremen,30,26.6,44.9,34,374,3060,34.0,49,32,81,43,6,9,80,0.0,1.44,0.94,2.38,1.26,2.21,,512.0,,,,,,,,,2015-2016,Bundesliga,,,,,,,,,,,,,,,
Wolfsburg,29,27.0,57.6,34,374,3060,34.0,46,39,85,43,3,3,59,0.0,1.35,1.15,2.5,1.26,2.41,,459.0,,,,,,,,,2015-2016,Bundesliga,,,,,,,,,,,,,,,
Augsburg,25,27.6,52.3,34,374,3060,34.0,43,29,72,36,7,9,63,0.0,1.26,0.85,2.12,1.06,1.91,,533.0,,,,,,,,,2014-2015,Bundesliga,,,,,,,,,,,,,,,
Bayern Munich,28,26.6,70.4,34,374,3060,34.0,78,49,127,72,6,6,37,0.0,2.29,1.44,3.74,2.12,3.56,,393.0,,,,,,,,,2014-2015,Bundesliga,,,,,,,,,,,,,,,
Dortmund,28,26.5,55.3,34,374,3060,34.0,46,39,85,44,2,3,54,,1.35,1.15,2.5,1.29,2.44,,436.0,,,,,,,,,2014-2015,Bundesliga,,,,,,,,,,,,,,,
Eint Frankfurt,26,25.9,49.5,34,374,3060,34.0,54,33,87,51,3,4,89,0.0,1.59,0.97,2.56,1.5,2.47,,544.0,,,,,,,,,2014-2015,Bundesliga,,,,,,,,,,,,,,,
Freiburg,27,25.1,48.4,34,374,3060,34.0,36,26,62,30,6,9,66,0.0,1.06,0.76,1.82,0.88,1.65,,481.0,,,,,,,,,2014-2015,Bundesliga,,,,,,,,,,,,,,,
Gladbach,19,25.7,53.5,34,374,3060,34.0,53,39,92,50,3,3,56,0.0,1.56,1.15,2.71,1.47,2.62,,400.0,,,,,,,,,2014-2015,Bundesliga,,,,,,,,,,,,,,,
Hamburger SV,31,27.3,46.8,34,374,3060,34.0,22,15,37,19,3,3,89,0.0,0.65,0.44,1.09,0.56,1.0,,590.0,,,,,,,,,2014-2015,Bundesliga,,,,,,,,,,,,,,,
Hannover 96,25,26.0,51.3,34,374,3060,34.0,38,26,64,36,2,3,83,0.0,1.12,0.76,1.88,1.06,1.82,,545.0,,,,,,,,,2014-2015,Bundesliga,,,,,,,,,,,,,,,
Hertha BSC,26,26.2,40.5,34,374,3060,34.0,35,18,53,31,4,4,78,0.0,1.03,0.53,1.56,0.91,1.44,,575.0,,,,,,,,,2014-2015,Bundesliga,,,,,,,,,,,,,,,
Hoffenheim,23,24.8,49.0,34,374,3060,34.0,48,33,81,44,4,5,68,0.0,1.41,0.97,2.38,1.29,2.26,,577.0,,,,,,,,,2014-2015,Bundesliga,,,,,,,,,,,,,,,
Köln,23,25.1,42.8,34,374,3060,34.0,33,20,53,29,4,4,48,0.0,0.97,0.59,1.56,0.85,1.44,,392.0,,,,,,,,,2014-2015,Bundesliga,,,,,,,,,,,,,,,
Leverkusen,22,24.9,51.7,34,374,3060,34.0,62,36,98,62,0,1,80,0.0,1.82,1.06,2.88,1.82,2.88,,577.0,,,,,,,,,2014-2015,Bundesliga,,,,,,,,,,,,,,,
Mainz 05,29,25.3,48.9,34,374,3060,34.0,44,26,70,39,5,5,52,0.0,1.29,0.76,2.06,1.15,1.91,,472.0,,,,,,,,,2014-2015,Bundesliga,,,,,,,,,,,,,,,
Paderborn 07,24,26.8,43.2,34,374,3060,34.0,30,21,51,29,1,1,53,0.0,0.88,0.62,1.5,0.85,1.47,,465.0,,,,,,,,,2014-2015,Bundesliga,,,,,,,,,,,,,,,
Schalke 04,29,25.2,51.1,34,374,3060,34.0,40,29,69,38,2,3,68,0.0,1.18,0.85,2.03,1.12,1.97,,503.0,,,,,,,,,2014-2015,Bundesliga,,,,,,,,,,,,,,,
Stuttgart,24,24.9,47.5,34,374,3060,34.0,41,29,70,40,1,1,64,0.0,1.21,0.85,2.06,1.18,2.03,,492.0,,,,,,,,,2014-2015,Bundesliga,,,,,,,,,,,,,,,
Werder Bremen,31,25.7,43.4,34,374,3060,34.0,49,36,85,45,4,5,70,0.0,1.44,1.06,2.5,1.32,2.38,,556.0,,,,,,,,,2014-2015,Bundesliga,,,,,,,,,,,,,,,
Wolfsburg,22,26.1,54.9,34,374,3060,34.0,71,50,121,68,3,4,45,0.0,2.09,1.47,3.56,2.0,3.47,,430.0,,,,,,,,,2014-2015,Bundesliga,,,,,,,,,,,,,,,
Arsenal,25,25.1,,38,417,3420,38.0,60,48,108,50,10,11,60,3.0,1.58,1.26,2.84,1.32,2.58,,367.0,,,,,,,,,2006-2007,Premier-League,,,,,,,,,,,,,,,
Aston Villa,30,25.5,,38,436,3420,38.0,45,31,76,39,6,8,48,1.0,1.18,0.82,2.0,1.03,1.84,,541.0,,,,,,,,,2006-2007,Premier-League,,,,,,,,,,,,,,,
Blackburn,29,28.2,,38,399,3420,38.0,49,33,82,44,5,7,84,8.0,1.29,0.87,2.16,1.16,2.03,,497.0,,,,,,,,,2006-2007,Premier-League,,,,,,,,,,,,,,,
Bolton,23,28.2,,38,423,3420,38.0,45,35,80,39,6,7,85,4.0,1.18,0.92,2.11,1.03,1.95,,528.0,,,,,,,,,2006-2007,Premier-League,,,,,,,,,,,,,,,
Charlton Ath,29,27.0,,38,429,3420,38.0,32,22,54,28,4,4,60,4.0,0.84,0.58,1.42,0.74,1.32,,443.0,,,,,,,,,2006-2007,Premier-League,,,,,,,,,,,,,,,
Chelsea,26,26.7,,38,418,3420,38.0,58,49,107,55,3,4,66,4.0,1.53,1.29,2.82,1.45,2.74,,437.0,,,,,,,,,2006-2007,Premier-League,,,,,,,,,,,,,,,
Everton,26,27.0,,38,411,3420,38.0,50,35,85,42,8,8,69,2.0,1.32,0.92,2.24,1.11,2.03,,523.0,,,,,,,,,2006-2007,Premier-League,,,,,,,,,,,,,,,
Fulham,25,28.2,,38,424,3420,38.0,36,27,63,33,3,3,60,3.0,0.95,0.71,1.66,0.87,1.58,,459.0,,,,,,,,,2006-2007,Premier-League,,,,,,,,,,,,,,,
Liverpool,29,26.1,,38,419,3420,38.0,56,44,100,50,6,7,43,0.0,1.47,1.16,2.63,1.32,2.47,,446.0,,,,,,,,,2006-2007,Premier-League,,,,,,,,,,,,,,,
Manchester City,29,26.1,,38,394,3420,38.0,28,21,49,26,2,4,62,4.0,0.74,0.55,1.29,0.68,1.24,,493.0,,,,,,,,,2006-2007,Premier-League,,,,,,,,,,,,,,,
Manchester Utd,25,27.3,,38,418,3420,38.0,80,60,140,75,5,6,58,1.0,2.11,1.58,3.68,1.97,3.55,,426.0,,,,,,,,,2006-2007,Premier-League,,,,,,,,,,,,,,,
Middlesbrough,27,25.4,,38,418,3420,38.0,43,33,76,39,4,5,66,2.0,1.13,0.87,2.0,1.03,1.89,,489.0,,,,,,,,,2006-2007,Premier-League,,,,,,,,,,,,,,,
Newcastle Utd,29,26.1,,38,418,3420,38.0,38,26,64,33,5,5,67,1.0,1.0,0.68,1.68,0.87,1.55,,461.0,,,,,,,,,2006-2007,Premier-League,,,,,,,,,,,,,,,
Portsmouth,25,28.3,,38,405,3420,38.0,40,31,71,38,2,3,51,1.0,1.05,0.82,1.87,1.0,1.82,,505.0,,,,,,,,,2006-2007,Premier-League,,,,,,,,,,,,,,,
Reading,23,26.9,,38,418,3420,38.0,48,38,86,45,3,3,41,3.0,1.26,1.0,2.26,1.18,2.18,,400.0,,,,,,,,,2006-2007,Premier-League,,,,,,,,,,,,,,,
Sheffield Utd,32,26.0,,38,408,3420,38.0,31,21,52,29,2,4,68,2.0,0.82,0.55,1.37,0.76,1.32,,438.0,,,,,,,,,2006-2007,Premier-League,,,,,,,,,,,,,,,
Tottenham,26,25.1,,38,418,3420,38.0,56,37,93,51,5,5,47,4.0,1.47,0.97,2.45,1.34,2.32,0.0,410.0,,,,,,,,,2006-2007,Premier-League,,,,,,,,,,,,,,,
Watford,33,25.2,,38,390,3420,38.0,24,18,42,21,3,3,49,2.0,0.63,0.47,1.11,0.55,1.03,,517.0,,,,,,,,,2006-2007,Premier-League,,,,,,,,,,,,,,,
West Ham,30,25.4,,38,442,3420,38.0,35,26,61,34,1,3,86,2.0,0.92,0.68,1.61,0.89,1.58,0.0,557.0,,,,,,,,,2006-2007,Premier-League,,,,,,,,,,,,,,,
Wigan Athletic,30,27.7,,38,415,3420,38.0,37,24,61,34,3,6,77,3.0,0.97,0.63,1.61,0.89,1.53,,510.0,,,,,,,,,2006-2007,Premier-League,,,,,,,,,,,,,,,
Augsburg,27,26.6,45.7,34,374,3060,34.0,41,30,71,37,4,4,68,,1.21,0.88,2.09,1.09,1.97,1.0,490.0,411.0,70.0,757.0,400.0,543.0,4.0,3.0,0.0,2017-2018,Bundesliga,44.7,41.6,32.3,73.9,524.0,1117.0,1.32,0.95,2.27,1.22,2.17,1616.0,700.0,774.0,47.5
Bayern Munich,28,27.4,66.1,34,374,3060,34.0,90,72,162,84,6,8,42,,2.65,2.12,4.76,2.47,4.59,0.0,366.0,413.0,67.0,893.0,355.0,467.0,7.0,4.0,3.0,2017-2018,Bundesliga,75.8,69.8,58.8,128.5,755.0,2333.0,2.23,1.73,3.96,2.05,3.78,1687.0,518.0,448.0,53.6
Dortmund,30,25.9,59.1,34,374,3060,34.0,62,44,106,59,3,6,41,,1.82,1.29,3.12,1.74,3.03,1.0,403.0,422.0,83.0,585.0,336.0,510.0,4.0,3.0,0.0,2017-2018,Bundesliga,66.0,61.4,48.9,110.3,733.0,1712.0,1.94,1.44,3.38,1.81,3.24,1472.0,580.0,516.0,52.9
Eint Frankfurt,28,26.4,47.9,34,374,3060,34.0,44,34,78,42,2,2,72,,1.29,1.0,2.29,1.24,2.24,0.0,526.0,453.0,85.0,586.0,409.0,483.0,2.0,3.0,2.0,2017-2018,Bundesliga,42.2,40.9,30.7,71.6,492.0,1292.0,1.24,0.9,2.14,1.2,2.11,1576.0,676.0,708.0,48.8
Freiburg,29,24.8,44.8,34,374,3060,34.0,32,21,53,26,6,10,56,,0.94,0.62,1.56,0.76,1.38,3.0,446.0,429.0,40.0,471.0,392.0,465.0,8.0,5.0,4.0,2017-2018,Bundesliga,39.6,31.7,25.0,56.8,399.0,1061.0,1.16,0.74,1.9,0.93,1.67,1292.0,707.0,771.0,47.8
Gladbach,27,25.7,52.0,34,374,3060,34.0,46,26,72,40,6,7,47,,1.35,0.76,2.12,1.18,1.94,0.0,398.0,411.0,73.0,490.0,384.0,488.0,5.0,4.0,1.0,2017-2018,Bundesliga,51.1,45.8,35.0,80.8,578.0,1385.0,1.5,1.03,2.53,1.35,2.38,1428.0,516.0,504.0,50.6
Hamburger SV,29,25.0,49.0,34,374,3060,34.0,28,18,46,25,3,5,63,,0.82,0.53,1.35,0.74,1.26,3.0,499.0,467.0,61.0,668.0,367.0,543.0,3.0,4.0,1.0,2017-2018,Bundesliga,37.7,33.8,24.1,58.0,568.0,1283.0,1.11,0.71,1.82,0.99,1.7,1631.0,678.0,778.0,46.6
Hannover 96,26,26.4,46.9,34,374,3060,34.0,44,26,70,40,4,5,63,,1.29,0.76,2.06,1.18,1.94,0.0,487.0,503.0,53.0,579.0,382.0,490.0,5.0,4.0,0.0,2017-2018,Bundesliga,44.6,40.6,30.7,71.4,472.0,1237.0,1.31,0.9,2.22,1.2,2.1,1502.0,787.0,681.0,53.6
Hertha BSC,25,26.4,46.1,34,374,3060,34.0,43,32,75,39,4,5,49,,1.26,0.94,2.21,1.15,2.09,0.0,494.0,465.0,47.0,528.0,386.0,488.0,5.0,7.0,1.0,2017-2018,Bundesliga,39.2,35.3,27.8,63.1,426.0,1219.0,1.15,0.82,1.97,1.04,1.86,1321.0,665.0,667.0,49.9
Hoffenheim,26,25.0,51.2,34,374,3060,34.0,64,47,111,60,4,5,71,,1.88,1.38,3.26,1.76,3.15,0.0,506.0,438.0,78.0,592.0,345.0,516.0,5.0,4.0,2.0,2017-2018,Bundesliga,50.5,46.6,36.6,83.2,644.0,1351.0,1.48,1.08,2.56,1.37,2.45,1513.0,441.0,479.0,47.9
Köln,31,25.3,47.4,34,374,3060,34.0,33,24,57,30,3,3,70,,0.97,0.71,1.68,0.88,1.59,1.0,479.0,478.0,81.0,663.0,389.0,502.0,2.0,9.0,0.0,2017-2018,Bundesliga,43.2,41.0,29.8,70.8,507.0,1331.0,1.27,0.88,2.15,1.21,2.08,1593.0,643.0,649.0,49.8
Leverkusen,24,24.0,54.6,34,374,3060,34.0,58,46,104,55,3,5,57,,1.71,1.35,3.06,1.62,2.97,1.0,451.0,485.0,58.0,658.0,390.0,482.0,4.0,6.0,0.0,2017-2018,Bundesliga,57.5,53.6,42.4,95.9,696.0,1661.0,1.69,1.25,2.94,1.58,2.82,1717.0,552.0,618.0,47.2
Mainz 05,27,25.3,44.4,34,374,3060,34.0,38,27,65,34,4,4,63,,1.12,0.79,1.91,1.0,1.79,2.0,531.0,435.0,67.0,546.0,402.0,522.0,3.0,7.0,1.0,2017-2018,Bundesliga,35.4,32.3,25.5,57.8,484.0,1116.0,1.04,0.75,1.79,0.95,1.7,1512.0,683.0,657.0,51.0
RB Leipzig,23,23.4,55.0,34,374,3060,34.0,57,43,100,53,4,5,48,,1.68,1.26,2.94,1.56,2.82,3.0,452.0,485.0,87.0,521.0,397.0,509.0,4.0,5.0,0.0,2017-2018,Bundesliga,51.9,48.0,39.6,87.6,778.0,1591.0,1.53,1.17,2.69,1.41,2.58,1700.0,638.0,544.0,54.0
Schalke 04,24,26.1,46.6,34,374,3060,34.0,50,33,83,40,10,10,66,,1.47,0.97,2.44,1.18,2.15,1.0,549.0,504.0,81.0,583.0,498.0,534.0,9.0,6.0,1.0,2017-2018,Bundesliga,46.7,38.9,31.4,70.3,776.0,1248.0,1.37,0.92,2.3,1.14,2.07,1871.0,558.0,510.0,52.2
Stuttgart,26,25.6,46.6,34,374,3060,34.0,35,22,57,34,1,3,59,,1.03,0.65,1.68,1.0,1.65,2.0,462.0,429.0,72.0,610.0,414.0,496.0,2.0,6.0,0.0,2017-2018,Bundesliga,40.3,38.0,26.3,64.3,474.0,1026.0,1.19,0.77,1.96,1.12,1.89,1477.0,627.0,694.0,47.5
Werder Bremen,25,26.3,47.4,34,374,3060,34.0,34,27,61,34,0,0,55,,1.0,0.79,1.79,1.0,1.79,0.0,522.0,443.0,69.0,655.0,421.0,435.0,0.0,4.0,2.0,2017-2018,Bundesliga,38.9,38.9,31.6,70.5,572.0,1473.0,1.14,0.93,2.07,1.14,2.07,1368.0,636.0,617.0,50.8
Wolfsburg,29,25.1,49.3,34,374,3060,34.0,36,26,62,35,1,6,65,,1.06,0.76,1.82,1.03,1.79,5.0,444.0,499.0,57.0,556.0,403.0,430.0,6.0,9.0,2.0,2017-2018,Bundesliga,34.2,29.7,21.5,51.2,502.0,1304.0,1.01,0.63,1.64,0.87,1.51,1300.0,601.0,591.0,50.4
Almería,24,25.8,,38,418,3420,38.0,45,20,65,40,5,5,100,11.0,1.18,0.53,1.71,1.05,1.58,,674.0,,,,,,,,,2008-2009,La-Liga,,,,,,,,,,,,,,,
Athletic Club,30,25.4,,38,418,3420,38.0,46,21,67,39,7,9,120,13.0,1.21,0.55,1.76,1.03,1.58,,705.0,,,,,,,,,2008-2009,La-Liga,,,,,,,,,,,,,,,
Atlético Madrid,22,27.4,,38,418,3420,38.0,78,39,117,72,6,7,117,6.0,2.05,1.03,3.08,1.89,2.92,,642.0,,,,,,,,,2008-2009,La-Liga,,,,,,,,,,,,,,,
Barcelona,29,26.3,,38,418,3420,38.0,102,66,168,97,5,7,77,6.0,2.68,1.74,4.42,2.55,4.29,,492.0,,,,,,,,,2008-2009,La-Liga,,,,,,,,,,,,,,,
Betis,29,27.3,,38,418,3420,38.0,51,26,77,48,3,4,107,8.0,1.34,0.68,2.03,1.26,1.95,,641.0,,,,,,,,,2008-2009,La-Liga,,,,,,,,,,,,,,,
Espanyol,26,26.1,,38,418,3420,38.0,46,21,67,40,6,8,119,6.0,1.21,0.55,1.76,1.05,1.61,,668.0,,,,,,,,,2008-2009,La-Liga,,,,,,,,,,,,,,,
Getafe,25,26.6,,38,418,3420,38.0,49,22,71,43,6,11,126,7.0,1.29,0.58,1.87,1.13,1.71,,585.0,,,,,,,,,2008-2009,La-Liga,,,,,,,,,,,,,,,
La Coruña,25,26.7,,38,418,3420,38.0,47,24,71,40,7,8,89,4.0,1.24,0.63,1.87,1.05,1.68,,523.0,,,,,,,,,2008-2009,La-Liga,,,,,,,,,,,,,,,
Málaga,25,27.0,,38,418,3420,38.0,53,26,79,44,9,10,104,7.0,1.39,0.68,2.08,1.16,1.84,,627.0,,,,,,,,,2008-2009,La-Liga,,,,,,,,,,,,,,,
Mallorca,22,27.4,,38,418,3420,38.0,52,30,82,51,1,3,122,7.0,1.37,0.79,2.16,1.34,2.13,,684.0,,,,,,,,,2008-2009,La-Liga,,,,,,,,,,,,,,,
Numancia,26,28.5,,38,418,3420,38.0,38,12,50,32,6,9,112,8.0,1.0,0.32,1.32,0.84,1.16,,663.0,,,,,,,,,2008-2009,La-Liga,,,,,,,,,,,,,,,
Osasuna,28,26.5,,38,418,3420,38.0,40,26,66,38,2,4,114,11.0,1.05,0.68,1.74,1.0,1.68,,637.0,,,,,,,,,2008-2009,La-Liga,,,,,,,,,,,,,,,
Racing Sant,30,26.3,,38,418,3420,38.0,47,27,74,43,4,6,137,9.0,1.24,0.71,1.95,1.13,1.84,,747.0,,,,,,,,,2008-2009,La-Liga,,,,,,,,,,,,,,,
Real Madrid,30,25.9,,38,417,3420,38.0,82,39,121,79,3,4,118,9.0,2.16,1.03,3.18,2.08,3.11,,645.0,,,,,,,,,2008-2009,La-Liga,,,,,,,,,,,,,,,
Recreativo,27,26.1,,38,418,3420,38.0,34,19,53,30,4,4,102,6.0,0.89,0.5,1.39,0.79,1.29,,663.0,,,,,,,,,2008-2009,La-Liga,,,,,,,,,,,,,,,
Sevilla,29,27.1,,38,418,3420,38.0,53,29,82,51,2,3,103,8.0,1.39,0.76,2.16,1.34,2.11,,624.0,,,,,,,,,2008-2009,La-Liga,,,,,,,,,,,,,,,
Sporting Gijón,26,27.0,,38,418,3420,38.0,46,23,69,40,6,7,122,5.0,1.21,0.61,1.82,1.05,1.66,,721.0,,,,,,,,,2008-2009,La-Liga,,,,,,,,,,,,,,,
Valencia,26,26.4,,38,418,3420,38.0,68,31,99,59,9,10,120,6.0,1.79,0.82,2.61,1.55,2.37,,678.0,,,,,,,,,2008-2009,La-Liga,,,,,,,,,,,,,,,
Valladolid,25,28.1,,38,418,3420,38.0,44,21,65,41,3,3,90,10.0,1.16,0.55,1.71,1.08,1.63,,583.0,,,,,,,,,2008-2009,La-Liga,,,,,,,,,,,,,,,
Villarreal,26,27.7,,38,418,3420,38.0,61,36,97,58,3,5,103,4.0,1.61,0.95,2.55,1.53,2.47,,606.0,,,,,,,,,2008-2009,La-Liga,,,,,,,,,,,,,,,
Augsburg,29,26.8,44.3,34,374,3060,34.0,35,26,61,34,1,2,78,5.0,1.03,0.76,1.79,1.0,1.76,2.0,351.0,373.0,59.0,578.0,341.0,300.0,2.0,5.0,2.0,2024-2025,Bundesliga,34.7,33.1,25.1,58.2,450.0,1162.0,1.02,0.74,1.76,0.97,1.71,1441.0,529.0,491.0,51.9
Bayern Munich,29,27.7,67.9,34,374,3060,34.0,96,66,162,87,9,10,48,1.0,2.82,1.94,4.76,2.56,4.5,0.0,295.0,341.0,56.0,612.0,232.0,300.0,6.0,2.0,0.0,2024-2025,Bundesliga,81.7,74.0,59.7,133.7,831.0,2138.0,2.4,1.76,4.16,2.18,3.93,1665.0,418.0,344.0,54.9
Bochum,27,28.0,45.5,34,374,3060,34.0,32,23,55,31,1,3,71,2.0,0.94,0.68,1.62,0.91,1.59,1.0,465.0,293.0,63.0,679.0,294.0,360.0,3.0,6.0,0.0,2024-2025,Bundesliga,41.8,39.3,30.0,69.4,378.0,1090.0,1.23,0.88,2.11,1.16,2.04,1447.0,744.0,665.0,52.8
Dortmund,28,26.6,58.9,34,374,3060,34.0,69,56,125,64,5,6,71,6.0,2.03,1.65,3.68,1.88,3.53,3.0,330.0,343.0,43.0,698.0,249.0,319.0,5.0,4.0,1.0,2024-2025,Bundesliga,61.2,56.5,47.4,103.9,701.0,1563.0,1.8,1.39,3.19,1.66,3.06,1480.0,474.0,418.0,53.1
Eint Frankfurt,26,24.9,49.7,34,374,3060,34.0,68,47,115,65,3,5,55,1.0,2.0,1.38,3.38,1.91,3.29,1.0,341.0,304.0,57.0,539.0,287.0,341.0,2.0,3.0,2.0,2024-2025,Bundesliga,65.1,61.4,45.2,106.6,585.0,1347.0,1.91,1.33,3.24,1.81,3.13,1486.0,467.0,437.0,51.7
Freiburg,26,27.1,48.7,34,374,3060,34.0,46,35,81,46,0,4,54,2.0,1.35,1.03,2.38,1.35,2.38,1.0,316.0,325.0,61.0,589.0,276.0,317.0,3.0,4.0,1.0,2024-2025,Bundesliga,44.3,41.1,30.5,71.7,442.0,1129.0,1.3,0.9,2.2,1.21,2.11,1368.0,596.0,608.0,49.5
Gladbach,26,26.5,49.6,34,374,3060,34.0,53,39,92,49,4,5,53,3.0,1.56,1.15,2.71,1.44,2.59,2.0,339.0,326.0,65.0,617.0,317.0,284.0,5.0,8.0,2.0,2024-2025,Bundesliga,50.6,46.6,37.7,84.3,530.0,1112.0,1.49,1.11,2.6,1.37,2.48,1308.0,530.0,473.0,52.8
Heidenheim,27,26.8,43.5,34,374,3060,34.0,37,26,63,32,5,5,66,1.0,1.09,0.76,1.85,0.94,1.71,0.0,385.0,390.0,50.0,581.0,312.0,356.0,3.0,6.0,0.0,2024-2025,Bundesliga,40.3,36.3,28.6,64.9,516.0,974.0,1.18,0.84,2.02,1.07,1.91,1420.0,553.0,646.0,46.1
Hoffenheim,35,26.4,48.7,34,374,3060,34.0,46,30,76,43,3,3,66,2.0,1.35,0.88,2.24,1.26,2.15,0.0,391.0,366.0,70.0,732.0,291.0,336.0,2.0,6.0,3.0,2024-2025,Bundesliga,42.6,40.3,32.7,73.0,481.0,1218.0,1.25,0.96,2.22,1.19,2.15,1466.0,577.0,588.0,49.5
Holstein Kiel,27,25.6,43.6,34,374,3060,34.0,49,29,78,45,4,5,77,4.0,1.44,0.85,2.29,1.32,2.18,2.0,407.0,350.0,44.0,482.0,294.0,328.0,4.0,7.0,3.0,2024-2025,Bundesliga,39.8,35.9,26.7,62.6,359.0,875.0,1.17,0.79,1.96,1.06,1.84,1267.0,546.0,607.0,47.4
Leverkusen,23,27.0,59.2,34,374,3060,34.0,70,53,123,67,3,6,62,1.0,2.06,1.56,3.62,1.97,3.53,1.0,325.0,352.0,64.0,735.0,234.0,259.0,5.0,4.0,4.0,2024-2025,Bundesliga,56.9,52.0,41.9,93.9,696.0,1692.0,1.67,1.23,2.91,1.53,2.76,1463.0,463.0,419.0,52.5
Mainz 05,25,27.4,50.4,34,374,3060,34.0,53,37,90,49,4,4,71,5.0,1.56,1.09,2.65,1.44,2.53,3.0,408.0,329.0,78.0,658.0,352.0,325.0,3.0,5.0,0.0,2024-2025,Bundesliga,50.1,47.0,37.5,84.6,466.0,1286.0,1.47,1.1,2.58,1.38,2.49,1545.0,618.0,697.0,47.0
RB Leipzig,29,25.3,52.2,34,374,3060,34.0,51,36,87,48,3,4,68,5.0,1.5,1.06,2.56,1.41,2.47,2.0,376.0,333.0,83.0,563.0,268.0,333.0,4.0,3.0,0.0,2024-2025,Bundesliga,46.6,43.4,35.6,79.0,516.0,1353.0,1.37,1.05,2.42,1.28,2.32,1533.0,480.0,439.0,52.2
St. Pauli,28,26.9,44.2,34,374,3060,34.0,26,22,48,25,1,2,53,4.0,0.76,0.65,1.41,0.74,1.38,3.0,353.0,352.0,66.0,600.0,257.0,315.0,2.0,5.0,1.0,2024-2025,Bundesliga,35.3,33.7,26.3,60.0,418.0,1073.0,1.04,0.77,1.81,0.99,1.76,1350.0,533.0,656.0,44.8
Stuttgart,29,24.9,57.2,34,374,3060,34.0,61,45,106,59,2,6,72,5.0,1.79,1.32,3.12,1.74,3.06,3.0,358.0,411.0,62.0,637.0,298.0,282.0,4.0,3.0,1.0,2024-2025,Bundesliga,62.3,57.7,45.3,103.0,545.0,1493.0,1.83,1.33,3.17,1.7,3.03,1378.0,468.0,448.0,51.1
Union Berlin,28,27.2,40.0,34,374,3060,34.0,36,25,61,33,3,3,72,1.0,1.06,0.74,1.79,0.97,1.71,0.0,419.0,313.0,67.0,608.0,312.0,318.0,3.0,6.0,1.0,2024-2025,Bundesliga,37.0,34.7,23.5,58.2,390.0,1049.0,1.09,0.69,1.78,1.02,1.71,1368.0,656.0,676.0,49.2
Werder Bremen,23,27.5,50.0,34,374,3060,34.0,53,38,91,50,3,5,75,4.0,1.56,1.12,2.68,1.47,2.59,3.0,335.0,402.0,72.0,667.0,315.0,321.0,4.0,3.0,3.0,2024-2025,Bundesliga,49.1,45.7,37.4,83.1,495.0,1351.0,1.45,1.1,2.54,1.34,2.44,1453.0,473.0,470.0,50.2
Wolfsburg,27,25.2,46.1,34,374,3060,34.0,53,38,91,49,4,5,75,3.0,1.56,1.12,2.68,1.44,2.56,0.0,350.0,366.0,49.0,574.0,312.0,301.0,4.0,3.0,1.0,2024-2025,Bundesliga,47.5,43.4,33.0,76.4,489.0,1205.0,1.4,0.97,2.37,1.28,2.25,1344.0,519.0,562.0,48.0
Arsenal,27,24.8,,38,418,3420,38.0,70,51,121,66,4,7,70,6.0,1.84,1.34,3.18,1.74,3.08,,442.0,,,,,,,,,2010-2011,Premier-League,,,,,,,,,,,,,,,
Aston Villa,32,27.5,,38,418,3420,38.0,45,32,77,41,4,6,71,2.0,1.18,0.84,2.03,1.08,1.92,,448.0,,,,,,,,,2010-2011,Premier-League,,,,,,,,,,,,,,,
Birmingham City,26,28.0,,38,418,3420,38.0,37,23,60,35,2,2,59,3.0,0.97,0.61,1.58,0.92,1.53,,420.0,,,,,,,,,2010-2011,Premier-League,,,,,,,,,,,,,,,
Blackburn,29,27.8,,38,418,3420,38.0,43,28,71,42,1,2,66,5.0,1.13,0.74,1.87,1.11,1.84,,465.0,,,,,,,,,2010-2011,Premier-League,,,,,,,,,,,,,,,
Blackpool,30,26.8,,38,418,3420,38.0,54,29,83,47,7,8,47,2.0,1.42,0.76,2.18,1.24,2.0,,433.0,,,,,,,,,2010-2011,Premier-League,,,,,,,,,,,,,,,
Bolton,24,28.1,,38,418,3420,38.0,50,34,84,46,4,5,70,5.0,1.32,0.89,2.21,1.21,2.11,,503.0,,,,,,,,,2010-2011,Premier-League,,,,,,,,,,,,,,,
Chelsea,24,28.2,,38,418,3420,38.0,68,39,107,62,6,8,56,1.0,1.79,1.03,2.82,1.63,2.66,,433.0,,,,,,,,,2010-2011,Premier-League,,,,,,,,,,,,,,,
Everton,24,28.1,,38,418,3420,38.0,50,33,83,47,3,4,60,5.0,1.32,0.87,2.18,1.24,2.11,,482.0,,,,,,,,,2010-2011,Premier-League,,,,,,,,,,,,,,,
Fulham,29,29.8,,38,418,3420,38.0,48,32,80,46,2,3,52,1.0,1.26,0.84,2.11,1.21,2.05,,477.0,,,,,,,,,2010-2011,Premier-League,,,,,,,,,,,,,,,
Liverpool,30,26.9,,38,418,3420,38.0,58,30,88,51,7,8,64,2.0,1.53,0.79,2.32,1.34,2.13,,458.0,,,,,,,,,2010-2011,Premier-League,,,,,,,,,,,,,,,
Manchester City,27,25.4,,38,418,3420,38.0,56,35,91,48,8,9,76,5.0,1.47,0.92,2.39,1.26,2.18,,481.0,,,,,,,,,2010-2011,Premier-League,,,,,,,,,,,,,,,
Manchester Utd,29,28.3,,38,418,3420,38.0,75,59,134,72,3,5,59,3.0,1.97,1.55,3.53,1.89,3.45,,420.0,,,,,,,,,2010-2011,Premier-League,,,,,,,,,,,,,,,
Newcastle Utd,30,26.3,,38,418,3420,38.0,55,35,90,50,5,5,76,2.0,1.45,0.92,2.37,1.32,2.24,,462.0,,,,,,,,,2010-2011,Premier-League,,,,,,,,,,,,,,,
Stoke City,25,27.6,,38,418,3420,38.0,44,28,72,41,3,3,70,2.0,1.16,0.74,1.89,1.08,1.82,,428.0,,,,,,,,,2010-2011,Premier-League,,,,,,,,,,,,,,,
Sunderland,31,25.0,,38,418,3420,38.0,41,23,64,37,4,5,64,5.0,1.08,0.61,1.68,0.97,1.58,,432.0,,,,,,,,,2010-2011,Premier-League,,,,,,,,,,,,,,,
Tottenham,28,26.6,,38,418,3420,38.0,54,34,88,49,5,5,51,2.0,1.42,0.89,2.32,1.29,2.18,,382.0,,,,,,,,,2010-2011,Premier-League,,,,,,,,,,,,,,,
West Brom,28,26.7,,38,418,3420,38.0,52,37,89,48,4,6,55,7.0,1.37,0.97,2.34,1.26,2.24,,425.0,,,,,,,,,2010-2011,Premier-League,,,,,,,,,,,,,,,
West Ham,35,27.9,,38,418,3420,38.0,41,21,62,36,5,6,59,1.0,1.08,0.55,1.63,0.95,1.5,,447.0,,,,,,,,,2010-2011,Premier-League,,,,,,,,,,,,,,,
Wigan Athletic,25,25.8,,38,418,3420,38.0,37,20,57,35,2,3,69,4.0,0.97,0.53,1.5,0.92,1.45,,484.0,,,,,,,,,2010-2011,Premier-League,,,,,,,,,,,,,,,
Wolves,30,25.8,,38,418,3420,38.0,45,29,74,42,3,3,63,2.0,1.18,0.76,1.95,1.11,1.87,,473.0,,,,,,,,,2010-2011,Premier-League,,,,,,,,,,,,,,,
Bayern Munich,25,26.9,,34,374,3060,34.0,68,44,112,66,2,3,46,1.0,2.0,1.29,3.29,1.94,3.24,,492.0,,,,,,,,,2009-2010,Bundesliga,,,,,,,,,,,,,,,
Bochum,28,27.5,,34,374,3060,34.0,31,21,52,31,0,0,73,4.0,0.91,0.62,1.53,0.91,1.53,,542.0,,,,,,,,,2009-2010,Bundesliga,,,,,,,,,,,,,,,
Dortmund,25,24.5,,34,374,3060,34.0,51,32,83,48,3,4,50,0.0,1.5,0.94,2.44,1.41,2.35,,519.0,,,,,,,,,2009-2010,Bundesliga,,,,,,,,,,,,,,,
Eint Frankfurt,30,27.5,,34,374,3060,34.0,47,26,73,45,2,3,68,5.0,1.38,0.76,2.15,1.32,2.09,,573.0,,,,,,,,,2009-2010,Bundesliga,,,,,,,,,,,,,,,
Freiburg,28,26.1,,34,374,3060,34.0,34,20,54,33,1,1,52,0.0,1.0,0.59,1.59,0.97,1.56,,556.0,,,,,,,,,2009-2010,Bundesliga,,,,,,,,,,,,,,,
Gladbach,24,25.7,,34,374,3060,34.0,39,23,62,38,1,1,48,1.0,1.15,0.68,1.82,1.12,1.79,,537.0,,,,,,,,,2009-2010,Bundesliga,,,,,,,,,,,,,,,
Hamburger SV,26,27.1,,34,374,3060,34.0,54,30,84,52,2,2,56,3.0,1.59,0.88,2.47,1.53,2.41,,592.0,,,,,,,,,2009-2010,Bundesliga,,,,,,,,,,,,,,,
Hannover 96,32,26.7,,34,375,3060,34.0,40,24,64,38,2,2,69,3.0,1.18,0.71,1.88,1.12,1.82,,569.0,,,,,,,,,2009-2010,Bundesliga,,,,,,,,,,,,,,,
Hertha BSC,28,26.0,,34,374,3060,34.0,34,18,52,34,0,1,60,2.0,1.0,0.53,1.53,1.0,1.53,,429.0,,,,,,,,,2009-2010,Bundesliga,,,,,,,,,,,,,,,
Hoffenheim,28,24.8,,34,374,3060,34.0,44,24,68,39,5,6,67,3.0,1.29,0.71,2.0,1.15,1.85,,595.0,,,,,,,,,2009-2010,Bundesliga,,,,,,,,,,,,,,,
Köln,26,27.6,,34,374,3060,34.0,32,22,54,31,1,1,72,4.0,0.94,0.65,1.59,0.91,1.56,,555.0,,,,,,,,,2009-2010,Bundesliga,,,,,,,,,,,,,,,
Leverkusen,24,24.6,,34,374,3060,34.0,65,35,100,61,4,4,71,3.0,1.91,1.03,2.94,1.79,2.82,,490.0,,,,,,,,,2009-2010,Bundesliga,,,,,,,,,,,,,,,
Mainz 05,29,27.2,,34,374,3060,34.0,36,12,48,34,2,2,61,4.0,1.06,0.35,1.41,1.0,1.35,,532.0,,,,,,,,,2009-2010,Bundesliga,,,,,,,,,,,,,,,
Nürnberg,27,24.7,,34,374,3060,34.0,32,22,54,31,1,1,58,2.0,0.94,0.65,1.59,0.91,1.56,,485.0,,,,,,,,,2009-2010,Bundesliga,,,,,,,,,,,,,,,
Schalke 04,29,24.3,,34,374,3060,34.0,53,35,88,48,5,5,62,1.0,1.56,1.03,2.59,1.41,2.44,,678.0,,,,,,,,,2009-2010,Bundesliga,,,,,,,,,,,,,,,
Stuttgart,28,25.7,,34,374,3060,34.0,50,30,80,48,2,3,73,2.0,1.47,0.88,2.35,1.41,2.29,,518.0,,,,,,,,,2009-2010,Bundesliga,,,,,,,,,,,,,,,
Werder Bremen,26,25.9,,34,374,3060,34.0,70,44,114,64,6,7,54,2.0,2.06,1.29,3.35,1.88,3.18,,529.0,,,,,,,,,2009-2010,Bundesliga,,,,,,,,,,,,,,,
Wolfsburg,26,26.4,,34,374,3060,34.0,62,37,99,58,4,5,61,1.0,1.82,1.09,2.91,1.71,2.79,,503.0,,,,,,,,,2009-2010,Bundesliga,,,,,,,,,,,,,,,
Arsenal,26,24.7,59.3,38,418,3420,38.0,84,64,148,81,3,4,51,0.0,2.21,1.68,3.89,2.13,3.82,0.0,373.0,435.0,56.0,674.0,237.0,343.0,3.0,5.0,1.0,2022-2023,Premier-League,71.6,68.9,53.5,122.4,824.0,2049.0,1.88,1.41,3.29,1.81,3.22,1984.0,486.0,559.0,46.5
Aston Villa,26,27.0,49.3,38,418,3420,38.0,49,35,84,46,3,4,80,1.0,1.29,0.92,2.21,1.21,2.13,0.0,417.0,498.0,58.0,561.0,324.0,338.0,4.0,6.0,4.0,2022-2023,Premier-League,50.3,47.2,38.8,86.0,637.0,1242.0,1.32,1.02,2.34,1.24,2.26,1847.0,442.0,465.0,48.7
Bournemouth,31,26.3,40.4,38,418,3420,38.0,37,24,61,37,0,0,68,0.0,0.97,0.63,1.61,0.97,1.61,0.0,391.0,365.0,38.0,509.0,353.0,371.0,0.0,7.0,3.0,2022-2023,Premier-League,38.5,38.5,28.4,66.9,504.0,1006.0,1.01,0.75,1.76,1.01,1.76,1942.0,521.0,539.0,49.2
Brentford,25,26.2,43.8,38,418,3420,38.0,56,36,92,49,7,8,57,1.0,1.47,0.95,2.42,1.29,2.24,1.0,354.0,399.0,72.0,661.0,341.0,338.0,7.0,2.0,3.0,2022-2023,Premier-League,56.3,50.1,38.4,88.5,392.0,1131.0,1.48,1.01,2.49,1.32,2.33,1959.0,664.0,617.0,51.8
Brighton,29,26.3,60.2,38,418,3420,38.0,68,46,114,62,6,6,58,0.0,1.79,1.21,3.0,1.63,2.84,0.0,427.0,407.0,70.0,694.0,303.0,340.0,4.0,8.0,6.0,2022-2023,Premier-League,73.3,68.9,52.2,121.2,809.0,1849.0,1.93,1.37,3.3,1.81,3.19,2013.0,444.0,387.0,53.4
Chelsea,32,26.3,58.7,38,418,3420,38.0,37,27,64,34,3,3,81,3.0,0.97,0.71,1.68,0.89,1.61,2.0,397.0,462.0,74.0,693.0,341.0,445.0,3.0,1.0,3.0,2022-2023,Premier-League,49.5,47.2,38.6,85.8,829.0,1737.0,1.3,1.02,2.32,1.24,2.26,2024.0,493.0,453.0,52.1
Crystal Palace,26,26.7,46.3,38,418,3420,38.0,38,29,67,37,1,3,82,3.0,1.0,0.76,1.76,0.97,1.74,2.0,446.0,479.0,58.0,591.0,359.0,421.0,2.0,4.0,3.0,2022-2023,Premier-League,39.3,36.8,29.0,65.8,556.0,1243.0,1.03,0.76,1.8,0.97,1.73,2093.0,496.0,578.0,46.2
Everton,28,26.6,42.8,38,418,3420,38.0,32,24,56,29,3,3,81,2.0,0.84,0.63,1.47,0.76,1.39,1.0,396.0,382.0,64.0,704.0,390.0,424.0,3.0,6.0,0.0,2022-2023,Premier-League,45.2,42.8,32.4,75.1,500.0,1052.0,1.19,0.85,2.04,1.13,1.98,2049.0,582.0,613.0,48.7
Fulham,29,28.2,48.8,38,418,3420,38.0,52,33,85,47,5,9,80,1.0,1.37,0.87,2.24,1.24,2.11,0.0,411.0,405.0,60.0,769.0,340.0,350.0,8.0,8.0,2.0,2022-2023,Premier-League,46.2,39.1,28.5,67.7,663.0,1326.0,1.22,0.75,1.97,1.03,1.78,1979.0,511.0,550.0,48.2
Leeds United,29,25.3,47.0,38,418,3420,38.0,45,31,76,44,1,3,89,3.0,1.18,0.82,2.0,1.16,1.97,2.0,467.0,405.0,60.0,653.0,392.0,480.0,2.0,6.0,1.0,2022-2023,Premier-League,47.3,44.9,31.8,76.7,555.0,1429.0,1.24,0.84,2.08,1.18,2.02,2206.0,586.0,607.0,49.1
Leicester City,28,26.1,47.7,38,418,3420,38.0,49,36,85,46,3,6,63,2.0,1.29,0.95,2.24,1.21,2.16,2.0,410.0,397.0,83.0,496.0,367.0,412.0,5.0,5.0,5.0,2022-2023,Premier-League,50.5,45.7,38.4,84.1,580.0,1304.0,1.33,1.01,2.34,1.2,2.21,2013.0,512.0,558.0,47.9
Liverpool,28,27.4,60.8,38,418,3420,38.0,71,58,129,69,2,4,57,1.0,1.87,1.53,3.39,1.82,3.34,0.0,405.0,321.0,84.0,799.0,333.0,370.0,3.0,4.0,2.0,2022-2023,Premier-League,71.5,68.4,55.6,124.1,719.0,1992.0,1.88,1.46,3.35,1.8,3.26,2211.0,482.0,455.0,51.4
Manchester City,24,27.2,64.7,38,418,3420,38.0,92,69,161,83,9,10,44,1.0,2.42,1.82,4.24,2.18,4.0,0.0,347.0,384.0,51.0,742.0,223.0,272.0,9.0,3.0,1.0,2022-2023,Premier-League,78.6,71.1,57.5,128.6,988.0,2073.0,2.07,1.51,3.58,1.87,3.38,1866.0,438.0,364.0,54.6
Manchester Utd,26,26.9,53.7,38,418,3420,38.0,56,42,98,53,3,3,78,2.0,1.47,1.11,2.58,1.39,2.5,0.0,424.0,297.0,79.0,517.0,352.0,400.0,2.0,3.0,1.0,2022-2023,Premier-League,67.7,65.3,52.2,117.5,711.0,1595.0,1.78,1.37,3.15,1.72,3.09,2190.0,465.0,434.0,51.7
Newcastle Utd,27,27.3,52.3,38,418,3420,38.0,64,42,106,58,6,6,61,1.0,1.68,1.11,2.79,1.53,2.63,0.0,406.0,399.0,71.0,740.0,333.0,360.0,2.0,5.0,2.0,2022-2023,Premier-League,71.9,67.3,51.8,119.1,695.0,1618.0,1.89,1.36,3.26,1.77,3.13,2065.0,552.0,426.0,56.4
Nott'ham Forest,33,26.5,37.6,38,418,3420,38.0,36,22,58,33,3,6,84,0.0,0.95,0.58,1.53,0.87,1.45,0.0,445.0,390.0,67.0,530.0,349.0,387.0,3.0,9.0,0.0,2022-2023,Premier-League,39.3,34.6,26.3,61.0,436.0,859.0,1.03,0.69,1.73,0.91,1.6,1902.0,560.0,600.0,48.3
Southampton,36,24.7,44.5,38,418,3420,38.0,36,25,61,34,2,4,73,0.0,0.95,0.66,1.61,0.89,1.55,0.0,430.0,378.0,57.0,613.0,427.0,426.0,3.0,3.0,5.0,2022-2023,Premier-League,37.8,34.6,28.1,62.7,588.0,1125.0,0.99,0.74,1.73,0.91,1.65,2130.0,551.0,611.0,47.4
Tottenham,29,27.6,50.0,38,418,3420,38.0,68,46,114,63,5,6,77,3.0,1.79,1.21,3.0,1.66,2.87,1.0,424.0,353.0,67.0,719.0,340.0,353.0,5.0,4.0,1.0,2022-2023,Premier-League,57.0,52.3,43.0,95.4,692.0,1449.0,1.5,1.13,2.63,1.38,2.51,1984.0,549.0,474.0,53.7
West Ham,25,28.2,42.1,38,418,3420,38.0,41,25,66,35,6,8,44,0.0,1.08,0.66,1.74,0.92,1.58,0.0,362.0,316.0,62.0,768.0,408.0,336.0,6.0,6.0,1.0,2022-2023,Premier-League,49.2,43.7,32.7,76.4,615.0,1274.0,1.29,0.86,2.15,1.15,2.01,2023.0,620.0,587.0,51.4
Wolves,32,26.7,49.9,38,418,3420,38.0,28,12,40,25,3,3,85,6.0,0.74,0.32,1.05,0.66,0.97,1.0,463.0,389.0,62.0,661.0,279.0,370.0,1.0,4.0,1.0,2022-2023,Premier-League,36.8,34.5,25.4,60.0,610.0,1343.0,0.97,0.67,1.64,0.91,1.58,2052.0,465.0,542.0,46.2
Atalanta,25,25.7,55.4,38,418,3420,38.0,57,38,95,52,5,9,66,,1.5,1.0,2.5,1.37,2.37,3.0,490.0,465.0,79.0,751.0,476.0,488.0,9.0,2.0,0.0,2017-2018,Serie-A,64.1,57.2,44.7,101.8,933.0,1920.0,1.69,1.18,2.86,1.5,2.68,2469.0,563.0,519.0,52.0
Benevento,41,26.0,47.5,38,418,3420,38.0,32,23,55,30,2,3,79,,0.84,0.61,1.45,0.79,1.39,4.0,486.0,465.0,83.0,661.0,449.0,409.0,2.0,13.0,2.0,2017-2018,Serie-A,38.3,36.0,28.8,64.7,772.0,1216.0,1.01,0.76,1.77,0.95,1.7,1892.0,410.0,501.0,45.0
Bologna,30,26.8,46.8,38,418,3420,38.0,37,18,55,35,2,3,101,,0.97,0.47,1.45,0.92,1.39,4.0,482.0,466.0,66.0,553.0,462.0,456.0,2.0,4.0,3.0,2017-2018,Serie-A,36.6,34.3,24.3,58.6,586.0,1344.0,0.96,0.64,1.6,0.9,1.54,1855.0,593.0,571.0,50.9
Cagliari,29,27.1,45.3,38,418,3420,38.0,33,21,54,29,4,7,96,,0.87,0.55,1.42,0.76,1.32,4.0,611.0,458.0,84.0,732.0,431.0,447.0,5.0,12.0,1.0,2017-2018,Serie-A,39.7,34.2,27.4,61.6,464.0,1348.0,1.04,0.72,1.77,0.9,1.62,1901.0,743.0,600.0,55.3
Chievo,25,30.3,44.4,38,418,3420,38.0,36,20,56,35,1,2,75,,0.95,0.53,1.47,0.92,1.45,1.0,478.0,460.0,102.0,801.0,444.0,367.0,2.0,7.0,4.0,2017-2018,Serie-A,34.1,32.5,25.2,57.7,554.0,1358.0,0.9,0.66,1.56,0.85,1.52,1932.0,645.0,657.0,49.5
Crotone,29,25.6,39.9,38,418,3420,38.0,38,21,59,36,2,3,65,,1.0,0.55,1.55,0.95,1.5,1.0,501.0,466.0,88.0,635.0,578.0,440.0,2.0,8.0,0.0,2017-2018,Serie-A,34.6,32.2,23.4,55.6,472.0,1250.0,0.91,0.62,1.53,0.85,1.46,2102.0,620.0,744.0,45.5
Fiorentina,27,25.0,52.6,38,418,3420,38.0,53,32,85,46,7,8,89,,1.39,0.84,2.24,1.21,2.05,3.0,551.0,428.0,82.0,823.0,489.0,497.0,6.0,3.0,0.0,2017-2018,Serie-A,54.5,48.3,37.9,86.2,737.0,1695.0,1.43,1.0,2.43,1.27,2.27,2146.0,566.0,612.0,48.0
Genoa,33,27.9,46.3,38,418,3420,38.0,31,18,49,27,4,5,75,,0.82,0.47,1.29,0.71,1.18,0.0,555.0,474.0,86.0,769.0,394.0,395.0,5.0,4.0,2.0,2017-2018,Serie-A,43.5,39.6,31.9,71.5,699.0,1475.0,1.15,0.84,1.99,1.04,1.88,2022.0,561.0,589.0,48.8
Hellas Verona,32,25.9,41.9,38,418,3420,38.0,30,19,49,23,7,7,98,,0.79,0.5,1.29,0.61,1.11,4.0,511.0,404.0,79.0,665.0,541.0,459.0,3.0,8.0,2.0,2017-2018,Serie-A,33.0,27.7,21.1,48.8,635.0,1077.0,0.87,0.56,1.42,0.73,1.28,1883.0,555.0,642.0,46.4
Inter,22,27.6,57.1,38,418,3420,38.0,64,34,98,58,6,7,69,,1.68,0.89,2.58,1.53,2.42,0.0,452.0,395.0,94.0,1042.0,402.0,435.0,6.0,2.0,4.0,2017-2018,Serie-A,56.7,51.3,43.8,95.2,947.0,1877.0,1.49,1.15,2.65,1.35,2.51,2140.0,538.0,477.0,53.0
Juventus,24,29.2,57.2,38,418,3420,38.0,82,39,121,78,4,8,66,,2.16,1.03,3.18,2.05,3.08,1.0,432.0,493.0,79.0,672.0,421.0,359.0,5.0,4.0,2.0,2017-2018,Serie-A,55.3,49.4,37.9,87.2,789.0,1704.0,1.46,1.0,2.45,1.3,2.3,2003.0,455.0,366.0,55.4
Lazio,24,26.5,51.1,38,418,3420,38.0,86,51,137,77,9,11,79,,2.26,1.34,3.61,2.03,3.37,3.0,435.0,350.0,97.0,734.0,494.0,450.0,9.0,10.0,2.0,2017-2018,Serie-A,63.7,55.2,45.8,101.0,915.0,1802.0,1.68,1.21,2.88,1.45,2.66,2304.0,474.0,464.0,50.5
Milan,24,25.0,56.0,38,418,3420,38.0,54,28,82,50,4,6,75,,1.42,0.74,2.16,1.32,2.05,4.0,495.0,478.0,88.0,872.0,354.0,376.0,4.0,3.0,1.0,2017-2018,Serie-A,51.2,46.6,35.3,81.9,778.0,2016.0,1.35,0.93,2.28,1.23,2.15,1954.0,440.0,500.0,46.8
Napoli,23,28.0,63.4,38,418,3420,38.0,73,45,118,67,6,8,58,,1.92,1.18,3.11,1.76,2.95,1.0,349.0,369.0,80.0,672.0,341.0,407.0,7.0,2.0,0.0,2017-2018,Serie-A,67.1,60.7,50.8,111.6,971.0,2468.0,1.77,1.34,3.1,1.6,2.94,2393.0,375.0,436.0,46.2
Roma,27,27.4,58.0,38,418,3420,38.0,56,37,93,53,3,6,48,,1.47,0.97,2.45,1.39,2.37,1.0,396.0,439.0,71.0,962.0,477.0,384.0,4.0,5.0,0.0,2017-2018,Serie-A,63.4,58.8,46.7,105.5,938.0,1989.0,1.67,1.23,2.9,1.55,2.78,2201.0,664.0,471.0,58.5
Sampdoria,27,27.0,53.6,38,418,3420,38.0,56,33,89,49,7,8,69,,1.47,0.87,2.34,1.29,2.16,2.0,426.0,485.0,54.0,777.0,335.0,423.0,6.0,10.0,2.0,2017-2018,Serie-A,53.5,47.2,35.5,82.7,614.0,1627.0,1.41,0.93,2.34,1.24,2.18,1997.0,463.0,545.0,45.9
Sassuolo,28,27.2,42.9,38,418,3420,38.0,28,16,44,24,4,10,89,,0.74,0.42,1.16,0.63,1.05,4.0,488.0,556.0,80.0,793.0,506.0,375.0,6.0,3.0,2.0,2017-2018,Serie-A,46.3,38.4,27.7,66.1,640.0,1492.0,1.22,0.73,1.95,1.01,1.74,2077.0,592.0,528.0,52.9
SPAL,29,26.7,44.7,38,418,3420,38.0,37,14,51,32,5,6,101,,0.97,0.37,1.34,0.84,1.21,2.0,479.0,640.0,91.0,727.0,527.0,414.0,5.0,12.0,4.0,2017-2018,Serie-A,35.8,31.1,21.5,52.5,704.0,1218.0,0.94,0.56,1.51,0.82,1.38,1776.0,507.0,545.0,48.2
Torino,27,28.1,51.1,38,418,3420,38.0,53,36,89,53,0,2,78,,1.39,0.95,2.34,1.39,2.34,4.0,568.0,508.0,71.0,612.0,421.0,405.0,2.0,8.0,0.0,2017-2018,Serie-A,46.0,44.4,35.1,79.6,703.0,1425.0,1.21,0.92,2.14,1.17,2.09,2122.0,614.0,573.0,51.7
Udinese,27,26.5,44.7,38,418,3420,38.0,45,27,72,38,7,7,72,,1.18,0.71,1.89,1.0,1.71,0.0,531.0,392.0,60.0,711.0,459.0,415.0,5.0,6.0,5.0,2017-2018,Serie-A,43.2,37.7,29.4,67.1,605.0,1364.0,1.14,0.77,1.91,0.99,1.77,1934.0,539.0,577.0,48.3
Auxerre,26,25.8,,38,418,3420,38.0,34,20,54,33,1,3,53,1.0,0.89,0.53,1.42,0.87,1.39,,566.0,,,,,,,,,2008-2009,Ligue-1,,,,,,,,,,,,,,,
Bordeaux,24,26.4,,38,418,3420,38.0,64,42,106,62,2,4,70,4.0,1.68,1.11,2.79,1.63,2.74,,613.0,,,,,,,,,2008-2009,Ligue-1,,,,,,,,,,,,,,,
Caen,26,27.3,,38,418,3420,38.0,39,26,65,38,1,1,70,2.0,1.03,0.68,1.71,1.0,1.68,,687.0,,,,,,,,,2008-2009,Ligue-1,,,,,,,,,,,,,,,
Grenoble,30,29.2,,38,418,3420,38.0,24,17,41,23,1,3,69,4.0,0.63,0.45,1.08,0.61,1.05,,623.0,,,,,,,,,2008-2009,Ligue-1,,,,,,,,,,,,,,,
Le Havre,36,27.2,,38,418,3420,38.0,30,14,44,30,0,0,60,2.0,0.79,0.37,1.16,0.79,1.16,,543.0,,,,,,,,,2008-2009,Ligue-1,,,,,,,,,,,,,,,
Le Mans,27,24.5,,38,418,3420,38.0,41,26,67,40,1,1,70,3.0,1.08,0.68,1.76,1.05,1.74,,668.0,,,,,,,,,2008-2009,Ligue-1,,,,,,,,,,,,,,,
Lille,27,25.3,,38,418,3420,38.0,48,26,74,46,2,3,71,1.0,1.26,0.68,1.95,1.21,1.89,,719.0,,,,,,,,,2008-2009,Ligue-1,,,,,,,,,,,,,,,
Lorient,27,26.5,,38,418,3420,38.0,46,29,75,44,2,4,49,2.0,1.21,0.76,1.97,1.16,1.92,,495.0,,,,,,,,,2008-2009,Ligue-1,,,,,,,,,,,,,,,
Lyon,26,26.0,,38,418,3420,38.0,51,30,81,47,4,6,63,5.0,1.34,0.79,2.13,1.24,2.03,,642.0,,,,,,,,,2008-2009,Ligue-1,,,,,,,,,,,,,,,
Marseille,27,26.1,,38,418,3420,38.0,63,36,99,58,5,5,62,3.0,1.66,0.95,2.61,1.53,2.47,,711.0,,,,,,,,,2008-2009,Ligue-1,,,,,,,,,,,,,,,
Monaco,33,24.8,,38,418,3420,38.0,39,25,64,36,3,5,71,6.0,1.03,0.66,1.68,0.95,1.61,,709.0,,,,,,,,,2008-2009,Ligue-1,,,,,,,,,,,,,,,
Nancy,25,26.5,,38,418,3420,38.0,36,19,55,32,4,5,69,4.0,0.95,0.5,1.45,0.84,1.34,,619.0,,,,,,,,,2008-2009,Ligue-1,,,,,,,,,,,,,,,
Nantes,29,27.4,,38,418,3420,38.0,33,14,47,29,4,4,77,2.0,0.87,0.37,1.24,0.76,1.13,,697.0,,,,,,,,,2008-2009,Ligue-1,,,,,,,,,,,,,,,
Nice,26,26.6,,38,418,3420,38.0,39,23,62,36,3,5,75,5.0,1.03,0.61,1.63,0.95,1.55,,653.0,,,,,,,,,2008-2009,Ligue-1,,,,,,,,,,,,,,,
Paris S-G,23,28.0,,38,418,3420,38.0,48,28,76,45,3,3,50,1.0,1.26,0.74,2.0,1.18,1.92,,521.0,,,,,,,,,2008-2009,Ligue-1,,,,,,,,,,,,,,,
Rennes,27,26.7,,38,418,3420,38.0,40,24,64,39,1,1,65,4.0,1.05,0.63,1.68,1.03,1.66,,645.0,,,,,,,,,2008-2009,Ligue-1,,,,,,,,,,,,,,,
Saint-Étienne,28,24.9,,38,418,3420,38.0,39,25,64,36,3,4,63,3.0,1.03,0.66,1.68,0.95,1.61,,602.0,,,,,,,,,2008-2009,Ligue-1,,,,,,,,,,,,,,,
Sochaux,31,26.3,,38,418,3420,38.0,38,22,60,34,4,5,66,6.0,1.0,0.58,1.58,0.89,1.47,,637.0,,,,,,,,,2008-2009,Ligue-1,,,,,,,,,,,,,,,
Toulouse,23,24.2,,38,418,3420,38.0,41,25,66,40,1,2,61,,1.08,0.66,1.74,1.05,1.71,,684.0,,,,,,,,,2008-2009,Ligue-1,,,,,,,,,,,,,,,
Valenciennes,25,26.8,,38,418,3420,38.0,35,18,53,31,4,5,79,5.0,0.92,0.47,1.39,0.82,1.29,,714.0,,,,,,,,,2008-2009,Ligue-1,,,,,,,,,,,,,,,
AA Aachen,27,26.4,,34,374,3060,34.0,45,24,69,39,6,8,78,5.0,1.32,0.71,2.03,1.15,1.85,,611.0,,,,,,,,,2006-2007,Bundesliga,,,,,,,,,,,,,,,
Arminia,24,28.5,,34,374,3060,34.0,47,31,78,43,4,4,51,2.0,1.38,0.91,2.29,1.26,2.18,,466.0,,,,,,,,,2006-2007,Bundesliga,,,,,,,,,,,,,,,
Bayern Munich,28,27.5,,34,374,3060,34.0,55,42,97,53,2,3,58,2.0,1.62,1.24,2.85,1.56,2.79,,494.0,,,,,,,,,2006-2007,Bundesliga,,,,,,,,,,,,,,,
Bochum,28,27.2,,34,374,3060,34.0,47,34,81,45,2,2,63,3.0,1.38,1.0,2.38,1.32,2.32,,595.0,,,,,,,,,2006-2007,Bundesliga,,,,,,,,,,,,,,,
Dortmund,23,25.3,,34,374,3060,34.0,40,27,67,37,3,3,66,2.0,1.18,0.79,1.97,1.09,1.88,,620.0,,,,,,,,,2006-2007,Bundesliga,,,,,,,,,,,,,,,
Eint Frankfurt,28,26.3,,34,374,3060,34.0,45,28,73,43,2,2,50,7.0,1.32,0.82,2.15,1.26,2.09,,583.0,,,,,,,,,2006-2007,Bundesliga,,,,,,,,,,,,,,,
Energie Cottbus,25,28.7,,34,374,3060,34.0,36,21,57,33,3,4,91,3.0,1.06,0.62,1.68,0.97,1.59,,667.0,,,,,,,,,2006-2007,Bundesliga,,,,,,,,,,,,,,,
Gladbach,32,25.7,,34,373,3060,34.0,22,15,37,21,1,1,67,3.0,0.65,0.44,1.09,0.62,1.06,,590.0,,,,,,,,,2006-2007,Bundesliga,,,,,,,,,,,,,,,
Hamburger SV,30,26.1,,34,374,3060,34.0,42,26,68,37,5,7,69,7.0,1.24,0.76,2.0,1.09,1.85,,663.0,,,,,,,,,2006-2007,Bundesliga,,,,,,,,,,,,,,,
Hannover 96,22,27.9,,34,374,3060,34.0,41,31,72,39,2,3,52,3.0,1.21,0.91,2.12,1.15,2.06,,620.0,,,,,,,,,2006-2007,Bundesliga,,,,,,,,,,,,,,,
Hertha BSC,28,27.3,,34,374,3060,34.0,50,35,85,49,1,4,80,7.0,1.47,1.03,2.5,1.44,2.47,,570.0,,,,,,,,,2006-2007,Bundesliga,,,,,,,,,,,,,,,
Leverkusen,24,26.1,,34,374,3060,34.0,51,39,90,49,2,2,81,7.0,1.5,1.15,2.65,1.44,2.59,,640.0,,,,,,,,,2006-2007,Bundesliga,,,,,,,,,,,,,,,
Mainz 05,30,26.4,,34,373,3060,34.0,34,17,51,27,7,8,59,2.0,1.0,0.5,1.5,0.79,1.29,,643.0,,,,,,,,,2006-2007,Bundesliga,,,,,,,,,,,,,,,
Nürnberg,24,26.1,,34,374,3060,34.0,41,27,68,38,3,4,68,2.0,1.21,0.79,2.0,1.12,1.91,,610.0,,,,,,,,,2006-2007,Bundesliga,,,,,,,,,,,,,,,
Schalke 04,24,26.2,,34,374,3060,34.0,50,40,90,49,1,3,67,2.0,1.47,1.18,2.65,1.44,2.62,,618.0,,,,,,,,,2006-2007,Bundesliga,,,,,,,,,,,,,,,
Stuttgart,25,25.0,,34,374,3060,34.0,60,47,107,60,0,2,56,6.0,1.76,1.38,3.15,1.76,3.15,,617.0,,,,,,,,,2006-2007,Bundesliga,,,,,,,,,,,,,,,
Werder Bremen,24,25.4,,34,374,3060,34.0,74,59,133,73,1,4,65,0.0,2.18,1.74,3.91,2.15,3.88,,567.0,,,,,,,,,2006-2007,Bundesliga,,,,,,,,,,,,,,,
Wolfsburg,24,27.5,,34,374,3060,34.0,35,27,62,34,1,2,66,1.0,1.03,0.79,1.82,1.0,1.79,,675.0,,,,,,,,,2006-2007,Bundesliga,,,,,,,,,,,,,,,
Almería,28,27.5,,38,418,3420,38.0,43,28,71,35,8,8,103,0.0,1.13,0.74,1.87,0.92,1.66,,563.0,,,,,,,,,2013-2014,La-Liga,,,,,,,,,,,,,,,
Athletic Club,24,26.4,,38,418,3420,38.0,65,46,111,61,4,7,81,0.0,1.71,1.21,2.92,1.61,2.82,,483.0,,,,,,,,,2013-2014,La-Liga,,,,,,,,,,,,,,,
Atlético Madrid,25,26.9,,38,418,3420,38.0,74,55,129,68,6,10,98,0.0,1.95,1.45,3.39,1.79,3.24,,522.0,,,,,,,,,2013-2014,La-Liga,,,,,,,,,,,,,,,
Barcelona,25,27.4,,38,418,3420,38.0,96,71,167,85,11,13,71,0.0,2.53,1.87,4.39,2.24,4.11,,425.0,,,,,,,,,2013-2014,La-Liga,,,,,,,,,,,,,,,
Betis,33,26.6,,38,418,3420,38.0,35,21,56,34,1,4,118,0.0,0.92,0.55,1.47,0.89,1.45,,540.0,,,,,,,,,2013-2014,La-Liga,,,,,,,,,,,,,,,
Celta Vigo,26,25.0,,38,418,3420,38.0,47,32,79,45,2,3,86,0.0,1.24,0.84,2.08,1.18,2.03,,513.0,,,,,,,,,2013-2014,La-Liga,,,,,,,,,,,,,,,
Elche,28,27.2,,38,418,3420,38.0,30,22,52,26,4,6,121,0.0,0.79,0.58,1.37,0.68,1.26,,530.0,,,,,,,,,2013-2014,La-Liga,,,,,,,,,,,,,,,
Espanyol,24,26.7,,38,418,3420,38.0,40,30,70,35,5,6,100,0.0,1.05,0.79,1.84,0.92,1.71,,607.0,,,,,,,,,2013-2014,La-Liga,,,,,,,,,,,,,,,
Getafe,28,27.7,,38,418,3420,38.0,34,30,64,32,2,3,129,0.0,0.89,0.79,1.68,0.84,1.63,,574.0,,,,,,,,,2013-2014,La-Liga,,,,,,,,,,,,,,,
Granada,26,26.3,,38,418,3420,38.0,31,22,53,28,3,6,109,0.0,0.82,0.58,1.39,0.74,1.32,,539.0,,,,,,,,,2013-2014,La-Liga,,,,,,,,,,,,,,,
Levante,28,28.9,,38,418,3420,38.0,33,19,52,29,4,8,116,0.0,0.87,0.5,1.37,0.76,1.26,,648.0,,,,,,,,,2013-2014,La-Liga,,,,,,,,,,,,,,,
Málaga,28,27.0,,38,418,3420,38.0,39,30,69,37,2,3,128,0.0,1.03,0.79,1.82,0.97,1.76,,565.0,,,,,,,,,2013-2014,La-Liga,,,,,,,,,,,,,,,
Osasuna,25,28.0,,38,418,3420,38.0,31,15,46,31,0,0,91,0.0,0.82,0.39,1.21,0.82,1.21,,495.0,,,,,,,,,2013-2014,La-Liga,,,,,,,,,,,,,,,
Rayo Vallecano,30,25.8,,38,418,3420,38.0,45,30,75,38,7,9,102,0.0,1.18,0.79,1.97,1.0,1.79,,543.0,,,,,,,,,2013-2014,La-Liga,,,,,,,,,,,,,,,
Real Madrid,25,26.4,,38,418,3420,38.0,103,78,181,97,6,6,76,0.0,2.71,2.05,4.76,2.55,4.61,,452.0,,,,,,,,,2013-2014,La-Liga,,,,,,,,,,,,,,,
Real Sociedad,27,25.8,,38,418,3420,38.0,59,44,103,57,2,2,76,0.0,1.55,1.16,2.71,1.5,2.66,,451.0,,,,,,,,,2013-2014,La-Liga,,,,,,,,,,,,,,,
Sevilla,31,25.9,,38,418,3420,38.0,68,47,115,61,7,10,121,0.0,1.79,1.24,3.03,1.61,2.84,,569.0,,,,,,,,,2013-2014,La-Liga,,,,,,,,,,,,,,,
Valencia,31,26.1,,38,418,3420,38.0,51,35,86,49,2,3,102,0.0,1.34,0.92,2.26,1.29,2.21,,493.0,,,,,,,,,2013-2014,La-Liga,,,,,,,,,,,,,,,
Valladolid,25,27.7,,38,418,3420,38.0,37,28,65,36,1,2,103,0.0,0.97,0.74,1.71,0.95,1.68,,525.0,,,,,,,,,2013-2014,La-Liga,,,,,,,,,,,,,,,
Villarreal,25,25.2,,38,418,3420,38.0,58,42,100,53,5,6,77,0.0,1.53,1.11,2.63,1.39,2.5,,528.0,,,,,,,,,2013-2014,La-Liga,,,,,,,,,,,,,,,
Atalanta,30,26.8,,38,418,3420,38.0,39,22,61,36,3,4,102,4.0,1.03,0.58,1.61,0.95,1.53,,577.0,,,,,,,,,2011-2012,Serie-A,,,,,,,,,,,,,,,
Bologna,27,28.1,,38,418,3420,38.0,41,25,66,39,2,3,97,3.0,1.08,0.66,1.74,1.03,1.68,,628.0,,,,,,,,,2011-2012,Serie-A,,,,,,,,,,,,,,,
Cagliari,25,26.6,,38,418,3420,38.0,35,20,55,29,6,6,83,2.0,0.92,0.53,1.45,0.76,1.29,,602.0,,,,,,,,,2011-2012,Serie-A,,,,,,,,,,,,,,,
Catania,33,27.5,,38,418,3420,38.0,46,24,70,37,9,11,82,6.0,1.21,0.63,1.84,0.97,1.61,,577.0,,,,,,,,,2011-2012,Serie-A,,,,,,,,,,,,,,,
Cesena,34,28.8,,38,418,3420,38.0,23,10,33,19,4,7,105,10.0,0.61,0.26,0.87,0.5,0.76,,609.0,,,,,,,,,2011-2012,Serie-A,,,,,,,,,,,,,,,
Chievo,26,28.0,,38,418,3420,38.0,35,22,57,32,3,5,85,1.0,0.92,0.58,1.5,0.84,1.42,,637.0,,,,,,,,,2011-2012,Serie-A,,,,,,,,,,,,,,,
Fiorentina,28,27.0,,38,418,3420,38.0,36,22,58,30,6,8,93,3.0,0.95,0.58,1.53,0.79,1.37,,584.0,,,,,,,,,2011-2012,Serie-A,,,,,,,,,,,,,,,
Genoa,29,28.3,,38,418,3420,38.0,49,29,78,44,5,6,95,11.0,1.29,0.76,2.05,1.16,1.92,,577.0,,,,,,,,,2011-2012,Serie-A,,,,,,,,,,,,,,,
Inter,30,29.7,,38,418,3420,38.0,57,39,96,49,8,11,63,4.0,1.5,1.03,2.53,1.29,2.32,,467.0,,,,,,,,,2011-2012,Serie-A,,,,,,,,,,,,,,,
Juventus,25,28.0,,38,418,3420,38.0,67,45,112,65,2,4,72,4.0,1.76,1.18,2.95,1.71,2.89,,448.0,,,,,,,,,2011-2012,Serie-A,,,,,,,,,,,,,,,
Lazio,32,29.1,,38,418,3420,38.0,54,37,91,47,7,7,81,9.0,1.42,0.97,2.39,1.24,2.21,,598.0,,,,,,,,,2011-2012,Serie-A,,,,,,,,,,,,,,,
Lecce,31,27.8,,38,418,3420,38.0,40,21,61,34,6,7,113,9.0,1.05,0.55,1.61,0.89,1.45,,615.0,,,,,,,,,2011-2012,Serie-A,,,,,,,,,,,,,,,
Milan,32,29.1,,38,418,3420,38.0,72,44,116,62,10,10,79,4.0,1.89,1.16,3.05,1.63,2.79,,526.0,,,,,,,,,2011-2012,Serie-A,,,,,,,,,,,,,,,
Napoli,25,28.3,,38,418,3420,38.0,65,40,105,61,4,9,80,5.0,1.71,1.05,2.76,1.61,2.66,,469.0,,,,,,,,,2011-2012,Serie-A,,,,,,,,,,,,,,,
Novara,32,28.7,,38,418,3420,38.0,34,17,51,28,6,7,83,6.0,0.89,0.45,1.34,0.74,1.18,,591.0,,,,,,,,,2011-2012,Serie-A,,,,,,,,,,,,,,,
Palermo,30,26.3,,38,418,3420,38.0,50,34,84,45,5,5,91,6.0,1.32,0.89,2.21,1.18,2.08,,576.0,,,,,,,,,2011-2012,Serie-A,,,,,,,,,,,,,,,
Parma,32,28.2,,38,418,3420,38.0,52,25,77,45,7,8,83,2.0,1.37,0.66,2.03,1.18,1.84,,604.0,,,,,,,,,2011-2012,Serie-A,,,,,,,,,,,,,,,
Roma,30,26.9,,38,418,3420,38.0,59,40,99,57,2,4,80,10.0,1.55,1.05,2.61,1.5,2.55,,473.0,,,,,,,,,2011-2012,Serie-A,,,,,,,,,,,,,,,
Siena,29,28.2,,38,418,3420,38.0,45,20,65,38,7,8,96,2.0,1.18,0.53,1.71,1.0,1.53,,608.0,,,,,,,,,2011-2012,Serie-A,,,,,,,,,,,,,,,
Udinese,26,26.7,,38,418,3420,38.0,51,35,86,47,4,5,88,3.0,1.34,0.92,2.26,1.24,2.16,,594.0,,,,,,,,,2011-2012,Serie-A,,,,,,,,,,,,,,,
Atalanta,32,25.2,50.2,38,417,3420,38.0,62,43,105,57,5,5,90,2.0,1.63,1.13,2.76,1.5,2.63,2.0,600.0,555.0,80.0,863.0,698.0,491.0,6.0,4.0,1.0,2016-2017,Serie-A,,,,,,,,,,,,,,,
Bologna,28,26.3,46.3,38,418,3420,38.0,39,29,68,38,1,2,87,2.0,1.03,0.76,1.79,1.0,1.76,2.0,485.0,519.0,96.0,627.0,605.0,534.0,1.0,5.0,2.0,2016-2017,Serie-A,,,,,,,,,,,,,,,
Cagliari,34,28.7,43.2,38,418,3420,38.0,53,30,83,49,4,6,104,3.0,1.39,0.79,2.18,1.29,2.08,3.0,543.0,505.0,99.0,553.0,574.0,556.0,7.0,12.0,2.0,2016-2017,Serie-A,,,,,,,,,,,,,,,
Chievo,29,31.3,46.7,38,418,3420,38.0,42,29,71,38,4,5,88,3.0,1.11,0.76,1.87,1.0,1.76,3.0,565.0,535.0,103.0,722.0,536.0,463.0,6.0,6.0,1.0,2016-2017,Serie-A,,,,,,,,,,,,,,,
Crotone,31,26.0,37.1,38,418,3420,38.0,34,22,56,30,4,5,93,3.0,0.89,0.58,1.47,0.79,1.37,3.0,584.0,478.0,111.0,748.0,620.0,533.0,3.0,10.0,0.0,2016-2017,Serie-A,,,,,,,,,,,,,,,
Empoli,29,26.8,49.0,38,418,3420,38.0,29,19,48,25,4,5,107,0.0,0.76,0.5,1.26,0.66,1.16,0.0,535.0,609.0,94.0,752.0,529.0,471.0,4.0,11.0,2.0,2016-2017,Serie-A,,,,,,,,,,,,,,,
Fiorentina,30,27.3,58.3,38,418,3420,38.0,62,46,108,56,6,10,98,3.0,1.63,1.21,2.84,1.47,2.68,3.0,537.0,535.0,87.0,833.0,504.0,434.0,7.0,6.0,0.0,2016-2017,Serie-A,,,,,,,,,,,,,,,
Genoa,33,26.9,48.8,38,418,3420,38.0,36,30,66,34,2,3,97,4.0,0.95,0.79,1.74,0.89,1.68,4.0,625.0,450.0,86.0,917.0,526.0,510.0,2.0,10.0,5.0,2016-2017,Serie-A,,,,,,,,,,,,,,,
Inter,29,27.5,56.4,38,418,3420,38.0,70,55,125,67,3,5,81,3.0,1.84,1.45,3.29,1.76,3.21,3.0,540.0,516.0,81.0,1212.0,570.0,571.0,4.0,6.0,1.0,2016-2017,Serie-A,,,,,,,,,,,,,,,
Juventus,27,29.1,57.0,38,418,3420,38.0,72,49,121,69,3,3,70,0.0,1.89,1.29,3.18,1.82,3.11,0.0,484.0,562.0,95.0,786.0,557.0,457.0,2.0,1.0,1.0,2016-2017,Serie-A,,,,,,,,,,,,,,,
Lazio,30,26.0,51.0,38,418,3420,38.0,73,47,120,61,12,14,96,3.0,1.92,1.24,3.16,1.61,2.84,3.0,542.0,432.0,106.0,792.0,538.0,591.0,12.0,9.0,3.0,2016-2017,Serie-A,,,,,,,,,,,,,,,
Milan,28,25.0,54.1,38,418,3420,38.0,55,39,94,48,7,12,98,9.0,1.45,1.03,2.47,1.26,2.29,9.0,519.0,518.0,98.0,799.0,411.0,487.0,10.0,10.0,2.0,2016-2017,Serie-A,,,,,,,,,,,,,,,
Napoli,26,26.9,62.1,38,418,3420,38.0,94,68,162,89,5,6,58,0.0,2.47,1.79,4.26,2.34,4.13,0.0,376.0,430.0,85.0,790.0,442.0,487.0,6.0,7.0,1.0,2016-2017,Serie-A,,,,,,,,,,,,,,,
Palermo,30,26.1,45.6,38,418,3420,38.0,33,24,57,32,1,1,107,6.0,0.87,0.63,1.5,0.84,1.47,6.0,568.0,534.0,87.0,665.0,657.0,494.0,1.0,6.0,1.0,2016-2017,Serie-A,,,,,,,,,,,,,,,
Pescara,34,26.6,46.4,38,418,3420,38.0,32,27,59,30,2,6,98,3.0,0.84,0.71,1.55,0.79,1.5,3.0,551.0,537.0,117.0,661.0,549.0,512.0,7.0,6.0,1.0,2016-2017,Serie-A,,,,,,,,,,,,,,,
Roma,22,26.7,57.1,38,418,3420,38.0,88,59,147,76,12,14,64,0.0,2.32,1.55,3.87,2.0,3.55,0.0,461.0,488.0,88.0,916.0,622.0,526.0,12.0,4.0,0.0,2016-2017,Serie-A,,,,,,,,,,,,,,,
Sampdoria,24,26.6,52.3,38,418,3420,38.0,45,31,76,38,7,8,75,1.0,1.18,0.82,2.0,1.0,1.82,1.0,511.0,502.0,81.0,782.0,468.0,511.0,6.0,8.0,0.0,2016-2017,Serie-A,,,,,,,,,,,,,,,
Sassuolo,28,26.7,46.8,38,418,3420,38.0,59,36,95,50,9,10,90,0.0,1.55,0.95,2.5,1.32,2.26,0.0,517.0,541.0,75.0,751.0,590.0,534.0,8.0,9.0,1.0,2016-2017,Serie-A,,,,,,,,,,,,,,,
Torino,29,26.4,50.7,38,418,3420,38.0,70,54,124,65,5,9,88,3.0,1.84,1.42,3.26,1.71,3.13,3.0,581.0,497.0,91.0,750.0,594.0,508.0,10.0,7.0,1.0,2016-2017,Serie-A,,,,,,,,,,,,,,,
Udinese,29,26.7,41.8,38,418,3420,38.0,47,29,76,45,2,3,85,0.0,1.24,0.76,2.0,1.18,1.95,0.0,481.0,516.0,42.0,853.0,526.0,507.0,3.0,9.0,2.0,2016-2017,Serie-A,,,,,,,,,,,,,,,
Atalanta,32,28.1,46.4,38,418,3420,38.0,37,21,58,33,4,5,113,0.0,0.97,0.55,1.53,0.87,1.42,,617.0,,,,,,,,,2014-2015,Serie-A,,,,,,,,,,,,,,,
Cagliari,29,25.7,48.2,38,418,3420,38.0,45,31,76,41,4,7,115,0.0,1.18,0.82,2.0,1.08,1.89,,577.0,,,,,,,,,2014-2015,Serie-A,,,,,,,,,,,,,,,
Cesena,33,27.3,44.4,38,418,3420,38.0,34,23,57,29,5,6,107,0.0,0.89,0.61,1.5,0.76,1.37,,601.0,,,,,,,,,2014-2015,Serie-A,,,,,,,,,,,,,,,
Chievo,27,29.1,44.8,38,418,3420,38.0,27,20,47,26,1,2,86,0.0,0.71,0.53,1.24,0.68,1.21,,610.0,,,,,,,,,2014-2015,Serie-A,,,,,,,,,,,,,,,
Empoli,26,25.1,49.4,38,418,3420,38.0,43,35,78,40,3,3,64,0.0,1.13,0.92,2.05,1.05,1.97,,480.0,,,,,,,,,2014-2015,Serie-A,,,,,,,,,,,,,,,
Fiorentina,30,27.9,55.9,38,418,3420,38.0,61,41,102,59,2,7,86,0.0,1.61,1.08,2.68,1.55,2.63,,521.0,,,,,,,,,2014-2015,Serie-A,,,,,,,,,,,,,,,
Genoa,33,26.0,50.9,38,418,3420,38.0,58,41,99,53,5,7,108,0.0,1.53,1.08,2.61,1.39,2.47,,612.0,,,,,,,,,2014-2015,Serie-A,,,,,,,,,,,,,,,
Hellas Verona,30,29.7,44.1,38,418,3420,38.0,48,35,83,44,4,6,105,0.0,1.26,0.92,2.18,1.16,2.08,,505.0,,,,,,,,,2014-2015,Serie-A,,,,,,,,,,,,,,,
Inter,34,26.5,56.6,38,418,3420,38.0,58,36,94,53,5,7,101,0.0,1.53,0.95,2.47,1.39,2.34,,546.0,,,,,,,,,2014-2015,Serie-A,,,,,,,,,,,,,,,
Juventus,28,28.8,56.2,38,418,3420,38.0,71,44,115,65,6,9,76,0.0,1.87,1.16,3.03,1.71,2.87,,513.0,,,,,,,,,2014-2015,Serie-A,,,,,,,,,,,,,,,
Lazio,29,28.0,52.2,38,418,3420,38.0,70,47,117,67,3,5,114,0.0,1.84,1.24,3.08,1.76,3.0,,654.0,,,,,,,,,2014-2015,Serie-A,,,,,,,,,,,,,,,
Milan,35,28.1,51.3,38,418,3420,38.0,54,33,87,43,11,11,96,0.0,1.42,0.87,2.29,1.13,2.0,,523.0,,,,,,,,,2014-2015,Serie-A,,,,,,,,,,,,,,,
Napoli,26,27.0,54.8,38,418,3420,38.0,65,41,106,61,4,9,86,0.0,1.71,1.08,2.79,1.61,2.68,,506.0,,,,,,,,,2014-2015,Serie-A,,,,,,,,,,,,,,,
Palermo,31,26.8,49.6,38,418,3420,38.0,52,34,86,47,5,7,89,0.0,1.37,0.89,2.26,1.24,2.13,,565.0,,,,,,,,,2014-2015,Serie-A,,,,,,,,,,,,,,,
Parma,38,28.4,44.9,38,418,3420,38.0,31,20,51,29,2,2,110,0.0,0.82,0.53,1.34,0.76,1.29,,634.0,,,,,,,,,2014-2015,Serie-A,,,,,,,,,,,,,,,
Roma,32,28.0,57.3,38,418,3420,38.0,53,40,93,47,6,7,111,0.0,1.39,1.05,2.45,1.24,2.29,,510.0,,,,,,,,,2014-2015,Serie-A,,,,,,,,,,,,,,,
Sampdoria,30,26.2,50.4,38,418,3420,38.0,46,30,76,44,2,2,103,0.0,1.21,0.79,2.0,1.16,1.95,,588.0,,,,,,,,,2014-2015,Serie-A,,,,,,,,,,,,,,,
Sassuolo,27,27.0,47.0,38,418,3420,38.0,47,30,77,40,7,9,115,0.0,1.24,0.79,2.03,1.05,1.84,,563.0,,,,,,,,,2014-2015,Serie-A,,,,,,,,,,,,,,,
Torino,31,28.1,49.2,38,418,3420,38.0,48,32,80,45,3,6,100,0.0,1.26,0.84,2.11,1.18,2.03,,528.0,,,,,,,,,2014-2015,Serie-A,,,,,,,,,,,,,,,
Udinese,28,26.9,46.5,38,418,3420,38.0,41,27,68,40,1,1,99,0.0,1.08,0.71,1.79,1.05,1.76,,514.0,,,,,,,,,2014-2015,Serie-A,,,,,,,,,,,,,,,
Augsburg,28,27.1,41.9,34,374,3060,34.0,35,22,57,32,3,4,71,2.0,1.03,0.65,1.68,0.94,1.59,2.0,481.0,441.0,68.0,426.0,794.0,512.0,4.0,4.0,1.0,2016-2017,Bundesliga,,,,,,,,,,,,,,,
Bayern Munich,22,28.0,69.0,34,374,3060,34.0,88,64,152,83,5,5,47,0.0,2.59,1.88,4.47,2.44,4.32,0.0,351.0,411.0,92.0,661.0,686.0,421.0,4.0,3.0,0.0,2016-2017,Bundesliga,,,,,,,,,,,,,,,
Darmstadt 98,31,27.6,38.3,34,374,3060,34.0,28,16,44,23,5,7,76,5.0,0.82,0.47,1.29,0.68,1.15,5.0,496.0,450.0,87.0,446.0,688.0,484.0,6.0,8.0,2.0,2016-2017,Bundesliga,,,,,,,,,,,,,,,
Dortmund,27,25.3,62.0,34,374,3060,34.0,71,49,120,66,5,7,57,,2.09,1.44,3.53,1.94,3.38,1.0,334.0,550.0,81.0,468.0,566.0,432.0,5.0,2.0,1.0,2016-2017,Bundesliga,,,,,,,,,,,,,,,
Eint Frankfurt,26,25.9,49.9,34,374,3060,34.0,35,24,59,33,2,6,86,1.0,1.03,0.71,1.74,0.97,1.68,1.0,527.0,468.0,69.0,518.0,849.0,436.0,5.0,4.0,1.0,2016-2017,Bundesliga,,,,,,,,,,,,,,,
Freiburg,25,24.7,46.7,34,374,3060,34.0,42,28,70,36,6,8,56,0.0,1.24,0.82,2.06,1.06,1.88,0.0,429.0,468.0,58.0,351.0,566.0,471.0,8.0,6.0,0.0,2016-2017,Bundesliga,,,,,,,,,,,,,,,
Gladbach,24,25.3,53.9,34,374,3060,34.0,44,27,71,43,1,4,50,2.0,1.29,0.79,2.09,1.26,2.06,2.0,411.0,445.0,88.0,396.0,655.0,518.0,2.0,5.0,0.0,2016-2017,Bundesliga,,,,,,,,,,,,,,,
Hamburger SV,29,25.8,43.8,34,374,3060,34.0,32,26,58,32,0,2,77,2.0,0.94,0.76,1.71,0.94,1.71,2.0,549.0,456.0,79.0,501.0,737.0,553.0,2.0,6.0,1.0,2016-2017,Bundesliga,,,,,,,,,,,,,,,
Hertha BSC,26,27.1,48.5,34,374,3060,34.0,42,26,68,37,5,5,67,2.0,1.24,0.76,2.0,1.09,1.85,2.0,471.0,482.0,55.0,426.0,676.0,457.0,5.0,5.0,1.0,2016-2017,Bundesliga,,,,,,,,,,,,,,,
Hoffenheim,23,25.0,56.2,34,374,3060,34.0,64,47,111,59,5,5,63,0.0,1.88,1.38,3.26,1.74,3.12,0.0,502.0,518.0,84.0,417.0,676.0,424.0,5.0,3.0,2.0,2016-2017,Bundesliga,,,,,,,,,,,,,,,
Ingolstadt 04,22,26.9,45.9,34,374,3060,34.0,35,20,55,29,6,8,75,3.0,1.03,0.59,1.62,0.85,1.44,3.0,538.0,549.0,77.0,559.0,733.0,500.0,7.0,9.0,2.0,2016-2017,Bundesliga,,,,,,,,,,,,,,,
Köln,26,26.2,43.4,34,374,3060,34.0,49,36,85,46,3,4,74,1.0,1.44,1.06,2.5,1.35,2.41,1.0,466.0,472.0,95.0,410.0,729.0,484.0,4.0,4.0,1.0,2016-2017,Bundesliga,,,,,,,,,,,,,,,
Leverkusen,24,24.2,54.3,34,374,3060,34.0,53,39,92,49,4,9,56,3.0,1.56,1.15,2.71,1.44,2.59,3.0,462.0,399.0,78.0,407.0,708.0,516.0,7.0,3.0,1.0,2016-2017,Bundesliga,,,,,,,,,,,,,,,
Mainz 05,28,25.1,46.0,34,374,3060,34.0,43,28,71,36,7,7,73,3.0,1.26,0.82,2.09,1.06,1.88,3.0,480.0,477.0,107.0,491.0,787.0,472.0,7.0,4.0,0.0,2016-2017,Bundesliga,,,,,,,,,,,,,,,
RB Leipzig,23,24.0,53.0,34,374,3060,34.0,62,49,111,59,3,4,68,1.0,1.82,1.44,3.26,1.74,3.18,1.0,508.0,471.0,120.0,429.0,770.0,582.0,4.0,5.0,1.0,2016-2017,Bundesliga,,,,,,,,,,,,,,,
Schalke 04,29,25.3,51.8,34,374,3060,34.0,45,30,75,43,2,4,69,0.0,1.32,0.88,2.21,1.26,2.15,0.0,494.0,441.0,96.0,566.0,805.0,450.0,4.0,10.0,1.0,2016-2017,Bundesliga,,,,,,,,,,,,,,,
Werder Bremen,31,27.0,44.6,34,374,3060,34.0,61,39,100,55,6,6,67,0.0,1.79,1.15,2.94,1.62,2.76,0.0,452.0,515.0,58.0,371.0,718.0,438.0,6.0,11.0,1.0,2016-2017,Bundesliga,,,,,,,,,,,,,,,
Wolfsburg,31,25.7,51.7,34,374,3060,34.0,32,23,55,29,3,3,69,2.0,0.94,0.68,1.62,0.85,1.53,2.0,498.0,486.0,61.0,548.0,701.0,438.0,3.0,5.0,1.0,2016-2017,Bundesliga,,,,,,,,,,,,,,,
Alavés,32,27.6,41.5,38,418,3420,38.0,34,20,54,28,6,6,111,7.0,0.89,0.53,1.42,0.74,1.26,3.0,621.0,432.0,61.0,562.0,392.0,346.0,5.0,15.0,0.0,2019-2020,La-Liga,39.3,34.7,26.9,61.6,403.0,944.0,1.03,0.71,1.74,0.91,1.62,1766.0,905.0,712.0,56.0
Athletic Club,26,26.7,48.7,38,418,3420,38.0,40,23,63,32,8,10,90,2.0,1.05,0.61,1.66,0.84,1.45,0.0,522.0,436.0,84.0,754.0,373.0,324.0,4.0,7.0,2.0,2019-2020,La-Liga,41.5,33.8,26.2,60.0,604.0,1291.0,1.09,0.69,1.78,0.89,1.58,1911.0,912.0,683.0,57.2
Atlético Madrid,30,26.1,48.6,38,418,3420,38.0,50,35,85,44,6,8,93,3.0,1.32,0.92,2.24,1.16,2.08,2.0,513.0,479.0,116.0,574.0,412.0,406.0,6.0,4.0,3.0,2019-2020,La-Liga,56.8,50.6,39.4,90.0,598.0,1333.0,1.5,1.04,2.53,1.33,2.37,1950.0,827.0,723.0,53.4
Barcelona,28,27.8,66.4,38,418,3420,38.0,84,62,146,78,6,6,92,6.0,2.21,1.63,3.84,2.05,3.68,3.0,416.0,529.0,83.0,417.0,342.0,323.0,3.0,7.0,0.0,2019-2020,La-Liga,66.3,61.7,49.5,111.2,923.0,2042.0,1.75,1.3,3.05,1.62,2.93,1874.0,455.0,364.0,55.6
Betis,27,27.5,56.7,38,418,3420,38.0,48,35,83,42,6,8,108,9.0,1.26,0.92,2.18,1.11,2.03,3.0,473.0,577.0,84.0,624.0,302.0,299.0,6.0,11.0,1.0,2019-2020,La-Liga,51.0,45.2,36.9,82.0,834.0,1475.0,1.34,0.97,2.31,1.19,2.16,1709.0,579.0,558.0,50.9
Celta Vigo,30,25.8,51.7,38,418,3420,38.0,37,26,63,31,6,9,104,6.0,0.97,0.68,1.66,0.82,1.5,3.0,473.0,527.0,70.0,636.0,396.0,357.0,6.0,5.0,0.0,2019-2020,La-Liga,39.2,32.4,26.2,58.7,670.0,1364.0,1.03,0.69,1.72,0.85,1.54,1905.0,650.0,659.0,49.7
Eibar,26,29.3,46.3,38,418,3420,38.0,38,24,62,31,7,10,92,3.0,1.0,0.63,1.63,0.82,1.45,2.0,538.0,411.0,73.0,870.0,430.0,338.0,5.0,6.0,1.0,2019-2020,La-Liga,42.0,34.2,26.0,60.2,424.0,1265.0,1.1,0.68,1.79,0.9,1.58,2039.0,974.0,1091.0,47.2
Espanyol,31,27.7,47.4,38,418,3420,38.0,25,17,42,21,4,4,107,9.0,0.66,0.45,1.11,0.55,1.0,6.0,581.0,469.0,65.0,710.0,360.0,364.0,1.0,7.0,2.0,2019-2020,La-Liga,38.6,35.6,27.3,62.9,561.0,1240.0,1.02,0.72,1.74,0.94,1.66,1927.0,755.0,814.0,48.1
Getafe,30,27.5,45.0,38,418,3420,38.0,42,31,73,36,6,7,135,5.0,1.11,0.82,1.92,0.95,1.76,2.0,706.0,495.0,106.0,833.0,367.0,341.0,4.0,6.0,2.0,2019-2020,La-Liga,41.6,36.1,27.9,64.0,416.0,1196.0,1.09,0.73,1.83,0.95,1.69,1947.0,914.0,1024.0,47.2
Granada,27,26.8,43.8,38,418,3420,38.0,50,34,84,45,5,5,109,1.0,1.32,0.89,2.21,1.18,2.08,1.0,590.0,497.0,70.0,670.0,383.0,349.0,3.0,5.0,0.0,2019-2020,La-Liga,44.9,40.9,30.5,71.4,511.0,1009.0,1.18,0.8,1.98,1.08,1.88,1764.0,748.0,849.0,46.8
Leganés,29,26.9,43.9,38,418,3420,38.0,30,19,49,27,3,5,127,4.0,0.79,0.5,1.29,0.71,1.21,2.0,591.0,500.0,75.0,771.0,418.0,357.0,4.0,7.0,1.0,2019-2020,La-Liga,39.9,35.9,27.7,63.7,498.0,1165.0,1.05,0.73,1.78,0.95,1.68,1821.0,778.0,865.0,47.4
Levante,29,27.7,48.3,38,418,3420,38.0,45,28,73,40,5,5,79,5.0,1.18,0.74,1.92,1.05,1.79,4.0,468.0,460.0,81.0,697.0,331.0,288.0,5.0,7.0,2.0,2019-2020,La-Liga,48.1,44.2,36.3,80.5,711.0,1358.0,1.27,0.95,2.22,1.16,2.12,1913.0,504.0,555.0,47.6
Mallorca,32,26.8,45.0,38,418,3420,38.0,39,21,60,31,8,10,93,5.0,1.03,0.55,1.58,0.82,1.37,4.0,509.0,526.0,58.0,682.0,376.0,338.0,8.0,16.0,1.0,2019-2020,La-Liga,41.1,33.3,25.4,58.7,740.0,1210.0,1.08,0.67,1.75,0.88,1.55,1867.0,634.0,729.0,46.5
Osasuna,31,27.7,47.4,38,418,3420,38.0,46,26,72,38,8,8,110,6.0,1.21,0.68,1.89,1.0,1.68,3.0,551.0,410.0,80.0,755.0,417.0,361.0,2.0,5.0,0.0,2019-2020,La-Liga,49.4,43.2,34.4,77.6,562.0,1359.0,1.3,0.91,2.21,1.14,2.04,2056.0,874.0,869.0,50.1
Real Madrid,26,27.6,58.8,38,418,3420,38.0,69,52,121,58,11,11,82,4.0,1.82,1.37,3.18,1.53,2.89,3.0,487.0,474.0,84.0,776.0,381.0,355.0,11.0,2.0,0.0,2019-2020,La-Liga,67.9,59.2,49.9,109.1,951.0,1972.0,1.79,1.31,3.1,1.56,2.87,2047.0,521.0,411.0,55.9
Real Sociedad,27,24.8,56.2,38,418,3420,38.0,54,38,92,50,4,5,79,2.0,1.42,1.0,2.42,1.32,2.32,2.0,501.0,489.0,78.0,719.0,320.0,321.0,2.0,9.0,1.0,2019-2020,La-Liga,48.9,45.1,35.4,80.5,737.0,1588.0,1.29,0.93,2.22,1.19,2.12,1892.0,815.0,710.0,53.4
Sevilla,26,27.7,57.9,38,418,3420,38.0,53,35,88,46,7,7,97,1.0,1.39,0.92,2.32,1.21,2.13,1.0,522.0,480.0,92.0,880.0,346.0,344.0,4.0,4.0,1.0,2019-2020,La-Liga,53.2,47.9,38.4,86.3,803.0,1823.0,1.4,1.01,2.41,1.26,2.27,2069.0,746.0,695.0,51.8
Valencia,28,27.0,49.0,38,418,3420,38.0,45,34,79,40,5,8,80,8.0,1.18,0.89,2.08,1.05,1.95,3.0,416.0,543.0,100.0,677.0,360.0,311.0,6.0,9.0,1.0,2019-2020,La-Liga,43.3,37.2,31.7,68.9,671.0,1378.0,1.14,0.83,1.97,0.98,1.81,1778.0,553.0,601.0,47.9
Valladolid,30,27.1,44.7,38,418,3420,38.0,31,19,50,28,3,6,84,0.0,0.82,0.5,1.32,0.74,1.24,0.0,484.0,530.0,81.0,645.0,390.0,327.0,6.0,8.0,0.0,2019-2020,La-Liga,36.6,32.1,24.0,56.1,510.0,1106.0,0.96,0.63,1.59,0.85,1.48,1964.0,618.0,764.0,44.7
Villarreal,25,27.6,52.9,38,418,3420,38.0,62,40,102,52,10,11,78,1.0,1.63,1.05,2.68,1.37,2.42,0.0,483.0,422.0,71.0,619.0,339.0,323.0,10.0,9.0,2.0,2019-2020,La-Liga,63.6,55.2,43.1,98.3,694.0,1483.0,1.67,1.13,2.81,1.45,2.59,1894.0,536.0,622.0,46.3
Atalanta,33,27.8,48.4,38,418,3420,38.0,38,23,61,34,4,6,114,0.0,1.0,0.61,1.61,0.89,1.5,,643.0,,,,,,,,,2015-2016,Serie-A,,,,,,,,,,,,,,,
Bologna,31,27.0,45.8,38,418,3420,38.0,33,22,55,31,2,3,98,0.0,0.87,0.58,1.45,0.82,1.39,,531.0,,,,,,,,,2015-2016,Serie-A,,,,,,,,,,,,,,,
Carpi,35,25.9,38.6,38,418,3420,38.0,33,22,55,28,5,8,115,0.0,0.87,0.58,1.45,0.74,1.32,,631.0,,,,,,,,,2015-2016,Serie-A,,,,,,,,,,,,,,,
Chievo,26,30.5,45.3,38,418,3420,38.0,42,28,70,37,5,8,108,0.0,1.11,0.74,1.84,0.97,1.71,,638.0,,,,,,,,,2015-2016,Serie-A,,,,,,,,,,,,,,,
Empoli,29,25.4,52.5,38,418,3420,38.0,39,29,68,38,1,2,101,0.0,1.03,0.76,1.79,1.0,1.76,,509.0,,,,,,,,,2015-2016,Serie-A,,,,,,,,,,,,,,,
Fiorentina,26,27.6,61.0,38,418,3420,38.0,58,38,96,50,8,9,102,0.0,1.53,1.0,2.53,1.32,2.32,,535.0,,,,,,,,,2015-2016,Serie-A,,,,,,,,,,,,,,,
Frosinone,28,26.5,39.7,38,418,3420,38.0,34,22,56,31,3,3,116,0.0,0.89,0.58,1.47,0.82,1.39,,640.0,,,,,,,,,2015-2016,Serie-A,,,,,,,,,,,,,,,
Genoa,30,26.7,50.2,38,418,3420,38.0,44,35,79,40,4,4,91,0.0,1.16,0.92,2.08,1.05,1.97,,645.0,,,,,,,,,2015-2016,Serie-A,,,,,,,,,,,,,,,
Hellas Verona,32,27.5,45.3,38,418,3420,38.0,34,23,57,28,6,7,97,0.0,0.89,0.61,1.5,0.74,1.34,,625.0,,,,,,,,,2015-2016,Serie-A,,,,,,,,,,,,,,,
Inter,28,26.7,55.0,38,418,3420,38.0,49,35,84,47,2,3,104,0.0,1.29,0.92,2.21,1.24,2.16,,514.0,,,,,,,,,2015-2016,Serie-A,,,,,,,,,,,,,,,
Juventus,28,28.3,56.0,38,418,3420,38.0,72,54,126,63,9,9,97,0.0,1.89,1.42,3.32,1.66,3.08,,570.0,,,,,,,,,2015-2016,Serie-A,,,,,,,,,,,,,,,
Lazio,27,27.6,54.4,38,418,3420,38.0,52,31,83,43,9,11,107,0.0,1.37,0.82,2.18,1.13,1.95,,592.0,,,,,,,,,2015-2016,Serie-A,,,,,,,,,,,,,,,
Milan,30,26.4,52.9,38,418,3420,38.0,49,28,77,43,6,7,96,0.0,1.29,0.74,2.03,1.13,1.87,,554.0,,,,,,,,,2015-2016,Serie-A,,,,,,,,,,,,,,,
Napoli,22,26.5,62.6,38,418,3420,38.0,78,56,134,71,7,8,72,0.0,2.05,1.47,3.53,1.87,3.34,,464.0,,,,,,,,,2015-2016,Serie-A,,,,,,,,,,,,,,,
Palermo,31,26.8,43.2,38,418,3420,38.0,37,31,68,36,1,1,103,0.0,0.97,0.82,1.79,0.95,1.76,,644.0,,,,,,,,,2015-2016,Serie-A,,,,,,,,,,,,,,,
Roma,32,26.2,57.7,38,418,3420,38.0,83,55,138,79,4,4,87,0.0,2.18,1.45,3.63,2.08,3.53,,533.0,,,,,,,,,2015-2016,Serie-A,,,,,,,,,,,,,,,
Sampdoria,35,27.5,49.4,38,418,3420,38.0,45,30,75,42,3,3,111,0.0,1.18,0.79,1.97,1.11,1.89,,578.0,,,,,,,,,2015-2016,Serie-A,,,,,,,,,,,,,,,
Sassuolo,26,27.0,51.1,38,418,3420,38.0,48,33,81,44,4,5,98,0.0,1.26,0.87,2.13,1.16,2.03,,585.0,,,,,,,,,2015-2016,Serie-A,,,,,,,,,,,,,,,
Torino,27,27.6,47.5,38,418,3420,38.0,49,29,78,40,9,11,99,0.0,1.29,0.76,2.05,1.05,1.82,,652.0,,,,,,,,,2015-2016,Serie-A,,,,,,,,,,,,,,,
Udinese,28,27.6,44.4,38,418,3420,38.0,34,23,57,32,2,2,105,0.0,0.89,0.61,1.5,0.84,1.45,,579.0,,,,,,,,,2015-2016,Serie-A,,,,,,,,,,,,,,,
Arminia,29,28.3,,34,373,3060,34.0,37,28,65,36,1,3,48,0.0,1.09,0.82,1.91,1.06,1.88,,,,,,,,,,,2004-2005,Bundesliga,,,,,,,,,,,,,,,
Bayern Munich,26,27.8,,34,374,3060,34.0,73,60,133,69,4,4,62,4.0,2.15,1.76,3.91,2.03,3.79,,,,,,,,,,,2004-2005,Bundesliga,,,,,,,,,,,,,,,
Bochum,27,27.9,,34,374,3060,34.0,42,31,73,38,4,5,73,4.0,1.24,0.91,2.15,1.12,2.03,,,,,,,,,,,2004-2005,Bundesliga,,,,,,,,,,,,,,,
Dortmund,27,25.6,,34,372,3060,34.0,47,36,83,45,2,3,63,2.0,1.38,1.06,2.44,1.32,2.38,,,,,,,,,,,2004-2005,Bundesliga,,,,,,,,,,,,,,,
Freiburg,29,26.0,,34,372,3060,34.0,30,21,51,30,0,1,64,4.0,0.88,0.62,1.5,0.88,1.5,,,,,,,,,,,2004-2005,Bundesliga,,,,,,,,,,,,,,,
Gladbach,31,27.5,,34,376,3060,34.0,35,26,61,31,4,5,85,3.0,1.03,0.76,1.79,0.91,1.68,,,,,,,,,,,2004-2005,Bundesliga,,,,,,,,,,,,,,,
Hamburger SV,26,26.8,,34,374,3060,34.0,55,42,97,54,1,3,91,4.0,1.62,1.24,2.85,1.59,2.82,,,,,,,,,,,2004-2005,Bundesliga,,,,,,,,,,,,,,,
Hannover 96,26,27.2,,34,376,3060,34.0,34,26,60,33,1,1,39,1.0,1.0,0.76,1.76,0.97,1.74,,,,,,,,,,,2004-2005,Bundesliga,,,,,,,,,,,,,,,
Hansa Rostock,25,27.8,,34,374,3060,34.0,31,21,52,30,1,3,87,4.0,0.91,0.62,1.53,0.88,1.5,,,,,,,,,,,2004-2005,Bundesliga,,,,,,,,,,,,,,,
Hertha BSC,22,27.0,,34,374,3060,34.0,59,43,102,54,5,6,69,5.0,1.74,1.26,3.0,1.59,2.85,,,,,,,,,,,2004-2005,Bundesliga,,,,,,,,,,,,,,,
Kaiserslautern,27,27.1,,34,373,3060,34.0,41,25,66,35,6,6,78,2.0,1.21,0.74,1.94,1.03,1.76,,,,,,,,,,,2004-2005,Bundesliga,,,,,,,,,,,,,,,
Leverkusen,24,26.9,,34,371,3060,34.0,65,46,111,63,2,2,62,2.0,1.91,1.35,3.26,1.85,3.21,,,,,,,,,,,2004-2005,Bundesliga,,,,,,,,,,,,,,,
Mainz 05,25,26.7,,34,374,3060,34.0,48,34,82,47,1,1,50,2.0,1.41,1.0,2.41,1.38,2.38,,,,,,,,,,,2004-2005,Bundesliga,,,,,,,,,,,,,,,
Nürnberg,25,26.5,,34,368,3060,34.0,53,41,94,47,6,7,81,4.0,1.56,1.21,2.76,1.38,2.59,,,,,,,,,,,2004-2005,Bundesliga,,,,,,,,,,,,,,,
Schalke 04,22,27.5,,34,375,3060,34.0,56,40,96,54,2,3,75,4.0,1.65,1.18,2.82,1.59,2.76,,,,,,,,,,,2004-2005,Bundesliga,,,,,,,,,,,,,,,
Stuttgart,24,26.4,,34,374,3060,34.0,52,44,96,48,4,4,79,5.0,1.53,1.29,2.82,1.41,2.71,,,,,,,,,,,2004-2005,Bundesliga,,,,,,,,,,,,,,,
Werder Bremen,23,26.8,,34,374,3060,34.0,67,55,122,65,2,2,58,4.0,1.97,1.62,3.59,1.91,3.53,,,,,,,,,,,2004-2005,Bundesliga,,,,,,,,,,,,,,,
Wolfsburg,24,28.1,,34,374,3060,34.0,49,37,86,45,4,4,69,5.0,1.44,1.09,2.53,1.32,2.41,,,,,,,,,,,2004-2005,Bundesliga,,,,,,,,,,,,,,,
Arminia,26,27.7,,34,374,3060,34.0,32,21,53,30,2,3,55,0.0,0.94,0.62,1.56,0.88,1.5,,,,,,,,,,,2005-2006,Bundesliga,,,,,,,,,,,,,,,
Bayern Munich,24,28.1,,34,374,3060,34.0,67,49,116,65,2,2,59,4.0,1.97,1.44,3.41,1.91,3.35,,,,,,,,,,,2005-2006,Bundesliga,,,,,,,,,,,,,,,
Dortmund,24,24.7,,34,374,3060,34.0,45,32,77,42,3,3,53,2.0,1.32,0.94,2.26,1.24,2.18,,,,,,,,,,,2005-2006,Bundesliga,,,,,,,,,,,,,,,
Eint Frankfurt,26,26.1,,34,374,3060,34.0,40,25,65,38,2,3,60,1.0,1.18,0.74,1.91,1.12,1.85,,,,,,,,,,,2005-2006,Bundesliga,,,,,,,,,,,,,,,
Gladbach,28,27.2,,34,374,3060,34.0,38,24,62,37,1,1,79,2.0,1.12,0.71,1.82,1.09,1.79,,,,,,,,,,,2005-2006,Bundesliga,,,,,,,,,,,,,,,
Hamburger SV,26,26.3,,34,374,3060,34.0,48,38,86,43,5,5,74,2.0,1.41,1.12,2.53,1.26,2.38,,,,,,,,,,,2005-2006,Bundesliga,,,,,,,,,,,,,,,
Hannover 96,26,27.5,,34,374,3060,34.0,43,32,75,40,3,4,65,2.0,1.26,0.94,2.21,1.18,2.12,,,,,,,,,,,2005-2006,Bundesliga,,,,,,,,,,,,,,,
Hertha BSC,26,26.9,,34,374,3060,34.0,51,33,84,47,4,4,86,8.0,1.5,0.97,2.47,1.38,2.35,,,,,,,,,,,2005-2006,Bundesliga,,,,,,,,,,,,,,,
Kaiserslautern,31,25.7,,34,374,3060,34.0,47,27,74,45,2,3,61,2.0,1.38,0.79,2.18,1.32,2.12,,,,,,,,,,,2005-2006,Bundesliga,,,,,,,,,,,,,,,
Köln,31,25.5,,34,374,3060,34.0,48,30,78,45,3,3,82,7.0,1.41,0.88,2.29,1.32,2.21,,,,,,,,,,,2005-2006,Bundesliga,,,,,,,,,,,,,,,
Leverkusen,23,26.4,,34,374,3060,34.0,63,46,109,58,5,6,63,3.0,1.85,1.35,3.21,1.71,3.06,,,,,,,,,,,2005-2006,Bundesliga,,,,,,,,,,,,,,,
Mainz 05,26,26.5,,34,374,3060,34.0,45,35,80,40,5,6,67,0.0,1.32,1.03,2.35,1.18,2.21,,,,,,,,,,,2005-2006,Bundesliga,,,,,,,,,,,,,,,
MSV Duisburg,28,28.0,,34,374,3060,34.0,33,21,54,30,3,4,96,5.0,0.97,0.62,1.59,0.88,1.5,,,,,,,,,,,2005-2006,Bundesliga,,,,,,,,,,,,,,,
Nürnberg,29,25.5,,34,374,3060,34.0,49,32,81,47,2,3,82,5.0,1.44,0.94,2.38,1.38,2.32,,,,,,,,,,,2005-2006,Bundesliga,,,,,,,,,,,,,,,
Schalke 04,23,27.1,,34,374,3060,34.0,46,31,77,44,2,5,80,6.0,1.35,0.91,2.26,1.29,2.21,,,,,,,,,,,2005-2006,Bundesliga,,,,,,,,,,,,,,,
Stuttgart,23,26.9,,34,374,3060,34.0,36,21,57,34,2,3,75,2.0,1.06,0.62,1.68,1.0,1.62,,,,,,,,,,,2005-2006,Bundesliga,,,,,,,,,,,,,,,
Werder Bremen,23,26.3,,34,374,3060,34.0,78,55,133,76,2,5,70,2.0,2.29,1.62,3.91,2.24,3.85,,,,,,,,,,,2005-2006,Bundesliga,,,,,,,,,,,,,,,
Wolfsburg,27,27.4,,34,374,3060,34.0,33,19,52,32,1,1,84,6.0,0.97,0.56,1.53,0.94,1.5,,,,,,,,,,,2005-2006,Bundesliga,,,,,,,,,,,,,,,
Atalanta,35,27.7,,38,418,3420,38.0,38,25,63,33,5,5,126,12.0,1.0,0.66,1.66,0.87,1.53,,565.0,,,,,,,,,2012-2013,Serie-A,,,,,,,,,,,,,,,
Bologna,31,26.8,,38,418,3420,38.0,45,28,73,41,4,5,106,3.0,1.18,0.74,1.92,1.08,1.82,,656.0,,,,,,,,,2012-2013,Serie-A,,,,,,,,,,,,,,,
Cagliari,25,26.1,,38,408,3420,38.0,41,27,68,34,7,9,109,9.0,1.08,0.71,1.79,0.89,1.61,,655.0,,,,,,,,,2012-2013,Serie-A,,,,,,,,,,,,,,,
Catania,29,27.9,,38,418,3420,38.0,50,38,88,49,1,2,95,7.0,1.32,1.0,2.32,1.29,2.29,,648.0,,,,,,,,,2012-2013,Serie-A,,,,,,,,,,,,,,,
Chievo,35,28.6,,38,417,3420,38.0,37,24,61,32,5,6,105,4.0,0.97,0.63,1.61,0.84,1.47,,615.0,,,,,,,,,2012-2013,Serie-A,,,,,,,,,,,,,,,
Fiorentina,30,26.8,,38,418,3420,38.0,70,56,126,63,7,10,93,3.0,1.84,1.47,3.32,1.66,3.13,,512.0,,,,,,,,,2012-2013,Serie-A,,,,,,,,,,,,,,,
Genoa,37,27.7,,38,418,3420,38.0,38,31,69,36,2,4,105,4.0,1.0,0.82,1.82,0.95,1.76,,603.0,,,,,,,,,2012-2013,Serie-A,,,,,,,,,,,,,,,
Inter,36,28.2,,38,418,3420,38.0,52,42,94,48,4,5,87,4.0,1.37,1.11,2.47,1.26,2.37,,483.0,,,,,,,,,2012-2013,Serie-A,,,,,,,,,,,,,,,
Juventus,28,27.8,,38,418,3420,38.0,71,49,120,63,8,11,77,1.0,1.87,1.29,3.16,1.66,2.95,,478.0,,,,,,,,,2012-2013,Serie-A,,,,,,,,,,,,,,,
Lazio,28,29.1,,38,418,3420,38.0,48,30,78,41,7,9,91,8.0,1.26,0.79,2.05,1.08,1.87,,601.0,,,,,,,,,2012-2013,Serie-A,,,,,,,,,,,,,,,
Milan,29,26.9,,38,418,3420,38.0,64,36,100,54,10,11,99,7.0,1.68,0.95,2.63,1.42,2.37,,517.0,,,,,,,,,2012-2013,Serie-A,,,,,,,,,,,,,,,
Napoli,27,28.5,,38,418,3420,38.0,72,55,127,65,7,10,90,0.0,1.89,1.45,3.34,1.71,3.16,,507.0,,,,,,,,,2012-2013,Serie-A,,,,,,,,,,,,,,,
Palermo,36,26.9,,38,418,3420,38.0,34,26,60,32,2,2,98,8.0,0.89,0.68,1.58,0.84,1.53,,553.0,,,,,,,,,2012-2013,Serie-A,,,,,,,,,,,,,,,
Parma,33,28.1,,38,418,3420,38.0,44,29,73,41,3,5,109,3.0,1.16,0.76,1.92,1.08,1.84,,628.0,,,,,,,,,2012-2013,Serie-A,,,,,,,,,,,,,,,
Pescara,39,25.8,,38,418,3420,38.0,27,15,42,25,2,3,103,9.0,0.71,0.39,1.11,0.66,1.05,,581.0,,,,,,,,,2012-2013,Serie-A,,,,,,,,,,,,,,,
Roma,24,26.0,,38,407,3420,38.0,68,43,111,63,5,7,91,8.0,1.79,1.13,2.92,1.66,2.79,,493.0,,,,,,,,,2012-2013,Serie-A,,,,,,,,,,,,,,,
Sampdoria,29,25.0,,38,418,3420,38.0,41,29,70,35,6,7,93,9.0,1.08,0.76,1.84,0.92,1.68,,527.0,,,,,,,,,2012-2013,Serie-A,,,,,,,,,,,,,,,
Siena,37,28.9,,38,418,3420,38.0,35,28,63,31,4,7,108,6.0,0.92,0.74,1.66,0.82,1.55,,578.0,,,,,,,,,2012-2013,Serie-A,,,,,,,,,,,,,,,
Torino,29,27.7,,38,418,3420,38.0,45,32,77,40,5,6,86,5.0,1.18,0.84,2.03,1.05,1.89,,545.0,,,,,,,,,2012-2013,Serie-A,,,,,,,,,,,,,,,
Udinese,30,26.3,,38,418,3420,38.0,59,37,96,55,4,6,90,6.0,1.55,0.97,2.53,1.45,2.42,,540.0,,,,,,,,,2012-2013,Serie-A,,,,,,,,,,,,,,,
Arsenal,27,24.6,,38,418,3420,38.0,73,57,130,68,5,6,57,3.0,1.92,1.5,3.42,1.79,3.29,,389.0,,,,,,,,,2007-2008,Premier-League,,,,,,,,,,,,,,,
Aston Villa,22,25.5,,38,418,3420,38.0,66,42,108,60,6,7,55,4.0,1.74,1.11,2.84,1.58,2.68,,523.0,,,,,,,,,2007-2008,Premier-League,,,,,,,,,,,,,,,
Birmingham City,28,25.3,,38,418,3420,38.0,44,21,65,38,6,6,68,3.0,1.16,0.55,1.71,1.0,1.55,,502.0,,,,,,,,,2007-2008,Premier-League,,,,,,,,,,,,,,,
Blackburn,22,28.0,,38,418,3420,38.0,50,32,82,45,5,6,78,6.0,1.32,0.84,2.16,1.18,2.03,,552.0,,,,,,,,,2007-2008,Premier-League,,,,,,,,,,,,,,,
Bolton,31,27.5,,38,417,3420,38.0,34,22,56,34,0,1,76,0.0,0.89,0.58,1.47,0.89,1.47,,499.0,,,,,,,,,2007-2008,Premier-League,,,,,,,,,,,,,,,
Chelsea,27,27.0,,38,417,3420,38.0,64,52,116,57,7,7,65,5.0,1.68,1.37,3.05,1.5,2.87,,431.0,,,,,,,,,2007-2008,Premier-League,,,,,,,,,,,,,,,
Derby County,36,27.6,,38,418,3420,38.0,19,12,31,19,0,0,64,1.0,0.5,0.32,0.82,0.5,0.82,,515.0,,,,,,,,,2007-2008,Premier-League,,,,,,,,,,,,,,,
Everton,23,26.9,,38,420,3420,38.0,53,30,83,52,1,1,40,3.0,1.39,0.79,2.18,1.37,2.16,,474.0,,,,,,,,,2007-2008,Premier-League,,,,,,,,,,,,,,,
Fulham,33,28.0,,38,418,3420,38.0,37,17,54,35,2,3,64,6.0,0.97,0.45,1.42,0.92,1.37,,477.0,,,,,,,,,2007-2008,Premier-League,,,,,,,,,,,,,,,
Liverpool,25,26.2,,38,418,3420,38.0,64,43,107,59,5,5,46,1.0,1.68,1.13,2.82,1.55,2.68,,440.0,,,,,,,,,2007-2008,Premier-League,,,,,,,,,,,,,,,
Manchester City,28,24.5,,38,418,3420,38.0,42,30,72,40,2,2,49,4.0,1.11,0.79,1.89,1.05,1.84,,395.0,,,,,,,,,2007-2008,Premier-League,,,,,,,,,,,,,,,
Manchester Utd,25,26.7,,38,418,3420,38.0,78,52,130,72,6,8,51,2.0,2.05,1.37,3.42,1.89,3.26,,406.0,,,,,,,,,2007-2008,Premier-League,,,,,,,,,,,,,,,
Middlesbrough,30,25.7,,38,416,3420,38.0,43,27,70,41,2,2,85,2.0,1.13,0.71,1.84,1.08,1.79,,516.0,,,,,,,,,2007-2008,Premier-League,,,,,,,,,,,,,,,
Newcastle Utd,27,27.0,,38,419,3420,38.0,43,27,70,39,4,4,61,1.0,1.13,0.71,1.84,1.03,1.74,,470.0,,,,,,,,,2007-2008,Premier-League,,,,,,,,,,,,,,,
Portsmouth,28,28.2,,38,419,3420,38.0,46,32,78,42,4,7,59,3.0,1.21,0.84,2.05,1.11,1.95,,528.0,,,,,,,,,2007-2008,Premier-League,,,,,,,,,,,,,,,
Reading,26,27.6,,38,418,3420,38.0,41,26,67,39,2,4,62,5.0,1.08,0.68,1.76,1.03,1.71,,451.0,,,,,,,,,2007-2008,Premier-League,,,,,,,,,,,,,,,
Sunderland,31,24.9,,38,418,3420,38.0,36,21,57,35,1,2,63,4.0,0.95,0.55,1.5,0.92,1.47,,502.0,,,,,,,,,2007-2008,Premier-League,,,,,,,,,,,,,,,
Tottenham,30,25.5,,38,418,3420,38.0,65,35,100,61,4,6,52,1.0,1.71,0.92,2.63,1.61,2.53,,385.0,,,,,,,,,2007-2008,Premier-League,,,,,,,,,,,,,,,
West Ham,28,26.5,,38,418,3420,38.0,39,29,68,37,2,2,65,2.0,1.03,0.76,1.79,0.97,1.74,,517.0,,,,,,,,,2007-2008,Premier-League,,,,,,,,,,,,,,,
Wigan Athletic,27,27.7,,38,418,3420,38.0,33,19,52,29,4,5,63,4.0,0.87,0.5,1.37,0.76,1.26,,502.0,,,,,,,,,2007-2008,Premier-League,,,,,,,,,,,,,,,
Arsenal,32,25.2,,38,418,3420,38.0,73,57,130,71,2,3,70,4.0,1.92,1.5,3.42,1.87,3.37,,405.0,,,,,,,,,2011-2012,Premier-League,,,,,,,,,,,,,,,
Aston Villa,27,27.3,,38,418,3420,38.0,37,26,63,34,3,3,71,2.0,0.97,0.68,1.66,0.89,1.58,,415.0,,,,,,,,,2011-2012,Premier-League,,,,,,,,,,,,,,,
Blackburn,31,25.5,,38,418,3420,38.0,44,32,76,40,4,8,69,5.0,1.16,0.84,2.0,1.05,1.89,,442.0,,,,,,,,,2011-2012,Premier-League,,,,,,,,,,,,,,,
Bolton,30,27.4,,38,418,3420,38.0,43,29,72,38,5,6,52,5.0,1.13,0.76,1.89,1.0,1.76,,448.0,,,,,,,,,2011-2012,Premier-League,,,,,,,,,,,,,,,
Chelsea,29,27.6,,38,418,3420,38.0,63,45,108,59,4,5,76,4.0,1.66,1.18,2.84,1.55,2.74,,419.0,,,,,,,,,2011-2012,Premier-League,,,,,,,,,,,,,,,
Everton,30,28.5,,38,407,3420,38.0,47,32,79,42,5,5,61,2.0,1.24,0.84,2.08,1.11,1.95,,452.0,,,,,,,,,2011-2012,Premier-League,,,,,,,,,,,,,,,
Fulham,28,29.6,,38,418,3420,38.0,44,31,75,41,3,4,54,0.0,1.16,0.82,1.97,1.08,1.89,,370.0,,,,,,,,,2011-2012,Premier-League,,,,,,,,,,,,,,,
Liverpool,26,26.3,,38,418,3420,38.0,42,23,65,41,1,4,58,5.0,1.11,0.61,1.71,1.08,1.68,,390.0,,,,,,,,,2011-2012,Premier-League,,,,,,,,,,,,,,,
Manchester City,24,25.8,,38,418,3420,38.0,91,73,164,84,7,8,59,5.0,2.39,1.92,4.32,2.21,4.13,,422.0,,,,,,,,,2011-2012,Premier-League,,,,,,,,,,,,,,,
Manchester Utd,31,26.3,,38,418,3420,38.0,87,69,156,78,9,11,51,1.0,2.29,1.82,4.11,2.05,3.87,,378.0,,,,,,,,,2011-2012,Premier-League,,,,,,,,,,,,,,,
Newcastle Utd,26,25.6,,38,418,3420,38.0,51,36,87,49,2,3,67,2.0,1.34,0.95,2.29,1.29,2.24,,405.0,,,,,,,,,2011-2012,Premier-League,,,,,,,,,,,,,,,
Norwich City,27,25.8,,38,418,3420,38.0,52,33,85,50,2,2,60,3.0,1.37,0.87,2.24,1.32,2.18,,399.0,,,,,,,,,2011-2012,Premier-League,,,,,,,,,,,,,,,
QPR,35,28.8,,38,418,3420,38.0,41,25,66,39,2,2,59,9.0,1.08,0.66,1.74,1.03,1.68,,405.0,,,,,,,,,2011-2012,Premier-League,,,,,,,,,,,,,,,
Stoke City,23,27.9,,38,418,3420,38.0,35,28,63,31,4,6,60,2.0,0.92,0.74,1.66,0.82,1.55,,446.0,,,,,,,,,2011-2012,Premier-League,,,,,,,,,,,,,,,
Sunderland,28,25.8,,38,418,3420,38.0,43,25,68,42,1,2,62,4.0,1.13,0.66,1.79,1.11,1.76,,396.0,,,,,,,,,2011-2012,Premier-League,,,,,,,,,,,,,,,
Swansea City,25,25.4,,38,418,3420,38.0,43,24,67,38,5,6,41,2.0,1.13,0.63,1.76,1.0,1.63,,313.0,,,,,,,,,2011-2012,Premier-League,,,,,,,,,,,,,,,
Tottenham,29,27.6,,38,418,3420,38.0,66,48,114,62,4,5,47,3.0,1.74,1.26,3.0,1.63,2.89,,381.0,,,,,,,,,2011-2012,Premier-League,,,,,,,,,,,,,,,
West Brom,25,27.8,,38,418,3420,38.0,44,30,74,43,1,2,48,1.0,1.16,0.79,1.95,1.13,1.92,,421.0,,,,,,,,,2011-2012,Premier-League,,,,,,,,,,,,,,,
Wigan Athletic,23,26.3,,38,418,3420,38.0,41,22,63,36,5,7,69,3.0,1.08,0.58,1.66,0.95,1.53,,468.0,,,,,,,,,2011-2012,Premier-League,,,,,,,,,,,,,,,
Wolves,32,26.0,,38,418,3420,38.0,40,25,65,37,3,4,64,4.0,1.05,0.66,1.71,0.97,1.63,,364.0,,,,,,,,,2011-2012,Premier-League,,,,,,,,,,,,,,,
Ajaccio,37,27.1,,38,418,3420,38.0,36,28,64,36,0,2,72,0.0,0.95,0.74,1.68,0.95,1.68,,620.0,,,,,,,,,2013-2014,Ligue-1,,,,,,,,,,,,,,,
Bastia,27,28.7,,38,418,3420,38.0,42,32,74,39,3,3,67,0.0,1.11,0.84,1.95,1.03,1.87,,512.0,,,,,,,,,2013-2014,Ligue-1,,,,,,,,,,,,,,,
Bordeaux,32,26.9,,38,418,3420,38.0,49,33,82,43,6,6,54,0.0,1.29,0.87,2.16,1.13,2.0,,500.0,,,,,,,,,2013-2014,Ligue-1,,,,,,,,,,,,,,,
Evian,29,26.9,,38,418,3420,38.0,39,22,61,35,4,5,70,0.0,1.03,0.58,1.61,0.92,1.5,,528.0,,,,,,,,,2013-2014,Ligue-1,,,,,,,,,,,,,,,
Guingamp,25,27.2,,38,418,3420,38.0,32,25,57,28,4,6,67,0.0,0.84,0.66,1.5,0.74,1.39,,553.0,,,,,,,,,2013-2014,Ligue-1,,,,,,,,,,,,,,,
Lille,22,26.9,,38,418,3420,38.0,43,30,73,38,5,6,58,0.0,1.13,0.79,1.92,1.0,1.79,,537.0,,,,,,,,,2013-2014,Ligue-1,,,,,,,,,,,,,,,
Lorient,28,25.6,,38,418,3420,38.0,46,32,78,40,6,6,49,0.0,1.21,0.84,2.05,1.05,1.89,,447.0,,,,,,,,,2013-2014,Ligue-1,,,,,,,,,,,,,,,
Lyon,28,25.0,,38,418,3420,38.0,56,36,92,55,1,2,56,0.0,1.47,0.95,2.42,1.45,2.39,,559.0,,,,,,,,,2013-2014,Ligue-1,,,,,,,,,,,,,,,
Marseille,24,26.4,,38,418,3420,38.0,53,33,86,51,2,2,60,0.0,1.39,0.87,2.26,1.34,2.21,,531.0,,,,,,,,,2013-2014,Ligue-1,,,,,,,,,,,,,,,
Monaco,29,26.4,,38,418,3420,38.0,62,48,110,58,4,5,64,0.0,1.63,1.26,2.89,1.53,2.79,,536.0,,,,,,,,,2013-2014,Ligue-1,,,,,,,,,,,,,,,
Montpellier,26,26.0,,38,418,3420,38.0,44,23,67,41,3,5,64,0.0,1.16,0.61,1.76,1.08,1.68,,485.0,,,,,,,,,2013-2014,Ligue-1,,,,,,,,,,,,,,,
Nantes,28,25.7,,38,418,3420,38.0,36,25,61,36,0,2,56,0.0,0.95,0.66,1.61,0.95,1.61,,534.0,,,,,,,,,2013-2014,Ligue-1,,,,,,,,,,,,,,,
Nice,29,24.6,,38,418,3420,38.0,30,17,47,28,2,3,60,0.0,0.79,0.45,1.24,0.74,1.18,,510.0,,,,,,,,,2013-2014,Ligue-1,,,,,,,,,,,,,,,
Paris S-G,23,26.6,,38,418,3420,38.0,79,46,125,70,9,10,61,0.0,2.08,1.21,3.29,1.84,3.05,,454.0,,,,,,,,,2013-2014,Ligue-1,,,,,,,,,,,,,,,
Reims,25,26.5,,38,418,3420,38.0,43,27,70,40,3,4,58,0.0,1.13,0.71,1.84,1.05,1.76,,527.0,,,,,,,,,2013-2014,Ligue-1,,,,,,,,,,,,,,,
Rennes,32,25.5,,38,418,3420,38.0,47,26,73,45,2,4,50,,1.24,0.68,1.92,1.18,1.87,,448.0,,,,,,,,,2013-2014,Ligue-1,,,,,,,,,,,,,,,
Saint-Étienne,26,26.9,,38,418,3420,38.0,55,32,87,51,4,5,69,,1.45,0.84,2.29,1.34,2.18,,518.0,,,,,,,,,2013-2014,Ligue-1,,,,,,,,,,,,,,,
Sochaux,36,25.2,,38,418,3420,38.0,35,24,59,33,2,2,73,0.0,0.92,0.63,1.55,0.87,1.5,,570.0,,,,,,,,,2013-2014,Ligue-1,,,,,,,,,,,,,,,
Toulouse,28,24.2,,38,418,3420,38.0,44,32,76,41,3,6,80,,1.16,0.84,2.0,1.08,1.92,,517.0,,,,,,,,,2013-2014,Ligue-1,,,,,,,,,,,,,,,
Valenciennes,26,26.7,,38,418,3420,38.0,35,23,58,31,4,7,62,0.0,0.92,0.61,1.53,0.82,1.42,,548.0,,,,,,,,,2013-2014,Ligue-1,,,,,,,,,,,,,,,
Arsenal,30,28.3,,38,417,3420,38.0,71,49,120,68,3,5,71,5.0,1.87,1.29,3.16,1.79,3.08,,517.0,,,,,,,,,1999-2000,Premier-League,,,,,,,,,,,,,,,
Aston Villa,25,26.6,,38,420,3420,38.0,48,41,89,45,3,5,65,1.0,1.26,1.08,2.34,1.18,2.26,,538.0,,,,,,,,,1999-2000,Premier-League,,,,,,,,,,,,,,,
Bradford City,25,29.8,,38,418,3420,38.0,37,21,58,32,5,5,55,1.0,0.97,0.55,1.53,0.84,1.39,,519.0,,,,,,,,,1999-2000,Premier-League,,,,,,,,,,,,,,,
Chelsea,27,28.9,,38,434,3420,38.0,48,45,93,47,1,1,64,4.0,1.26,1.18,2.45,1.24,2.42,,622.0,,,,,,,,,1999-2000,Premier-League,,,,,,,,,,,,,,,
Coventry City,30,27.1,,38,412,3420,38.0,46,32,78,41,5,5,54,1.0,1.21,0.84,2.05,1.08,1.92,,467.0,,,,,,,,,1999-2000,Premier-League,,,,,,,,,,,,,,,
Derby County,31,26.2,,38,418,3420,38.0,42,28,70,40,2,4,90,4.0,1.11,0.74,1.84,1.05,1.79,,550.0,,,,,,,,,1999-2000,Premier-League,,,,,,,,,,,,,,,
Everton,28,27.4,,38,437,3420,38.0,58,48,106,52,6,7,60,5.0,1.53,1.26,2.79,1.37,2.63,,614.0,,,,,,,,,1999-2000,Premier-League,,,,,,,,,,,,,,,
Leeds United,20,24.1,,38,417,3420,38.0,57,36,93,53,4,6,79,3.0,1.5,0.95,2.45,1.39,2.34,,613.0,,,,,,,,,1999-2000,Premier-League,,,,,,,,,,,,,,,
Leicester City,26,27.8,,38,417,3420,38.0,53,34,87,50,3,3,45,3.0,1.39,0.89,2.29,1.32,2.21,,398.0,,,,,,,,,1999-2000,Premier-League,,,,,,,,,,,,,,,
Liverpool,23,24.3,,38,418,3420,38.0,50,30,80,47,3,5,62,4.0,1.32,0.79,2.11,1.24,2.03,,511.0,,,,,,,,,1999-2000,Premier-League,,,,,,,,,,,,,,,
Manchester Utd,29,26.8,,38,417,3420,38.0,94,69,163,91,3,5,46,4.0,2.47,1.82,4.29,2.39,4.21,,409.0,,,,,,,,,1999-2000,Premier-League,,,,,,,,,,,,,,,
Middlesbrough,28,28.5,,38,418,3420,38.0,44,26,70,38,6,9,82,3.0,1.16,0.68,1.84,1.0,1.68,,583.0,,,,,,,,,1999-2000,Premier-League,,,,,,,,,,,,,,,
Newcastle Utd,32,26.8,,38,418,3420,38.0,60,43,103,54,6,6,48,1.0,1.58,1.13,2.71,1.42,2.55,,539.0,,,,,,,,,1999-2000,Premier-League,,,,,,,,,,,,,,,
Sheffield Weds,25,28.4,,38,399,3420,38.0,34,24,58,31,3,4,43,1.0,0.89,0.63,1.53,0.82,1.45,,439.0,,,,,,,,,1999-2000,Premier-League,,,,,,,,,,,,,,,
Southampton,29,27.4,,38,402,3420,38.0,42,32,74,41,1,1,72,5.0,1.11,0.84,1.95,1.08,1.92,,522.0,,,,,,,,,1999-2000,Premier-League,,,,,,,,,,,,,,,
Sunderland,27,26.9,,38,417,3420,38.0,57,39,96,51,6,8,79,3.0,1.5,1.03,2.53,1.34,2.37,,606.0,,,,,,,,,1999-2000,Premier-League,,,,,,,,,,,,,,,
Tottenham,28,26.7,,38,418,3420,38.0,55,40,95,54,1,1,86,1.0,1.45,1.05,2.5,1.42,2.47,,533.0,,,,,,,,,1999-2000,Premier-League,,,,,,,,,,,,,,,
Watford,31,26.2,,38,419,3420,38.0,35,28,63,33,2,2,68,2.0,0.92,0.74,1.66,0.87,1.61,,557.0,,,,,,,,,1999-2000,Premier-League,,,,,,,,,,,,,,,
West Ham,28,26.7,,38,419,3420,38.0,51,42,93,49,2,2,73,6.0,1.34,1.11,2.45,1.29,2.39,,558.0,,,,,,,,,1999-2000,Premier-League,,,,,,,,,,,,,,,
Wimbledon,26,26.7,,38,418,3420,38.0,44,33,77,43,1,1,46,4.0,1.16,0.87,2.03,1.13,2.0,,508.0,,,,,,,,,1999-2000,Premier-League,,,,,,,,,,,,,,,
Arminia,27,28.5,,34,374,3060,34.0,34,17,51,33,1,3,57,1.0,1.0,0.5,1.5,0.97,1.47,,446.0,,,,,,,,,2007-2008,Bundesliga,,,,,,,,,,,,,,,
Bayern Munich,23,27.3,,34,374,3060,34.0,68,45,113,66,2,4,50,3.0,2.0,1.32,3.32,1.94,3.26,,460.0,,,,,,,,,2007-2008,Bundesliga,,,,,,,,,,,,,,,
Bochum,25,27.6,,34,374,3060,34.0,46,25,71,44,2,2,68,1.0,1.35,0.74,2.09,1.29,2.03,,613.0,,,,,,,,,2007-2008,Bundesliga,,,,,,,,,,,,,,,
Dortmund,32,27.1,,34,374,3060,34.0,48,25,73,47,1,2,69,5.0,1.41,0.74,2.15,1.38,2.12,,572.0,,,,,,,,,2007-2008,Bundesliga,,,,,,,,,,,,,,,
Eint Frankfurt,28,26.4,,34,374,3060,34.0,42,24,66,40,2,2,57,0.0,1.24,0.71,1.94,1.18,1.88,,523.0,,,,,,,,,2007-2008,Bundesliga,,,,,,,,,,,,,,,
Energie Cottbus,26,28.7,,34,374,3060,34.0,35,18,53,32,3,3,72,1.0,1.03,0.53,1.56,0.94,1.47,,575.0,,,,,,,,,2007-2008,Bundesliga,,,,,,,,,,,,,,,
Hamburger SV,26,26.1,,34,374,3060,34.0,47,29,76,44,3,4,55,3.0,1.38,0.85,2.24,1.29,2.15,,575.0,,,,,,,,,2007-2008,Bundesliga,,,,,,,,,,,,,,,
Hannover 96,26,27.8,,34,374,3060,34.0,53,23,76,48,5,6,72,5.0,1.56,0.68,2.24,1.41,2.09,,574.0,,,,,,,,,2007-2008,Bundesliga,,,,,,,,,,,,,,,
Hansa Rostock,27,25.7,,34,374,3060,34.0,29,15,44,28,1,1,62,0.0,0.85,0.44,1.29,0.82,1.26,,509.0,,,,,,,,,2007-2008,Bundesliga,,,,,,,,,,,,,,,
Hertha BSC,28,25.9,,34,374,3060,34.0,38,18,56,34,4,5,54,0.0,1.12,0.53,1.65,1.0,1.53,,509.0,,,,,,,,,2007-2008,Bundesliga,,,,,,,,,,,,,,,
Karlsruher,22,26.4,,34,374,3060,34.0,37,23,60,37,0,1,59,1.0,1.09,0.68,1.76,1.09,1.76,,481.0,,,,,,,,,2007-2008,Bundesliga,,,,,,,,,,,,,,,
Leverkusen,25,25.5,,34,374,3060,34.0,53,30,83,47,6,6,65,2.0,1.56,0.88,2.44,1.38,2.26,,606.0,,,,,,,,,2007-2008,Bundesliga,,,,,,,,,,,,,,,
MSV Duisburg,30,27.2,,34,374,3060,34.0,36,15,51,34,2,2,90,5.0,1.06,0.44,1.5,1.0,1.44,,627.0,,,,,,,,,2007-2008,Bundesliga,,,,,,,,,,,,,,,
Nürnberg,27,27.5,,34,374,3060,34.0,35,18,53,32,3,4,66,3.0,1.03,0.53,1.56,0.94,1.47,,511.0,,,,,,,,,2007-2008,Bundesliga,,,,,,,,,,,,,,,
Schalke 04,25,25.8,,34,374,3060,34.0,52,30,82,50,2,2,57,2.0,1.53,0.88,2.41,1.47,2.35,,507.0,,,,,,,,,2007-2008,Bundesliga,,,,,,,,,,,,,,,
Stuttgart,28,25.5,,34,374,3060,34.0,56,29,85,53,3,3,66,6.0,1.65,0.85,2.5,1.56,2.41,,473.0,,,,,,,,,2007-2008,Bundesliga,,,,,,,,,,,,,,,
Werder Bremen,29,25.3,,34,374,3060,34.0,75,39,114,71,4,6,71,7.0,2.21,1.15,3.35,2.09,3.24,,583.0,,,,,,,,,2007-2008,Bundesliga,,,,,,,,,,,,,,,
Wolfsburg,29,25.6,,34,374,3060,34.0,56,31,87,54,2,3,65,3.0,1.65,0.91,2.56,1.59,2.5,,622.0,,,,,,,,,2007-2008,Bundesliga,,,,,,,,,,,,,,,
Amiens,27,27.4,45.6,28,308,2520,28.0,30,20,50,27,3,5,59,4.0,1.07,0.71,1.79,0.96,1.68,2.0,403.0,320.0,37.0,463.0,300.0,238.0,5.0,1.0,1.0,2019-2020,Ligue-1,27.4,23.4,16.9,40.4,384.0,1013.0,0.98,0.6,1.58,0.84,1.44,1543.0,470.0,551.0,46.0
Angers,26,28.0,45.3,28,308,2520,28.0,27,21,48,26,1,1,43,2.0,0.96,0.75,1.71,0.93,1.68,1.0,336.0,315.0,28.0,550.0,267.0,279.0,1.0,3.0,0.0,2019-2020,Ligue-1,29.3,28.5,23.0,51.5,542.0,1088.0,1.05,0.82,1.87,1.02,1.84,1511.0,449.0,455.0,49.7
Bordeaux,26,26.9,53.6,28,308,2520,28.0,40,29,69,38,2,2,55,0.0,1.43,1.04,2.46,1.36,2.39,0.0,379.0,361.0,40.0,425.0,302.0,284.0,1.0,3.0,1.0,2019-2020,Ligue-1,30.4,28.8,21.6,50.4,441.0,995.0,1.08,0.77,1.86,1.03,1.8,1562.0,487.0,445.0,52.3
Brest,24,26.1,49.8,28,308,2520,28.0,32,27,59,31,1,5,45,2.0,1.14,0.96,2.11,1.11,2.07,0.0,329.0,286.0,35.0,520.0,352.0,282.0,4.0,6.0,0.0,2019-2020,Ligue-1,30.7,26.8,22.1,48.9,415.0,1138.0,1.1,0.79,1.89,0.96,1.75,1464.0,405.0,477.0,45.9
Dijon,28,26.9,46.5,28,308,2520,28.0,26,17,43,25,1,1,43,2.0,0.93,0.61,1.54,0.89,1.5,0.0,351.0,334.0,32.0,451.0,332.0,304.0,0.0,1.0,2.0,2019-2020,Ligue-1,30.5,29.9,22.9,52.8,513.0,909.0,1.09,0.82,1.91,1.07,1.88,1497.0,542.0,499.0,52.1
Lille,25,24.3,52.9,28,308,2520,28.0,35,25,60,30,5,8,51,3.0,1.25,0.89,2.14,1.07,1.96,2.0,385.0,343.0,60.0,528.0,278.0,237.0,7.0,6.0,3.0,2019-2020,Ligue-1,40.3,34.0,24.5,58.5,544.0,1077.0,1.44,0.88,2.31,1.21,2.09,1536.0,478.0,479.0,49.9
Lyon,27,24.8,56.2,28,308,2520,28.0,42,29,71,37,5,6,50,4.0,1.5,1.04,2.54,1.32,2.36,1.0,342.0,312.0,26.0,495.0,311.0,304.0,4.0,3.0,3.0,2019-2020,Ligue-1,37.6,33.0,25.2,58.2,563.0,1208.0,1.34,0.9,2.24,1.18,2.08,1495.0,455.0,372.0,55.0
Marseille,23,27.1,53.5,28,308,2520,28.0,38,28,66,34,4,6,68,3.0,1.36,1.0,2.36,1.21,2.21,1.0,376.0,318.0,23.0,499.0,312.0,325.0,4.0,5.0,2.0,2019-2020,Ligue-1,36.2,31.6,25.8,57.5,639.0,1107.0,1.29,0.92,2.22,1.13,2.05,1471.0,472.0,448.0,51.3
Metz,24,25.9,45.3,28,308,2520,28.0,27,20,47,25,2,4,45,4.0,0.96,0.71,1.68,0.89,1.61,0.0,335.0,344.0,31.0,447.0,312.0,337.0,2.0,4.0,0.0,2019-2020,Ligue-1,27.1,24.0,18.0,41.9,578.0,845.0,0.97,0.64,1.61,0.86,1.5,1504.0,462.0,547.0,45.8
Monaco,28,26.0,50.9,28,308,2520,28.0,44,29,73,40,4,4,61,10.0,1.57,1.04,2.61,1.43,2.46,1.0,336.0,345.0,44.0,510.0,281.0,307.0,3.0,6.0,1.0,2019-2020,Ligue-1,48.9,45.7,33.1,78.8,646.0,1302.0,1.74,1.18,2.93,1.63,2.82,1479.0,405.0,372.0,52.1
Montpellier,27,28.5,47.6,28,308,2520,28.0,33,19,52,31,2,5,57,5.0,1.18,0.68,1.86,1.11,1.79,2.0,421.0,386.0,42.0,614.0,308.0,286.0,4.0,5.0,2.0,2019-2020,Ligue-1,35.3,31.3,23.2,54.6,425.0,1104.0,1.26,0.83,2.09,1.12,1.95,1596.0,606.0,518.0,53.9
Nantes,29,25.4,48.0,28,308,2520,28.0,23,16,39,21,2,2,52,2.0,0.82,0.57,1.39,0.75,1.32,1.0,376.0,340.0,44.0,464.0,305.0,347.0,0.0,6.0,1.0,2019-2020,Ligue-1,30.2,28.7,23.6,52.4,548.0,1034.0,1.08,0.84,1.92,1.03,1.87,1638.0,464.0,518.0,47.3
Nice,31,23.9,54.6,28,308,2520,28.0,41,30,71,36,5,5,58,7.0,1.46,1.07,2.54,1.29,2.36,4.0,295.0,362.0,22.0,395.0,343.0,279.0,4.0,7.0,2.0,2019-2020,Ligue-1,35.7,31.9,24.9,56.8,499.0,1260.0,1.28,0.89,2.17,1.14,2.03,1441.0,279.0,299.0,48.3
Nîmes,28,25.4,45.0,28,308,2520,28.0,29,20,49,27,2,2,44,6.0,1.04,0.71,1.75,0.96,1.68,3.0,360.0,401.0,39.0,544.0,329.0,302.0,2.0,4.0,1.0,2019-2020,Ligue-1,30.3,28.7,22.2,50.9,421.0,959.0,1.08,0.79,1.87,1.03,1.82,1431.0,575.0,596.0,49.1
Paris S-G,31,27.2,65.2,27,297,2430,27.0,71,51,122,65,6,8,51,1.0,2.63,1.89,4.52,2.41,4.3,1.0,333.0,291.0,57.0,520.0,255.0,295.0,5.0,0.0,1.0,2019-2020,Ligue-1,74.2,67.9,54.4,122.3,711.0,1681.0,2.75,2.01,4.76,2.51,4.53,1511.0,234.0,226.0,50.9
Reims,26,25.3,48.9,28,308,2520,28.0,26,16,42,21,5,5,57,5.0,0.93,0.57,1.5,0.75,1.32,5.0,384.0,385.0,45.0,539.0,325.0,324.0,4.0,6.0,0.0,2019-2020,Ligue-1,30.6,26.7,22.1,48.9,597.0,1042.0,1.09,0.79,1.88,0.96,1.75,1478.0,427.0,503.0,45.9
Rennes,26,25.5,49.6,28,308,2520,28.0,37,26,63,34,3,5,51,1.0,1.32,0.93,2.25,1.21,2.14,0.0,387.0,404.0,40.0,478.0,272.0,296.0,5.0,5.0,1.0,2019-2020,Ligue-1,37.1,33.4,25.6,59.0,557.0,936.0,1.33,0.91,2.24,1.19,2.11,1462.0,495.0,465.0,51.6
Saint-Étienne,31,27.0,48.2,28,308,2520,28.0,28,20,48,23,5,5,61,3.0,1.0,0.71,1.71,0.82,1.54,2.0,371.0,324.0,43.0,563.0,376.0,318.0,3.0,6.0,0.0,2019-2020,Ligue-1,31.4,27.6,20.2,47.8,515.0,979.0,1.12,0.72,1.84,0.99,1.71,1542.0,532.0,526.0,50.3
Strasbourg,25,25.8,49.6,27,297,2430,27.0,32,21,53,29,3,4,47,1.0,1.19,0.78,1.96,1.07,1.85,1.0,367.0,311.0,33.0,579.0,301.0,293.0,4.0,7.0,0.0,2019-2020,Ligue-1,34.2,31.1,22.9,54.0,492.0,982.0,1.27,0.85,2.11,1.15,2.0,1442.0,512.0,399.0,56.2
Toulouse,30,25.1,44.2,28,308,2520,28.0,21,14,35,17,4,6,49,5.0,0.75,0.5,1.25,0.61,1.11,1.0,396.0,295.0,30.0,534.0,320.0,346.0,4.0,5.0,1.0,2019-2020,Ligue-1,31.7,27.2,19.6,46.8,556.0,949.0,1.13,0.7,1.84,0.97,1.67,1517.0,468.0,522.0,47.3
Bari,34,26.9,,38,418,3420,38.0,27,18,45,22,5,8,79,7.0,0.71,0.47,1.18,0.58,1.05,,544.0,,,,,,,,,2010-2011,Serie-A,,,,,,,,,,,,,,,
Bologna,25,26.5,,38,418,3420,38.0,35,20,55,34,1,4,87,4.0,0.92,0.53,1.45,0.89,1.42,,602.0,,,,,,,,,2010-2011,Serie-A,,,,,,,,,,,,,,,
Brescia,32,28.3,,38,418,3420,38.0,34,18,52,29,5,6,104,5.0,0.89,0.47,1.37,0.76,1.24,,619.0,,,,,,,,,2010-2011,Serie-A,,,,,,,,,,,,,,,
Cagliari,22,26.2,,38,418,3420,38.0,41,28,69,40,1,2,75,0.0,1.08,0.74,1.82,1.05,1.79,,613.0,,,,,,,,,2010-2011,Serie-A,,,,,,,,,,,,,,,
Catania,29,26.8,,38,418,3420,38.0,38,21,59,35,3,3,73,7.0,1.0,0.55,1.55,0.92,1.47,,615.0,,,,,,,,,2010-2011,Serie-A,,,,,,,,,,,,,,,
Cesena,29,28.6,,38,418,3420,38.0,37,23,60,33,4,5,86,7.0,0.97,0.61,1.58,0.87,1.47,,575.0,,,,,,,,,2010-2011,Serie-A,,,,,,,,,,,,,,,
Chievo,26,28.2,,38,418,3420,38.0,37,21,58,36,1,2,97,4.0,0.97,0.55,1.53,0.95,1.5,,662.0,,,,,,,,,2010-2011,Serie-A,,,,,,,,,,,,,,,
Fiorentina,30,27.5,,38,418,3420,38.0,47,32,79,44,3,4,73,5.0,1.24,0.84,2.08,1.16,2.0,,564.0,,,,,,,,,2010-2011,Serie-A,,,,,,,,,,,,,,,
Genoa,32,27.8,,38,418,3420,38.0,42,29,71,40,2,2,69,5.0,1.11,0.76,1.87,1.05,1.82,,584.0,,,,,,,,,2010-2011,Serie-A,,,,,,,,,,,,,,,
Inter,30,29.5,,38,418,3420,38.0,68,48,116,63,5,6,56,3.0,1.79,1.26,3.05,1.66,2.92,,432.0,,,,,,,,,2010-2011,Serie-A,,,,,,,,,,,,,,,
Juventus,32,27.4,,38,418,3420,38.0,56,35,91,52,4,4,74,5.0,1.47,0.92,2.39,1.37,2.29,,588.0,,,,,,,,,2010-2011,Serie-A,,,,,,,,,,,,,,,
Lazio,25,28.0,,38,418,3420,38.0,52,40,92,48,4,5,73,7.0,1.37,1.05,2.42,1.26,2.32,,530.0,,,,,,,,,2010-2011,Serie-A,,,,,,,,,,,,,,,
Lecce,26,27.4,,38,418,3420,38.0,45,31,76,43,2,5,89,9.0,1.18,0.82,2.0,1.13,1.95,,664.0,,,,,,,,,2010-2011,Serie-A,,,,,,,,,,,,,,,
Milan,34,29.2,,38,418,3420,38.0,63,47,110,58,5,6,69,5.0,1.66,1.24,2.89,1.53,2.76,,541.0,,,,,,,,,2010-2011,Serie-A,,,,,,,,,,,,,,,
Napoli,24,27.7,,38,418,3420,38.0,58,45,103,51,7,10,101,5.0,1.53,1.18,2.71,1.34,2.53,,558.0,,,,,,,,,2010-2011,Serie-A,,,,,,,,,,,,,,,
Palermo,27,24.9,,38,418,3420,38.0,58,31,89,56,2,4,82,3.0,1.53,0.82,2.34,1.47,2.29,,505.0,,,,,,,,,2010-2011,Serie-A,,,,,,,,,,,,,,,
Parma,31,28.1,,38,418,3420,38.0,39,17,56,36,3,3,93,7.0,1.03,0.45,1.47,0.95,1.39,,624.0,,,,,,,,,2010-2011,Serie-A,,,,,,,,,,,,,,,
Roma,29,29.7,,38,418,3420,38.0,57,33,90,46,11,13,84,9.0,1.5,0.87,2.37,1.21,2.08,,518.0,,,,,,,,,2010-2011,Serie-A,,,,,,,,,,,,,,,
Sampdoria,30,26.0,,38,418,3420,38.0,32,13,45,25,7,8,84,5.0,0.84,0.34,1.18,0.66,1.0,,529.0,,,,,,,,,2010-2011,Serie-A,,,,,,,,,,,,,,,
Udinese,24,25.6,,38,418,3420,38.0,65,41,106,60,5,7,77,7.0,1.71,1.08,2.79,1.58,2.66,,567.0,,,,,,,,,2010-2011,Serie-A,,,,,,,,,,,,,,,
Arsenal,25,25.0,58.2,38,418,3420,38.0,86,62,148,76,10,10,64,2.0,2.26,1.63,3.89,2.0,3.63,1.0,391.0,394.0,87.0,670.0,292.0,348.0,9.0,3.0,1.0,2023-2024,Premier-League,76.1,68.5,55.3,123.8,821.0,2106.0,2.0,1.46,3.46,1.8,3.26,1752.0,503.0,499.0,50.2
Aston Villa,31,26.9,53.1,38,418,3420,38.0,72,55,127,68,4,4,94,2.0,1.89,1.45,3.34,1.79,3.24,0.0,412.0,473.0,47.0,651.0,236.0,311.0,4.0,2.0,4.0,2023-2024,Premier-League,63.3,60.3,48.6,108.9,775.0,1451.0,1.67,1.28,2.95,1.59,2.87,1619.0,334.0,363.0,47.9
Bournemouth,30,25.7,44.4,38,418,3420,38.0,52,39,91,50,2,3,79,3.0,1.37,1.03,2.39,1.32,2.34,0.0,507.0,376.0,56.0,709.0,357.0,410.0,3.0,7.0,1.0,2023-2024,Premier-League,55.9,53.6,40.5,94.0,709.0,1314.0,1.47,1.06,2.54,1.41,2.47,2013.0,582.0,671.0,46.4
Brentford,28,26.6,45.2,38,418,3420,38.0,54,38,92,51,3,3,89,2.0,1.42,1.0,2.42,1.34,2.34,0.0,385.0,419.0,70.0,706.0,378.0,399.0,3.0,2.0,0.0,2023-2024,Premier-League,58.2,56.0,42.7,98.8,505.0,1283.0,1.53,1.12,2.66,1.47,2.6,1892.0,632.0,607.0,51.0
Brighton,30,25.9,59.8,38,418,3420,38.0,50,36,86,45,5,6,90,3.0,1.32,0.95,2.26,1.18,2.13,0.0,414.0,454.0,84.0,671.0,288.0,366.0,6.0,6.0,2.0,2023-2024,Premier-League,56.8,52.2,41.6,93.8,864.0,1780.0,1.49,1.09,2.59,1.37,2.47,1751.0,406.0,345.0,54.1
Burnley,31,24.5,47.4,38,418,3420,38.0,40,30,70,37,3,3,77,7.0,1.05,0.79,1.84,0.97,1.76,3.0,429.0,353.0,76.0,550.0,280.0,342.0,3.0,7.0,3.0,2023-2024,Premier-League,40.6,38.3,29.7,68.0,727.0,1181.0,1.07,0.78,1.85,1.01,1.79,1727.0,561.0,696.0,44.6
Chelsea,32,24.2,58.6,38,418,3420,38.0,76,51,127,65,11,12,109,4.0,2.0,1.34,3.34,1.71,3.05,2.0,446.0,451.0,85.0,558.0,298.0,376.0,11.0,5.0,3.0,2023-2024,Premier-League,74.5,65.1,51.4,116.5,873.0,1615.0,1.96,1.35,3.31,1.71,3.06,1846.0,440.0,402.0,52.3
Crystal Palace,26,26.8,42.3,38,418,3420,38.0,56,43,99,52,4,4,73,2.0,1.47,1.13,2.61,1.37,2.5,2.0,457.0,427.0,72.0,583.0,323.0,464.0,4.0,3.0,2.0,2023-2024,Premier-League,48.6,45.4,38.7,84.1,506.0,1176.0,1.28,1.02,2.3,1.2,2.21,1909.0,553.0,555.0,49.9
Everton,26,27.1,40.8,38,418,3420,38.0,40,17,57,38,2,3,82,1.0,1.05,0.45,1.5,1.0,1.45,1.0,457.0,361.0,89.0,752.0,358.0,442.0,2.0,8.0,3.0,2023-2024,Premier-League,54.0,51.6,38.1,89.8,495.0,1129.0,1.42,1.0,2.43,1.36,2.36,1970.0,676.0,577.0,54.0
Fulham,25,28.4,50.6,38,418,3420,38.0,54,40,94,52,2,2,84,4.0,1.42,1.05,2.47,1.37,2.42,3.0,384.0,364.0,51.0,736.0,371.0,384.0,2.0,8.0,4.0,2023-2024,Premier-League,50.8,49.2,37.6,86.8,670.0,1467.0,1.34,0.99,2.33,1.3,2.29,1837.0,487.0,509.0,48.9
Liverpool,30,26.3,61.3,38,418,3420,38.0,80,60,140,74,6,9,69,5.0,2.11,1.58,3.68,1.95,3.53,2.0,463.0,376.0,100.0,817.0,292.0,418.0,8.0,1.0,2.0,2023-2024,Premier-League,87.8,80.4,63.7,144.1,924.0,2110.0,2.31,1.68,3.98,2.12,3.79,2034.0,583.0,441.0,56.9
Luton Town,28,26.7,42.4,38,418,3420,38.0,49,33,82,44,5,5,71,0.0,1.29,0.87,2.16,1.16,2.03,0.0,443.0,448.0,67.0,841.0,325.0,368.0,2.0,4.0,4.0,2023-2024,Premier-League,42.4,38.6,29.5,68.2,675.0,1113.0,1.12,0.78,1.89,1.02,1.79,1868.0,635.0,631.0,50.2
Manchester City,25,26.6,65.2,38,418,3420,38.0,94,69,163,85,9,10,53,2.0,2.47,1.82,4.29,2.24,4.05,1.0,289.0,410.0,42.0,700.0,233.0,305.0,8.0,3.0,1.0,2023-2024,Premier-League,80.5,72.9,60.2,133.1,1127.0,2060.0,2.12,1.58,3.7,1.92,3.5,1734.0,325.0,288.0,53.0
Manchester Utd,31,26.1,50.6,38,418,3420,38.0,57,36,93,51,6,7,83,1.0,1.5,0.95,2.45,1.34,2.29,1.0,401.0,340.0,91.0,594.0,313.0,409.0,6.0,7.0,1.0,2023-2024,Premier-League,56.5,51.0,40.1,91.0,758.0,1479.0,1.49,1.06,2.54,1.34,2.4,1851.0,436.0,450.0,49.2
Newcastle Utd,32,27.2,52.2,38,418,3420,38.0,83,55,138,75,8,9,79,1.0,2.18,1.45,3.63,1.97,3.42,1.0,386.0,469.0,59.0,648.0,285.0,391.0,9.0,5.0,1.0,2023-2024,Premier-League,76.0,69.0,51.3,120.3,737.0,1557.0,2.0,1.35,3.35,1.82,3.17,1836.0,453.0,418.0,52.0
Nott'ham Forest,33,25.7,40.6,38,418,3420,38.0,49,43,92,48,1,1,82,3.0,1.29,1.13,2.42,1.26,2.39,2.0,428.0,371.0,77.0,595.0,331.0,430.0,1.0,4.0,2.0,2023-2024,Premier-League,49.9,49.1,37.9,87.0,601.0,1141.0,1.31,1.0,2.31,1.29,2.29,1807.0,584.0,557.0,51.2
Sheffield Utd,35,25.7,35.8,38,418,3420,38.0,31,18,49,26,5,5,101,5.0,0.82,0.47,1.29,0.68,1.16,3.0,423.0,318.0,64.0,428.0,348.0,405.0,3.0,7.0,7.0,2023-2024,Premier-League,38.3,34.5,25.8,60.3,346.0,884.0,1.01,0.68,1.69,0.91,1.59,1637.0,586.0,694.0,45.8
Tottenham,29,25.2,61.6,38,418,3420,38.0,69,58,127,67,2,2,92,4.0,1.82,1.53,3.34,1.76,3.29,2.0,425.0,510.0,83.0,710.0,355.0,451.0,2.0,7.0,3.0,2023-2024,Premier-League,68.2,66.7,57.4,124.1,957.0,2107.0,1.79,1.51,3.31,1.75,3.27,1907.0,359.0,388.0,48.1
West Ham,26,28.3,41.1,38,418,3420,38.0,58,40,98,54,4,5,82,3.0,1.53,1.05,2.58,1.42,2.47,3.0,390.0,392.0,71.0,661.0,361.0,426.0,4.0,10.0,4.0,2023-2024,Premier-League,52.3,48.4,34.8,83.2,556.0,1207.0,1.38,0.92,2.29,1.27,2.19,1817.0,576.0,570.0,50.3
Wolves,27,26.6,48.9,38,418,3420,38.0,47,36,83,43,4,4,102,4.0,1.24,0.95,2.18,1.13,2.08,2.0,476.0,405.0,78.0,578.0,284.0,430.0,4.0,8.0,1.0,2023-2024,Premier-League,46.7,43.6,31.8,75.4,671.0,1180.0,1.23,0.84,2.07,1.15,1.98,1885.0,441.0,491.0,47.3
Augsburg,28,26.2,38.6,34,374,3060,34.0,45,29,74,42,3,5,68,2.0,1.32,0.85,2.18,1.24,2.09,2.0,378.0,384.0,81.0,479.0,434.0,314.0,4.0,1.0,3.0,2019-2020,Bundesliga,43.1,39.1,29.7,68.8,411.0,815.0,1.27,0.87,2.14,1.15,2.02,1765.0,545.0,612.0,47.1
Bayern Munich,29,26.7,65.1,34,374,3060,34.0,97,75,172,91,6,6,54,3.0,2.85,2.21,5.06,2.68,4.88,2.0,322.0,355.0,78.0,850.0,342.0,293.0,6.0,4.0,1.0,2019-2020,Bundesliga,89.5,84.8,73.1,157.9,930.0,2300.0,2.63,2.15,4.78,2.49,4.64,2048.0,478.0,403.0,54.3
Dortmund,27,25.8,60.4,34,374,3060,34.0,84,74,158,82,2,2,49,1.0,2.47,2.18,4.65,2.41,4.59,1.0,305.0,327.0,56.0,510.0,375.0,329.0,1.0,3.0,3.0,2019-2020,Bundesliga,61.0,59.5,50.6,110.1,792.0,1736.0,1.8,1.49,3.28,1.75,3.24,1914.0,361.0,358.0,50.2
Düsseldorf,28,27.1,45.6,34,374,3060,34.0,36,26,62,32,4,4,78,0.0,1.06,0.76,1.82,0.94,1.71,0.0,407.0,430.0,56.0,705.0,376.0,307.0,3.0,5.0,4.0,2019-2020,Bundesliga,35.9,32.7,24.2,56.9,487.0,1268.0,1.06,0.71,1.77,0.96,1.67,1737.0,583.0,649.0,47.3
Eint Frankfurt,27,27.0,50.9,34,374,3060,34.0,57,45,102,55,2,2,71,4.0,1.68,1.32,3.0,1.62,2.94,2.0,425.0,368.0,57.0,892.0,376.0,377.0,1.0,3.0,2.0,2019-2020,Bundesliga,59.5,58.0,44.8,102.8,677.0,1389.0,1.75,1.32,3.07,1.71,3.02,2047.0,699.0,665.0,51.2
Freiburg,26,26.4,48.1,34,374,3060,34.0,46,27,73,41,5,6,43,2.0,1.35,0.79,2.15,1.21,2.0,1.0,329.0,437.0,56.0,649.0,354.0,252.0,5.0,4.0,0.0,2019-2020,Bundesliga,46.7,42.0,33.0,75.0,537.0,1128.0,1.37,0.97,2.34,1.24,2.21,1629.0,636.0,673.0,48.6
Gladbach,25,26.3,52.4,34,374,3060,34.0,64,53,117,60,4,6,77,3.0,1.88,1.56,3.44,1.76,3.32,3.0,424.0,446.0,91.0,570.0,381.0,322.0,5.0,2.0,0.0,2019-2020,Bundesliga,72.0,67.2,53.6,120.8,650.0,1305.0,2.12,1.58,3.69,1.98,3.55,1880.0,546.0,554.0,49.6
Hertha BSC,32,26.2,44.7,34,374,3060,34.0,45,35,80,42,3,3,78,4.0,1.32,1.03,2.35,1.24,2.26,2.0,465.0,350.0,57.0,527.0,409.0,341.0,3.0,7.0,2.0,2019-2020,Bundesliga,43.1,40.7,32.7,73.4,546.0,1073.0,1.27,0.96,2.23,1.2,2.16,1725.0,611.0,530.0,53.5
Hoffenheim,31,26.0,51.6,34,374,3060,34.0,52,36,88,49,3,4,66,2.0,1.53,1.06,2.59,1.44,2.5,1.0,383.0,416.0,61.0,579.0,349.0,309.0,3.0,8.0,2.0,2019-2020,Bundesliga,56.1,53.0,40.2,93.2,598.0,1261.0,1.65,1.18,2.83,1.56,2.74,1666.0,564.0,541.0,51.0
Köln,29,25.6,46.7,34,374,3060,34.0,50,38,88,48,2,4,79,4.0,1.47,1.12,2.59,1.41,2.53,1.0,487.0,436.0,75.0,708.0,435.0,413.0,3.0,6.0,2.0,2019-2020,Bundesliga,48.9,46.3,35.6,81.9,494.0,1158.0,1.44,1.05,2.49,1.36,2.41,1948.0,715.0,668.0,51.7
Leverkusen,24,26.1,63.2,34,374,3060,34.0,57,48,105,55,2,2,61,6.0,1.68,1.41,3.09,1.62,3.03,3.0,394.0,369.0,92.0,713.0,333.0,353.0,2.0,2.0,0.0,2019-2020,Bundesliga,59.1,57.5,48.6,106.1,761.0,1471.0,1.74,1.43,3.17,1.69,3.12,2035.0,518.0,490.0,51.4
Mainz 05,25,24.6,43.2,34,374,3060,34.0,42,34,76,39,3,3,75,3.0,1.24,1.0,2.24,1.15,2.15,2.0,462.0,401.0,70.0,615.0,363.0,331.0,3.0,5.0,1.0,2019-2020,Bundesliga,48.2,45.8,37.4,83.2,524.0,1146.0,1.42,1.1,2.52,1.35,2.45,1785.0,609.0,669.0,47.7
Paderborn 07,27,25.7,45.9,34,374,3060,34.0,37,26,63,35,2,4,84,3.0,1.09,0.76,1.85,1.03,1.79,2.0,426.0,358.0,62.0,572.0,364.0,400.0,2.0,5.0,2.0,2019-2020,Bundesliga,39.2,36.1,26.8,62.9,682.0,1009.0,1.15,0.79,1.94,1.06,1.85,1797.0,462.0,564.0,45.0
RB Leipzig,29,24.2,55.3,34,374,3060,34.0,81,58,139,76,5,5,53,3.0,2.38,1.71,4.09,2.24,3.94,3.0,373.0,370.0,78.0,628.0,364.0,361.0,3.0,2.0,0.0,2019-2020,Bundesliga,71.3,67.6,54.4,122.0,759.0,1700.0,2.1,1.6,3.7,1.99,3.59,2031.0,518.0,484.0,51.7
Schalke 04,29,24.6,49.0,34,374,3060,34.0,35,25,60,33,2,2,64,2.0,1.03,0.74,1.76,0.97,1.71,1.0,400.0,380.0,81.0,472.0,407.0,361.0,1.0,6.0,2.0,2019-2020,Bundesliga,37.8,36.2,25.5,61.7,603.0,1201.0,1.11,0.75,1.86,1.07,1.82,1927.0,627.0,632.0,49.8
Union Berlin,26,27.7,41.9,34,374,3060,34.0,38,27,65,34,4,5,71,5.0,1.12,0.79,1.91,1.0,1.79,3.0,523.0,374.0,64.0,628.0,421.0,322.0,3.0,4.0,1.0,2019-2020,Bundesliga,41.4,37.6,28.0,65.7,387.0,944.0,1.22,0.82,2.04,1.11,1.93,1848.0,908.0,835.0,52.1
Werder Bremen,30,26.7,48.8,34,374,3060,34.0,40,30,70,37,3,6,80,4.0,1.18,0.88,2.06,1.09,1.97,4.0,461.0,450.0,53.0,601.0,423.0,345.0,4.0,1.0,3.0,2019-2020,Bundesliga,39.4,34.7,25.8,60.5,509.0,1309.0,1.16,0.76,1.92,1.02,1.78,1723.0,568.0,666.0,46.0
Wolfsburg,26,26.0,48.4,34,374,3060,34.0,48,33,81,44,4,4,71,4.0,1.41,0.97,2.38,1.29,2.26,2.0,490.0,399.0,72.0,651.0,377.0,363.0,3.0,5.0,0.0,2019-2020,Bundesliga,52.8,49.7,37.9,87.6,620.0,1247.0,1.55,1.11,2.67,1.46,2.58,1999.0,644.0,599.0,51.8
1860 Munich,27,27.6,,34,374,3060,34.0,43,33,76,43,0,0,76,4.0,1.26,0.97,2.24,1.26,2.24,,,,,,,,,,,2002-2003,Bundesliga,,,,,,,,,,,,,,,
Arminia,23,27.6,,34,374,3060,34.0,33,27,60,30,3,3,56,5.0,0.97,0.79,1.76,0.88,1.68,,,,,,,,,,,2002-2003,Bundesliga,,,,,,,,,,,,,,,
Bayern Munich,26,28.1,,34,373,3060,34.0,70,60,130,69,1,1,50,0.0,2.06,1.76,3.82,2.03,3.79,,,,,,,,,,,2002-2003,Bundesliga,,,,,,,,,,,,,,,
Bochum,26,27.8,,34,374,3060,34.0,55,38,93,54,1,2,62,0.0,1.62,1.12,2.74,1.59,2.71,,,,,,,,,,,2002-2003,Bundesliga,,,,,,,,,,,,,,,
Dortmund,25,26.6,,34,374,3060,34.0,51,41,92,47,4,5,72,5.0,1.5,1.21,2.71,1.38,2.59,,,,,,,,,,,2002-2003,Bundesliga,,,,,,,,,,,,,,,
Energie Cottbus,30,27.5,,34,374,3060,34.0,33,20,53,32,1,1,91,5.0,0.97,0.59,1.56,0.94,1.53,,,,,,,,,,,2002-2003,Bundesliga,,,,,,,,,,,,,,,
Gladbach,30,26.9,,34,374,3060,34.0,42,31,73,40,2,2,59,4.0,1.24,0.91,2.15,1.18,2.09,,,,,,,,,,,2002-2003,Bundesliga,,,,,,,,,,,,,,,
Hamburger SV,26,27.6,,34,374,3060,34.0,45,36,81,44,1,3,82,6.0,1.32,1.06,2.38,1.29,2.35,,,,,,,,,,,2002-2003,Bundesliga,,,,,,,,,,,,,,,
Hannover 96,29,27.7,,34,376,3060,34.0,46,33,79,45,1,3,78,3.0,1.35,0.97,2.32,1.32,2.29,,,,,,,,,,,2002-2003,Bundesliga,,,,,,,,,,,,,,,
Hansa Rostock,22,27.7,,34,374,3060,34.0,35,26,61,34,1,1,59,5.0,1.03,0.76,1.79,1.0,1.76,,,,,,,,,,,2002-2003,Bundesliga,,,,,,,,,,,,,,,
Hertha BSC,27,27.2,,34,374,3060,34.0,49,43,92,45,4,4,67,1.0,1.44,1.26,2.71,1.32,2.59,,,,,,,,,,,2002-2003,Bundesliga,,,,,,,,,,,,,,,
Kaiserslautern,27,27.5,,34,374,3060,34.0,39,30,69,34,5,6,76,1.0,1.15,0.88,2.03,1.0,1.88,,,,,,,,,,,2002-2003,Bundesliga,,,,,,,,,,,,,,,
Leverkusen,28,25.6,,34,374,3060,34.0,45,33,78,43,2,4,80,6.0,1.32,0.97,2.29,1.26,2.24,,,,,,,,,,,2002-2003,Bundesliga,,,,,,,,,,,,,,,
Nürnberg,27,26.6,,34,374,3060,34.0,33,21,54,27,6,9,74,3.0,0.97,0.62,1.59,0.79,1.41,,,,,,,,,,,2002-2003,Bundesliga,,,,,,,,,,,,,,,
Schalke 04,24,27.9,,34,374,3060,34.0,45,33,78,40,5,7,85,9.0,1.32,0.97,2.29,1.18,2.15,,,,,,,,,,,2002-2003,Bundesliga,,,,,,,,,,,,,,,
Stuttgart,25,26.5,,34,374,3060,34.0,51,42,93,47,4,6,67,2.0,1.5,1.24,2.74,1.38,2.62,,,,,,,,,,,2002-2003,Bundesliga,,,,,,,,,,,,,,,
Werder Bremen,23,26.3,,34,374,3060,34.0,45,38,83,41,4,6,77,8.0,1.32,1.12,2.44,1.21,2.32,,,,,,,,,,,2002-2003,Bundesliga,,,,,,,,,,,,,,,
Wolfsburg,26,28.3,,34,375,3060,34.0,39,26,65,36,3,3,96,4.0,1.15,0.76,1.91,1.06,1.82,,,,,,,,,,,2002-2003,Bundesliga,,,,,,,,,,,,,,,
Almería,26,25.7,,38,418,3420,38.0,36,27,63,36,0,1,104,4.0,0.95,0.71,1.66,0.95,1.66,,571.0,,,,,,,,,2010-2011,La-Liga,,,,,,,,,,,,,,,
Athletic Club,29,25.4,,38,418,3420,38.0,57,34,91,50,7,11,110,7.0,1.5,0.89,2.39,1.32,2.21,,618.0,,,,,,,,,2010-2011,La-Liga,,,,,,,,,,,,,,,
Atlético Madrid,24,26.0,,38,418,3420,38.0,61,44,105,59,2,5,106,5.0,1.61,1.16,2.76,1.55,2.71,,599.0,,,,,,,,,2010-2011,La-Liga,,,,,,,,,,,,,,,
Barcelona,28,26.5,,38,418,3420,38.0,94,73,167,89,5,5,72,2.0,2.47,1.92,4.39,2.34,4.26,,395.0,,,,,,,,,2010-2011,La-Liga,,,,,,,,,,,,,,,
Espanyol,31,24.9,,38,418,3420,38.0,44,28,72,38,6,6,113,5.0,1.16,0.74,1.89,1.0,1.74,,547.0,,,,,,,,,2010-2011,La-Liga,,,,,,,,,,,,,,,
Getafe,23,26.2,,38,418,3420,38.0,47,30,77,42,5,5,117,7.0,1.24,0.79,2.03,1.11,1.89,,528.0,,,,,,,,,2010-2011,La-Liga,,,,,,,,,,,,,,,
Hércules,26,28.6,,38,418,3420,38.0,36,17,53,33,3,4,101,8.0,0.95,0.45,1.39,0.87,1.32,,518.0,,,,,,,,,2010-2011,La-Liga,,,,,,,,,,,,,,,
La Coruña,30,27.2,,38,418,3420,38.0,30,21,51,25,5,5,95,5.0,0.79,0.55,1.34,0.66,1.21,,512.0,,,,,,,,,2010-2011,La-Liga,,,,,,,,,,,,,,,
Levante,28,28.8,,38,418,3420,38.0,41,29,70,39,2,2,127,3.0,1.08,0.76,1.84,1.03,1.79,,562.0,,,,,,,,,2010-2011,La-Liga,,,,,,,,,,,,,,,
Málaga,34,26.3,,38,418,3420,38.0,53,36,89,50,3,6,107,7.0,1.39,0.95,2.34,1.32,2.26,,552.0,,,,,,,,,2010-2011,La-Liga,,,,,,,,,,,,,,,
Mallorca,24,26.5,,38,418,3420,38.0,41,31,72,37,4,7,88,4.0,1.08,0.82,1.89,0.97,1.79,,529.0,,,,,,,,,2010-2011,La-Liga,,,,,,,,,,,,,,,
Osasuna,26,29.5,,38,418,3420,38.0,44,27,71,39,5,5,116,7.0,1.16,0.71,1.87,1.03,1.74,,636.0,,,,,,,,,2010-2011,La-Liga,,,,,,,,,,,,,,,
Racing Sant,29,27.5,,38,418,3420,38.0,38,21,59,37,1,6,92,7.0,1.0,0.55,1.55,0.97,1.53,,606.0,,,,,,,,,2010-2011,La-Liga,,,,,,,,,,,,,,,
Real Madrid,32,25.5,,38,418,3420,38.0,100,67,167,89,11,12,102,8.0,2.63,1.76,4.39,2.34,4.11,,536.0,,,,,,,,,2010-2011,La-Liga,,,,,,,,,,,,,,,
Real Sociedad,23,26.2,,38,418,3420,38.0,45,32,77,41,4,4,80,0.0,1.18,0.84,2.03,1.08,1.92,,535.0,,,,,,,,,2010-2011,La-Liga,,,,,,,,,,,,,,,
Sevilla,32,26.5,,38,418,3420,38.0,62,41,103,52,10,12,108,7.0,1.63,1.08,2.71,1.37,2.45,,543.0,,,,,,,,,2010-2011,La-Liga,,,,,,,,,,,,,,,
Sporting Gijón,31,26.7,,38,418,3420,38.0,33,21,54,26,7,7,115,6.0,0.87,0.55,1.42,0.68,1.24,,597.0,,,,,,,,,2010-2011,La-Liga,,,,,,,,,,,,,,,
Valencia,27,27.0,,38,418,3420,38.0,63,47,110,61,2,2,121,8.0,1.66,1.24,2.89,1.61,2.84,,604.0,,,,,,,,,2010-2011,La-Liga,,,,,,,,,,,,,,,
Villarreal,28,26.4,,38,418,3420,38.0,54,39,93,50,4,4,94,5.0,1.42,1.03,2.45,1.32,2.34,,459.0,,,,,,,,,2010-2011,La-Liga,,,,,,,,,,,,,,,
Zaragoza,24,27.5,,38,418,3420,38.0,40,22,62,34,6,6,128,9.0,1.05,0.58,1.63,0.89,1.47,,688.0,,,,,,,,,2010-2011,La-Liga,,,,,,,,,,,,,,,
Bastia,31,27.2,48.9,38,418,3420,38.0,35,20,55,30,5,5,80,0.0,0.92,0.53,1.45,0.79,1.32,,560.0,,,,,,,,,2014-2015,Ligue-1,,,,,,,,,,,,,,,
Bordeaux,30,26.2,52.8,38,418,3420,38.0,46,34,80,38,8,8,66,0.0,1.21,0.89,2.11,1.0,1.89,,502.0,,,,,,,,,2014-2015,Ligue-1,,,,,,,,,,,,,,,
Caen,23,27.2,45.2,38,418,3420,38.0,51,34,85,45,6,6,45,0.0,1.34,0.89,2.24,1.18,2.08,,468.0,,,,,,,,,2014-2015,Ligue-1,,,,,,,,,,,,,,,
Evian,29,26.8,45.8,38,418,3420,38.0,37,25,62,36,1,2,70,0.0,0.97,0.66,1.63,0.95,1.61,,531.0,,,,,,,,,2014-2015,Ligue-1,,,,,,,,,,,,,,,
Guingamp,28,28.3,44.2,38,418,3420,38.0,40,26,66,33,7,7,62,0.0,1.05,0.68,1.74,0.87,1.55,,476.0,,,,,,,,,2014-2015,Ligue-1,,,,,,,,,,,,,,,
Lens,27,26.0,47.3,38,418,3420,38.0,32,19,51,27,5,8,76,,0.84,0.5,1.34,0.71,1.21,,555.0,,,,,,,,,2014-2015,Ligue-1,,,,,,,,,,,,,,,
Lille,27,26.4,51.3,38,418,3420,38.0,42,28,70,37,5,8,63,0.0,1.11,0.74,1.84,0.97,1.71,,463.0,,,,,,,,,2014-2015,Ligue-1,,,,,,,,,,,,,,,
Lorient,32,24.8,49.6,38,418,3420,38.0,41,27,68,36,5,5,56,0.0,1.08,0.71,1.79,0.95,1.66,,458.0,,,,,,,,,2014-2015,Ligue-1,,,,,,,,,,,,,,,
Lyon,26,24.6,56.9,38,418,3420,38.0,69,47,116,60,9,12,64,0.0,1.82,1.24,3.05,1.58,2.82,,576.0,,,,,,,,,2014-2015,Ligue-1,,,,,,,,,,,,,,,
Marseille,25,25.6,57.7,38,418,3420,38.0,72,45,117,70,2,4,69,0.0,1.89,1.18,3.08,1.84,3.03,,548.0,,,,,,,,,2014-2015,Ligue-1,,,,,,,,,,,,,,,
Metz,31,26.3,44.9,38,418,3420,38.0,31,17,48,23,8,10,76,,0.82,0.45,1.26,0.61,1.05,,595.0,,,,,,,,,2014-2015,Ligue-1,,,,,,,,,,,,,,,
Monaco,27,25.5,51.7,38,418,3420,38.0,50,35,85,45,5,7,63,0.0,1.32,0.92,2.24,1.18,2.11,,506.0,,,,,,,,,2014-2015,Ligue-1,,,,,,,,,,,,,,,
Montpellier,26,27.3,47.3,38,418,3420,38.0,45,32,77,42,3,6,51,0.0,1.18,0.84,2.03,1.11,1.95,,512.0,,,,,,,,,2014-2015,Ligue-1,,,,,,,,,,,,,,,
Nantes,27,26.3,47.1,38,418,3420,38.0,26,17,43,22,4,6,73,0.0,0.68,0.45,1.13,0.58,1.03,,568.0,,,,,,,,,2014-2015,Ligue-1,,,,,,,,,,,,,,,
Nice,30,24.0,50.4,38,417,3420,38.0,44,29,73,40,4,4,89,0.0,1.16,0.76,1.92,1.05,1.82,,554.0,,,,,,,,,2014-2015,Ligue-1,,,,,,,,,,,,,,,
Paris S-G,23,26.8,60.4,38,418,3420,38.0,80,55,135,67,13,14,66,0.0,2.11,1.45,3.55,1.76,3.21,,443.0,,,,,,,,,2014-2015,Ligue-1,,,,,,,,,,,,,,,
Reims,30,27.0,48.9,38,418,3420,38.0,45,31,76,42,3,3,79,0.0,1.18,0.82,2.0,1.11,1.92,,544.0,,,,,,,,,2014-2015,Ligue-1,,,,,,,,,,,,,,,
Rennes,22,26.0,50.2,38,418,3420,38.0,34,28,62,33,1,3,56,,0.89,0.74,1.63,0.87,1.61,,485.0,,,,,,,,,2014-2015,Ligue-1,,,,,,,,,,,,,,,
Saint-Étienne,24,27.1,50.3,38,418,3420,38.0,50,33,83,45,5,7,70,,1.32,0.87,2.18,1.18,2.05,,556.0,,,,,,,,,2014-2015,Ligue-1,,,,,,,,,,,,,,,
Toulouse,27,24.4,49.1,38,418,3420,38.0,42,31,73,39,3,3,63,,1.11,0.82,1.92,1.03,1.84,,582.0,,,,,,,,,2014-2015,Ligue-1,,,,,,,,,,,,,,,
Arminia,26,26.0,42.3,34,374,3060,34.0,23,16,39,22,1,2,52,1.0,0.68,0.47,1.15,0.65,1.12,0.0,390.0,417.0,49.0,471.0,418.0,328.0,2.0,6.0,1.0,2020-2021,Bundesliga,32.9,31.3,23.9,55.2,358.0,880.0,0.97,0.7,1.67,0.92,1.62,1725.0,740.0,711.0,51.0
Augsburg,25,27.0,41.4,34,374,3060,34.0,35,23,58,33,2,5,71,4.0,1.03,0.68,1.71,0.97,1.65,3.0,395.0,403.0,67.0,500.0,454.0,308.0,3.0,9.0,3.0,2020-2021,Bundesliga,37.3,33.4,25.9,59.3,431.0,987.0,1.1,0.76,1.86,0.98,1.74,1802.0,559.0,688.0,44.8
Bayern Munich,29,27.3,60.7,34,374,3060,34.0,98,75,173,89,9,10,44,3.0,2.88,2.21,5.09,2.62,4.82,0.0,317.0,374.0,74.0,828.0,399.0,316.0,7.0,3.0,0.0,2020-2021,Bundesliga,75.9,68.1,55.2,123.3,829.0,2084.0,2.23,1.62,3.86,2.0,3.63,2050.0,430.0,409.0,51.3
Dortmund,26,25.6,59.6,34,374,3060,34.0,74,57,131,71,3,7,44,1.0,2.18,1.68,3.85,2.09,3.76,1.0,359.0,373.0,69.0,532.0,413.0,318.0,6.0,6.0,1.0,2020-2021,Bundesliga,66.2,60.4,51.2,111.5,763.0,1745.0,1.95,1.5,3.45,1.78,3.28,2023.0,432.0,350.0,55.2
Eint Frankfurt,25,27.2,53.7,34,374,3060,34.0,63,52,115,55,8,8,82,1.0,1.85,1.53,3.38,1.62,3.15,1.0,459.0,366.0,69.0,776.0,428.0,352.0,6.0,6.0,2.0,2020-2021,Bundesliga,58.5,52.2,44.0,96.2,664.0,1548.0,1.72,1.29,3.01,1.54,2.83,2094.0,604.0,552.0,52.2
Freiburg,24,26.2,47.3,34,374,3060,34.0,51,34,85,45,6,6,62,0.0,1.5,1.0,2.5,1.32,2.32,0.0,437.0,401.0,56.0,636.0,452.0,247.0,5.0,6.0,2.0,2020-2021,Bundesliga,45.5,40.9,29.5,70.4,463.0,1170.0,1.34,0.87,2.21,1.2,2.07,1718.0,588.0,637.0,48.0
Gladbach,23,26.9,51.7,34,374,3060,34.0,63,44,107,53,10,11,61,2.0,1.85,1.29,3.15,1.56,2.85,0.0,395.0,412.0,82.0,561.0,436.0,307.0,9.0,6.0,0.0,2020-2021,Bundesliga,54.9,46.5,37.1,83.6,612.0,1371.0,1.62,1.09,2.71,1.37,2.46,1914.0,512.0,488.0,51.2
Hertha BSC,32,25.4,49.6,34,374,3060,34.0,40,29,69,36,4,6,67,3.0,1.18,0.85,2.03,1.06,1.91,2.0,469.0,428.0,77.0,585.0,417.0,270.0,6.0,8.0,1.0,2020-2021,Bundesliga,41.9,37.2,29.1,66.2,589.0,1176.0,1.23,0.86,2.09,1.09,1.95,1743.0,527.0,513.0,50.7
Hoffenheim,30,25.7,51.2,34,374,3060,34.0,51,38,89,46,5,6,68,4.0,1.5,1.12,2.62,1.35,2.47,2.0,442.0,407.0,49.0,658.0,431.0,296.0,4.0,9.0,2.0,2020-2021,Bundesliga,51.9,47.3,37.4,84.6,581.0,1517.0,1.53,1.1,2.62,1.39,2.49,1896.0,516.0,620.0,45.4
Köln,28,24.9,46.3,34,374,3060,34.0,33,23,56,29,4,6,63,1.0,0.97,0.68,1.65,0.85,1.53,1.0,422.0,429.0,57.0,655.0,429.0,328.0,4.0,9.0,0.0,2020-2021,Bundesliga,40.5,35.9,25.5,61.5,429.0,1131.0,1.19,0.75,1.94,1.06,1.81,1948.0,607.0,614.0,49.7
Leverkusen,30,25.4,59.7,34,374,3060,34.0,52,41,93,49,3,3,58,0.0,1.53,1.21,2.74,1.44,2.65,0.0,433.0,335.0,72.0,674.0,322.0,282.0,1.0,2.0,2.0,2020-2021,Bundesliga,46.3,44.0,34.7,78.7,724.0,1522.0,1.36,1.02,2.38,1.29,2.32,2006.0,444.0,487.0,47.7
Mainz 05,31,25.8,40.7,34,374,3060,34.0,39,23,62,34,5,5,63,1.0,1.15,0.68,1.82,1.0,1.68,1.0,500.0,379.0,57.0,605.0,500.0,364.0,4.0,7.0,1.0,2020-2021,Bundesliga,49.9,46.0,34.9,80.9,442.0,1046.0,1.47,1.03,2.49,1.35,2.38,1923.0,613.0,650.0,48.5
RB Leipzig,25,25.0,59.7,34,374,3060,34.0,59,44,103,51,8,10,57,0.0,1.74,1.29,3.03,1.5,2.79,0.0,435.0,404.0,81.0,649.0,353.0,305.0,9.0,3.0,0.0,2020-2021,Bundesliga,64.4,56.7,43.7,100.4,624.0,1718.0,1.89,1.28,3.18,1.67,2.95,2060.0,622.0,466.0,57.2
Schalke 04,42,25.9,44.7,34,374,3060,34.0,24,20,44,24,0,3,74,2.0,0.71,0.59,1.29,0.71,1.29,2.0,415.0,403.0,68.0,425.0,411.0,337.0,3.0,8.0,5.0,2020-2021,Bundesliga,28.7,26.3,20.6,46.9,452.0,943.0,0.84,0.61,1.45,0.77,1.38,1748.0,519.0,564.0,47.9
Stuttgart,29,24.1,51.5,34,374,3060,34.0,54,42,96,48,6,8,65,2.0,1.59,1.24,2.82,1.41,2.65,1.0,420.0,434.0,55.0,539.0,426.0,294.0,6.0,7.0,1.0,2020-2021,Bundesliga,51.4,45.1,37.1,82.2,701.0,1467.0,1.51,1.09,2.6,1.33,2.42,2053.0,544.0,452.0,54.6
Union Berlin,27,27.3,44.9,34,374,3060,34.0,50,39,89,45,5,7,57,2.0,1.47,1.15,2.62,1.32,2.47,1.0,434.0,375.0,84.0,640.0,405.0,283.0,6.0,5.0,2.0,2020-2021,Bundesliga,46.9,41.3,33.4,74.7,464.0,1059.0,1.38,0.98,2.36,1.22,2.2,1977.0,585.0,669.0,46.7
Werder Bremen,27,26.3,43.9,34,374,3060,34.0,35,25,60,30,5,5,67,3.0,1.03,0.74,1.76,0.88,1.62,2.0,396.0,467.0,68.0,548.0,407.0,333.0,3.0,6.0,3.0,2020-2021,Bundesliga,32.9,29.0,21.5,50.5,414.0,1065.0,0.97,0.63,1.6,0.85,1.49,1738.0,609.0,582.0,51.1
Wolfsburg,26,25.6,51.1,34,374,3060,34.0,57,48,105,55,2,3,58,3.0,1.68,1.41,3.09,1.62,3.03,1.0,442.0,379.0,77.0,643.0,477.0,363.0,1.0,5.0,1.0,2020-2021,Bundesliga,49.0,46.9,37.7,84.5,595.0,1397.0,1.44,1.11,2.55,1.38,2.49,2088.0,567.0,566.0,50.0
Arminia,26,25.8,40.7,34,374,3060,34.0,26,18,44,24,2,2,55,2.0,0.76,0.53,1.29,0.71,1.24,1.0,433.0,307.0,54.0,487.0,421.0,311.0,2.0,7.0,2.0,2021-2022,Bundesliga,26.3,24.7,17.2,41.9,405.0,887.0,0.77,0.51,1.28,0.73,1.23,1907.0,658.0,734.0,47.3
Augsburg,26,26.6,41.5,34,374,3060,34.0,39,26,65,34,5,5,74,0.0,1.15,0.76,1.91,1.0,1.76,0.0,448.0,357.0,73.0,592.0,363.0,335.0,4.0,5.0,2.0,2021-2022,Bundesliga,36.7,32.8,23.9,56.7,441.0,895.0,1.08,0.7,1.78,0.96,1.67,1927.0,557.0,604.0,48.0
Bayern Munich,30,26.8,64.5,34,374,3060,34.0,92,70,162,87,5,5,36,2.0,2.71,2.06,4.76,2.56,4.62,0.0,305.0,354.0,76.0,656.0,349.0,338.0,1.0,2.0,1.0,2021-2022,Bundesliga,89.0,85.1,66.7,151.8,833.0,2164.0,2.62,1.96,4.58,2.5,4.46,2220.0,422.0,394.0,51.7
Bochum,28,28.0,44.7,34,374,3060,34.0,37,22,59,33,4,6,55,2.0,1.09,0.65,1.74,0.97,1.62,0.0,424.0,391.0,75.0,600.0,429.0,353.0,4.0,8.0,4.0,2021-2022,Bundesliga,40.6,35.9,26.7,62.6,467.0,926.0,1.19,0.78,1.98,1.06,1.84,2088.0,609.0,599.0,50.4
Dortmund,33,25.9,59.2,34,374,3060,34.0,81,57,138,70,11,11,63,1.0,2.38,1.68,4.06,2.06,3.74,1.0,362.0,398.0,73.0,491.0,347.0,322.0,6.0,6.0,2.0,2021-2022,Bundesliga,64.0,55.9,45.0,100.8,670.0,1468.0,1.88,1.32,3.21,1.64,2.97,2052.0,419.0,363.0,53.6
Eint Frankfurt,27,26.2,49.6,34,374,3060,34.0,43,33,76,42,1,2,61,1.0,1.26,0.97,2.24,1.24,2.21,1.0,422.0,299.0,53.0,697.0,377.0,330.0,1.0,4.0,1.0,2021-2022,Bundesliga,41.6,40.1,32.0,72.1,609.0,1255.0,1.22,0.94,2.16,1.18,2.12,2251.0,552.0,644.0,46.2
Freiburg,26,26.5,49.0,34,374,3060,34.0,55,37,92,50,5,6,34,0.0,1.62,1.09,2.71,1.47,2.56,0.0,392.0,375.0,58.0,633.0,355.0,299.0,4.0,2.0,1.0,2021-2022,Bundesliga,50.4,45.7,34.5,80.2,401.0,1229.0,1.48,1.01,2.5,1.35,2.36,1920.0,675.0,638.0,51.4
Gladbach,26,26.0,54.0,34,374,3060,34.0,54,38,92,49,5,7,67,1.0,1.59,1.12,2.71,1.44,2.56,0.0,359.0,472.0,73.0,440.0,326.0,345.0,6.0,5.0,0.0,2021-2022,Bundesliga,56.2,50.6,37.8,88.4,527.0,1291.0,1.65,1.11,2.76,1.49,2.6,1850.0,464.0,419.0,52.5
Greuther Fürth,29,25.9,43.6,34,374,3060,34.0,26,15,41,21,5,5,61,0.0,0.76,0.44,1.21,0.62,1.06,0.0,437.0,434.0,69.0,478.0,374.0,336.0,3.0,6.0,5.0,2021-2022,Bundesliga,30.0,26.2,18.8,44.9,413.0,976.0,0.88,0.55,1.43,0.77,1.32,1878.0,468.0,602.0,43.7
Hertha BSC,36,26.7,43.7,34,374,3060,34.0,35,23,58,32,3,3,62,2.0,1.03,0.68,1.71,0.94,1.62,0.0,421.0,430.0,73.0,505.0,406.0,321.0,3.0,8.0,0.0,2021-2022,Bundesliga,33.3,30.9,25.0,55.9,462.0,975.0,0.98,0.73,1.71,0.91,1.64,1830.0,556.0,575.0,49.2
Hoffenheim,32,26.1,53.2,34,374,3060,34.0,55,42,97,55,0,0,75,0.0,1.62,1.24,2.85,1.62,2.85,0.0,429.0,348.0,70.0,703.0,285.0,291.0,0.0,4.0,1.0,2021-2022,Bundesliga,58.3,58.3,46.8,105.1,588.0,1474.0,1.71,1.38,3.09,1.71,3.09,1905.0,485.0,574.0,45.8
Köln,26,27.0,54.8,34,374,3060,34.0,52,40,92,51,1,1,68,1.0,1.53,1.18,2.71,1.5,2.68,1.0,419.0,459.0,67.0,829.0,426.0,361.0,1.0,1.0,2.0,2021-2022,Bundesliga,50.1,49.3,38.6,87.9,550.0,1406.0,1.47,1.14,2.61,1.45,2.59,2137.0,597.0,590.0,50.3
Leverkusen,29,24.4,53.7,34,374,3060,34.0,76,58,134,74,2,6,66,2.0,2.24,1.71,3.94,2.18,3.88,1.0,364.0,329.0,64.0,537.0,360.0,281.0,5.0,4.0,1.0,2021-2022,Bundesliga,62.6,57.8,46.2,104.0,709.0,1341.0,1.84,1.36,3.2,1.7,3.06,2009.0,442.0,415.0,51.6
Mainz 05,28,26.2,46.5,34,374,3060,34.0,49,36,85,45,4,4,62,4.0,1.44,1.06,2.5,1.32,2.38,2.0,495.0,386.0,63.0,598.0,439.0,305.0,3.0,6.0,1.0,2021-2022,Bundesliga,50.4,47.2,36.4,83.6,444.0,1178.0,1.48,1.07,2.55,1.39,2.46,2097.0,606.0,580.0,51.1
RB Leipzig,29,25.3,56.1,34,374,3060,34.0,72,53,125,64,8,9,49,0.0,2.12,1.56,3.68,1.88,3.44,0.0,360.0,426.0,66.0,523.0,349.0,289.0,5.0,3.0,1.0,2021-2022,Bundesliga,64.5,58.4,49.2,107.6,542.0,1467.0,1.9,1.45,3.34,1.72,3.16,1994.0,504.0,420.0,54.5
Stuttgart,34,24.0,50.7,34,374,3060,34.0,40,31,71,39,1,3,64,2.0,1.18,0.91,2.09,1.15,2.06,1.0,371.0,419.0,53.0,550.0,342.0,307.0,1.0,4.0,1.0,2021-2022,Bundesliga,43.7,41.4,33.1,74.5,571.0,1269.0,1.29,0.97,2.26,1.22,2.19,2021.0,586.0,451.0,56.5
Union Berlin,28,28.3,43.7,34,374,3060,34.0,50,33,83,45,5,5,62,1.0,1.47,0.97,2.44,1.32,2.29,1.0,423.0,333.0,64.0,663.0,376.0,296.0,2.0,2.0,4.0,2021-2022,Bundesliga,47.0,43.3,31.5,74.8,429.0,1123.0,1.38,0.93,2.31,1.27,2.2,1975.0,584.0,681.0,46.2
Wolfsburg,30,26.0,50.5,34,374,3060,34.0,42,25,67,39,3,4,61,3.0,1.24,0.74,1.97,1.15,1.88,1.0,411.0,415.0,74.0,619.0,388.0,298.0,3.0,7.0,1.0,2021-2022,Bundesliga,47.7,44.9,33.8,78.7,502.0,1220.0,1.4,1.0,2.4,1.32,2.31,1984.0,621.0,522.0,54.3
Angers,29,26.7,46.1,38,418,3420,38.0,39,25,64,36,3,4,60,1.0,1.03,0.66,1.68,0.95,1.61,1.0,435.0,386.0,55.0,732.0,570.0,496.0,4.0,2.0,4.0,2016-2017,Ligue-1,,,,,,,,,,,,,,,
Bastia,29,26.9,43.4,38,418,3420,38.0,28,18,46,28,0,1,85,7.0,0.74,0.47,1.21,0.74,1.21,7.0,445.0,501.0,50.0,580.0,608.0,472.0,1.0,8.0,2.0,2016-2017,Ligue-1,,,,,,,,,,,,,,,
Bordeaux,27,25.9,48.3,38,418,3420,38.0,51,35,86,47,4,7,67,1.0,1.34,0.92,2.26,1.24,2.16,1.0,441.0,501.0,103.0,690.0,516.0,563.0,6.0,4.0,2.0,2016-2017,Ligue-1,,,,,,,,,,,,,,,
Caen,27,28.7,45.8,38,418,3420,38.0,35,28,63,31,4,5,61,1.0,0.92,0.74,1.66,0.82,1.55,1.0,439.0,457.0,57.0,963.0,693.0,556.0,6.0,8.0,2.0,2016-2017,Ligue-1,,,,,,,,,,,,,,,
Dijon,27,27.7,46.4,38,418,3420,38.0,42,29,71,39,3,4,74,3.0,1.11,0.76,1.87,1.03,1.79,3.0,493.0,472.0,80.0,698.0,628.0,600.0,3.0,11.0,1.0,2016-2017,Ligue-1,,,,,,,,,,,,,,,
Guingamp,25,27.6,47.5,38,418,3420,38.0,46,33,79,42,4,4,63,3.0,1.21,0.87,2.08,1.11,1.97,3.0,501.0,506.0,101.0,735.0,576.0,480.0,4.0,11.0,1.0,2016-2017,Ligue-1,,,,,,,,,,,,,,,
Lille,31,26.9,51.1,38,418,3420,38.0,40,26,66,34,6,7,64,3.0,1.05,0.68,1.74,0.89,1.58,3.0,540.0,533.0,57.0,685.0,583.0,465.0,8.0,6.0,1.0,2016-2017,Ligue-1,,,,,,,,,,,,,,,
Lorient,30,26.8,50.5,38,418,3420,38.0,43,30,73,39,4,6,68,0.0,1.13,0.79,1.92,1.03,1.82,0.0,439.0,383.0,73.0,770.0,595.0,431.0,4.0,6.0,2.0,2016-2017,Ligue-1,,,,,,,,,,,,,,,
Lyon,27,25.0,59.1,38,418,3420,38.0,74,44,118,62,12,14,65,2.0,1.95,1.16,3.11,1.63,2.79,2.0,503.0,523.0,103.0,655.0,498.0,531.0,11.0,6.0,1.0,2016-2017,Ligue-1,,,,,,,,,,,,,,,
Marseille,27,27.4,55.9,38,418,3420,38.0,56,37,93,52,4,4,71,1.0,1.47,0.97,2.45,1.37,2.34,1.0,520.0,386.0,105.0,693.0,596.0,538.0,4.0,2.0,1.0,2016-2017,Ligue-1,,,,,,,,,,,,,,,
Metz,31,26.5,42.4,38,418,3420,38.0,37,22,59,29,8,9,75,,0.97,0.58,1.55,0.76,1.34,2.0,515.0,436.0,91.0,698.0,697.0,502.0,9.0,7.0,1.0,2016-2017,Ligue-1,,,,,,,,,,,,,,,
Monaco,29,25.0,51.9,38,418,3420,38.0,103,62,165,92,11,11,53,1.0,2.71,1.63,4.34,2.42,4.05,1.0,465.0,449.0,84.0,949.0,534.0,525.0,11.0,5.0,0.0,2016-2017,Ligue-1,,,,,,,,,,,,,,,
Montpellier,32,26.8,49.4,38,418,3420,38.0,48,30,78,45,3,3,48,2.0,1.26,0.79,2.05,1.18,1.97,2.0,401.0,455.0,66.0,821.0,595.0,467.0,1.0,8.0,2.0,2016-2017,Ligue-1,,,,,,,,,,,,,,,
Nancy,27,27.2,43.1,38,418,3420,38.0,29,22,51,28,1,3,78,1.0,0.76,0.58,1.34,0.74,1.32,1.0,499.0,459.0,127.0,685.0,659.0,525.0,1.0,9.0,2.0,2016-2017,Ligue-1,,,,,,,,,,,,,,,
Nantes,27,24.8,48.4,38,418,3420,38.0,40,31,71,38,2,4,78,1.0,1.05,0.82,1.87,1.0,1.82,1.0,543.0,395.0,108.0,814.0,524.0,642.0,4.0,9.0,1.0,2016-2017,Ligue-1,,,,,,,,,,,,,,,
Nice,27,24.3,58.9,38,418,3420,38.0,63,45,108,57,6,8,60,1.0,1.66,1.18,2.84,1.5,2.68,1.0,424.0,572.0,75.0,411.0,434.0,472.0,8.0,5.0,1.0,2016-2017,Ligue-1,,,,,,,,,,,,,,,
Paris S-G,28,26.4,65.3,38,418,3420,38.0,79,54,133,70,9,10,54,1.0,2.08,1.42,3.5,1.84,3.26,1.0,404.0,409.0,129.0,909.0,521.0,478.0,10.0,3.0,1.0,2016-2017,Ligue-1,,,,,,,,,,,,,,,
Rennes,31,26.3,52.0,38,418,3420,38.0,35,25,60,33,2,3,59,,0.92,0.66,1.58,0.87,1.53,1.0,460.0,418.0,80.0,672.0,499.0,523.0,3.0,4.0,1.0,2016-2017,Ligue-1,,,,,,,,,,,,,,,
Saint-Étienne,34,26.1,49.8,38,418,3420,38.0,40,26,66,35,5,6,58,,1.05,0.68,1.74,0.92,1.61,2.0,484.0,449.0,95.0,761.0,641.0,502.0,6.0,4.0,0.0,2016-2017,Ligue-1,,,,,,,,,,,,,,,
Toulouse,30,23.3,45.4,38,418,3420,38.0,37,22,59,31,6,9,90,,0.97,0.58,1.55,0.82,1.39,1.0,558.0,470.0,47.0,639.0,554.0,536.0,9.0,9.0,0.0,2016-2017,Ligue-1,,,,,,,,,,,,,,,
Athletic Club,25,27.7,49.9,38,418,3420,38.0,57,42,99,54,3,5,86,6.0,1.5,1.11,2.61,1.42,2.53,2.0,501.0,477.0,91.0,844.0,780.0,628.0,4.0,7.0,2.0,2015-2016,La-Liga,,,,,,,,,,,,,,,
Atlético Madrid,25,25.9,48.5,38,418,3420,38.0,62,47,109,61,1,2,94,3.0,1.63,1.24,2.87,1.61,2.84,2.0,507.0,439.0,84.0,761.0,767.0,717.0,2.0,1.0,0.0,2015-2016,La-Liga,,,,,,,,,,,,,,,
Barcelona,25,28.0,67.1,38,418,3420,38.0,109,74,183,98,11,19,67,1.0,2.87,1.95,4.82,2.58,4.53,0.0,384.0,557.0,121.0,532.0,569.0,522.0,15.0,1.0,2.0,2015-2016,La-Liga,,,,,,,,,,,,,,,
Betis,29,27.4,46.7,38,418,3420,38.0,34,25,59,31,3,4,114,5.0,0.89,0.66,1.55,0.82,1.47,5.0,493.0,555.0,79.0,669.0,771.0,613.0,2.0,1.0,1.0,2015-2016,La-Liga,,,,,,,,,,,,,,,
Celta Vigo,27,26.1,56.4,38,418,3420,38.0,50,41,91,46,4,5,115,8.0,1.32,1.08,2.39,1.21,2.29,5.0,532.0,529.0,104.0,515.0,836.0,610.0,5.0,5.0,2.0,2015-2016,La-Liga,,,,,,,,,,,,,,,
Eibar,28,25.6,45.2,38,419,3420,38.0,47,31,78,41,6,8,108,4.0,1.24,0.82,2.05,1.08,1.89,3.0,597.0,408.0,87.0,827.0,803.0,635.0,7.0,4.0,2.0,2015-2016,La-Liga,,,,,,,,,,,,,,,
Espanyol,26,24.9,46.2,38,418,3420,38.0,38,29,67,37,1,3,132,5.0,1.0,0.76,1.76,0.97,1.74,5.0,654.0,491.0,98.0,636.0,709.0,622.0,2.0,6.0,2.0,2015-2016,La-Liga,,,,,,,,,,,,,,,
Getafe,27,26.7,46.1,38,418,3420,38.0,36,31,67,35,1,2,129,6.0,0.95,0.82,1.76,0.92,1.74,4.0,531.0,443.0,72.0,742.0,718.0,573.0,2.0,10.0,1.0,2015-2016,La-Liga,,,,,,,,,,,,,,,
Granada,28,25.9,44.6,38,418,3420,38.0,45,26,71,38,7,7,141,7.0,1.18,0.68,1.87,1.0,1.68,5.0,586.0,504.0,91.0,626.0,721.0,604.0,5.0,5.0,2.0,2015-2016,La-Liga,,,,,,,,,,,,,,,
La Coruña,25,28.2,47.1,38,418,3420,38.0,41,31,72,40,1,1,86,4.0,1.08,0.82,1.89,1.05,1.87,3.0,403.0,433.0,85.0,725.0,804.0,598.0,1.0,4.0,1.0,2015-2016,La-Liga,,,,,,,,,,,,,,,
Las Palmas,27,27.6,54.6,38,418,3420,38.0,42,31,73,38,4,5,100,4.0,1.11,0.82,1.92,1.0,1.82,2.0,466.0,563.0,79.0,466.0,784.0,546.0,3.0,4.0,1.0,2015-2016,La-Liga,,,,,,,,,,,,,,,
Levante,27,27.2,45.9,38,418,3420,38.0,36,23,59,34,2,2,134,7.0,0.95,0.61,1.55,0.89,1.5,5.0,549.0,477.0,75.0,692.0,696.0,497.0,2.0,7.0,5.0,2015-2016,La-Liga,,,,,,,,,,,,,,,
Málaga,30,28.0,48.8,38,418,3420,38.0,37,27,64,35,2,4,110,5.0,0.97,0.71,1.68,0.92,1.63,4.0,553.0,466.0,85.0,828.0,747.0,592.0,2.0,2.0,3.0,2015-2016,La-Liga,,,,,,,,,,,,,,,
Rayo Vallecano,29,28.5,55.6,38,418,3420,38.0,52,38,90,50,2,3,115,10.0,1.37,1.0,2.37,1.32,2.32,4.0,549.0,473.0,124.0,992.0,707.0,580.0,1.0,9.0,2.0,2015-2016,La-Liga,,,,,,,,,,,,,,,
Real Madrid,24,26.5,57.3,38,418,3420,38.0,108,86,194,102,6,9,75,5.0,2.84,2.26,5.11,2.68,4.95,3.0,421.0,490.0,116.0,904.0,643.0,585.0,8.0,4.0,0.0,2015-2016,La-Liga,,,,,,,,,,,,,,,
Real Sociedad,27,25.3,51.8,38,418,3420,38.0,44,31,75,43,1,1,109,5.0,1.16,0.82,1.97,1.13,1.95,3.0,468.0,579.0,86.0,946.0,873.0,601.0,1.0,7.0,1.0,2015-2016,La-Liga,,,,,,,,,,,,,,,
Sevilla,33,26.9,50.0,38,418,3420,38.0,50,35,85,44,6,7,106,8.0,1.32,0.92,2.24,1.16,2.08,6.0,560.0,497.0,106.0,904.0,663.0,511.0,7.0,3.0,2.0,2015-2016,La-Liga,,,,,,,,,,,,,,,
Sporting Gijón,28,24.5,43.1,38,418,3420,38.0,39,29,68,38,1,2,107,6.0,1.03,0.76,1.79,1.0,1.76,5.0,527.0,447.0,81.0,668.0,748.0,618.0,2.0,10.0,1.0,2015-2016,La-Liga,,,,,,,,,,,,,,,
Valencia,30,24.7,50.1,38,419,3420,38.0,42,27,69,38,4,5,110,7.0,1.11,0.71,1.82,1.0,1.71,5.0,571.0,596.0,92.0,724.0,781.0,632.0,5.0,4.0,1.0,2015-2016,La-Liga,,,,,,,,,,,,,,,
Villarreal,26,25.3,45.9,38,418,3420,38.0,42,32,74,39,3,3,103,4.0,1.11,0.84,1.95,1.03,1.87,3.0,536.0,440.0,107.0,555.0,781.0,539.0,3.0,3.0,1.0,2015-2016,La-Liga,,,,,,,,,,,,,,,
Arsenal,28,27.8,,38,418,3420,38.0,84,66,150,79,5,6,56,2.0,2.21,1.74,3.95,2.08,3.82,,515.0,,,,,,,,,2002-2003,Premier-League,,,,,,,,,,,,,,,
Aston Villa,27,26.2,,38,418,3420,38.0,42,29,71,39,3,4,66,4.0,1.11,0.76,1.87,1.03,1.79,,571.0,,,,,,,,,2002-2003,Premier-League,,,,,,,,,,,,,,,
Birmingham City,33,27.9,,38,418,3420,38.0,40,26,66,36,4,5,74,3.0,1.05,0.68,1.74,0.95,1.63,,553.0,,,,,,,,,2002-2003,Premier-League,,,,,,,,,,,,,,,
Blackburn,28,27.7,,38,418,3420,38.0,50,38,88,45,5,6,66,4.0,1.32,1.0,2.32,1.18,2.18,,590.0,,,,,,,,,2002-2003,Premier-League,,,,,,,,,,,,,,,
Bolton,27,29.1,,38,418,3420,38.0,38,24,62,37,1,2,71,3.0,1.0,0.63,1.63,0.97,1.61,,464.0,,,,,,,,,2002-2003,Premier-League,,,,,,,,,,,,,,,
Charlton Ath,26,27.0,,38,420,3420,38.0,43,24,67,39,4,5,56,1.0,1.13,0.63,1.76,1.03,1.66,,533.0,,,,,,,,,2002-2003,Premier-League,,,,,,,,,,,,,,,
Chelsea,23,27.8,,38,416,3420,38.0,67,40,107,64,3,3,62,1.0,1.76,1.05,2.82,1.68,2.74,,498.0,,,,,,,,,2002-2003,Premier-League,,,,,,,,,,,,,,,
Everton,28,27.4,,38,392,3420,38.0,48,32,80,44,4,4,56,5.0,1.26,0.84,2.11,1.16,2.0,,514.0,,,,,,,,,2002-2003,Premier-League,,,,,,,,,,,,,,,
Fulham,27,27.3,,38,417,3420,38.0,38,23,61,32,6,7,58,6.0,1.0,0.61,1.61,0.84,1.45,,540.0,,,,,,,,,2002-2003,Premier-League,,,,,,,,,,,,,,,
Leeds United,29,25.8,,38,401,3420,38.0,54,39,93,50,4,5,73,1.0,1.42,1.03,2.45,1.32,2.34,,568.0,,,,,,,,,2002-2003,Premier-League,,,,,,,,,,,,,,,
Liverpool,23,24.9,,38,418,3420,38.0,61,49,110,57,4,6,48,1.0,1.61,1.29,2.89,1.5,2.79,,439.0,,,,,,,,,2002-2003,Premier-League,,,,,,,,,,,,,,,
Manchester City,26,27.8,,38,419,3420,38.0,47,40,87,45,2,2,58,5.0,1.24,1.05,2.29,1.18,2.24,,510.0,,,,,,,,,2002-2003,Premier-League,,,,,,,,,,,,,,,
Manchester Utd,26,27.0,,38,418,3420,38.0,73,56,129,64,9,9,46,1.0,1.92,1.47,3.39,1.68,3.16,,488.0,,,,,,,,,2002-2003,Premier-League,,,,,,,,,,,,,,,
Middlesbrough,29,26.4,,38,418,3420,38.0,48,31,79,46,2,3,53,4.0,1.26,0.82,2.08,1.21,2.03,,515.0,,,,,,,,,2002-2003,Premier-League,,,,,,,,,,,,,,,
Newcastle Utd,26,24.8,,38,420,3420,38.0,63,42,105,60,3,4,48,2.0,1.66,1.11,2.76,1.58,2.68,,500.0,,,,,,,,,2002-2003,Premier-League,,,,,,,,,,,,,,,
Southampton,26,27.2,,38,417,3420,38.0,42,24,66,36,6,6,49,3.0,1.11,0.63,1.74,0.95,1.58,,548.0,,,,,,,,,2002-2003,Premier-League,,,,,,,,,,,,,,,
Sunderland,34,26.0,,38,413,3420,38.0,21,16,37,20,1,3,60,0.0,0.55,0.42,0.97,0.53,0.95,,573.0,,,,,,,,,2002-2003,Premier-League,,,,,,,,,,,,,,,
Tottenham,25,28.1,,38,414,3420,38.0,50,35,85,47,3,3,64,4.0,1.32,0.92,2.24,1.24,2.16,,497.0,,,,,,,,,2002-2003,Premier-League,,,,,,,,,,,,,,,
West Brom,23,27.2,,38,418,3420,38.0,29,11,40,28,1,1,49,4.0,0.76,0.29,1.05,0.74,1.03,,573.0,,,,,,,,,2002-2003,Premier-League,,,,,,,,,,,,,,,
West Ham,24,27.3,,38,422,3420,38.0,41,29,70,37,4,5,67,4.0,1.08,0.76,1.84,0.97,1.74,,542.0,,,,,,,,,2002-2003,Premier-League,,,,,,,,,,,,,,,
Ajaccio,25,27.4,,38,418,3420,38.0,39,23,62,35,4,6,95,9.0,1.03,0.61,1.63,0.92,1.53,,603.0,,,,,,,,,2011-2012,Ligue-1,,,,,,,,,,,,,,,
Auxerre,29,27.0,,38,418,3420,38.0,46,28,74,45,1,1,87,5.0,1.21,0.74,1.95,1.18,1.92,,609.0,,,,,,,,,2011-2012,Ligue-1,,,,,,,,,,,,,,,
Bordeaux,26,26.7,,38,418,3420,38.0,53,30,83,46,7,9,64,4.0,1.39,0.79,2.18,1.21,2.0,,578.0,,,,,,,,,2011-2012,Ligue-1,,,,,,,,,,,,,,,
Brest,31,27.4,,38,418,3420,38.0,31,15,46,27,4,6,73,5.0,0.82,0.39,1.21,0.71,1.11,,669.0,,,,,,,,,2011-2012,Ligue-1,,,,,,,,,,,,,,,
Caen,23,26.3,,38,418,3420,38.0,39,21,60,33,6,6,72,6.0,1.03,0.55,1.58,0.87,1.42,,678.0,,,,,,,,,2011-2012,Ligue-1,,,,,,,,,,,,,,,
Dijon,29,24.4,,38,418,3420,38.0,38,19,57,35,3,4,82,7.0,1.0,0.5,1.5,0.92,1.42,,579.0,,,,,,,,,2011-2012,Ligue-1,,,,,,,,,,,,,,,
Evian,28,27.1,,38,418,3420,38.0,52,26,78,47,5,6,83,5.0,1.37,0.68,2.05,1.24,1.92,,614.0,,,,,,,,,2011-2012,Ligue-1,,,,,,,,,,,,,,,
Lille,24,27.0,,38,418,3420,38.0,70,42,112,58,12,13,68,4.0,1.84,1.11,2.95,1.53,2.63,,541.0,,,,,,,,,2011-2012,Ligue-1,,,,,,,,,,,,,,,
Lorient,33,25.8,,38,418,3420,38.0,34,22,56,31,3,3,67,4.0,0.89,0.58,1.47,0.82,1.39,,449.0,,,,,,,,,2011-2012,Ligue-1,,,,,,,,,,,,,,,
Lyon,28,25.5,,38,418,3420,38.0,62,35,97,56,6,6,62,6.0,1.63,0.92,2.55,1.47,2.39,,596.0,,,,,,,,,2011-2012,Ligue-1,,,,,,,,,,,,,,,
Marseille,24,26.3,,38,418,3420,38.0,44,30,74,41,3,4,74,5.0,1.16,0.79,1.95,1.08,1.87,,579.0,,,,,,,,,2011-2012,Ligue-1,,,,,,,,,,,,,,,
Montpellier,23,26.3,,38,418,3420,38.0,65,36,101,58,7,10,71,7.0,1.71,0.95,2.66,1.53,2.47,,610.0,,,,,,,,,2011-2012,Ligue-1,,,,,,,,,,,,,,,
Nancy,31,25.6,,38,418,3420,38.0,37,26,63,34,3,4,60,2.0,0.97,0.68,1.66,0.89,1.58,,620.0,,,,,,,,,2011-2012,Ligue-1,,,,,,,,,,,,,,,
Nice,31,26.0,,38,418,3420,38.0,38,21,59,31,7,9,70,7.0,1.0,0.55,1.55,0.82,1.37,,610.0,,,,,,,,,2011-2012,Ligue-1,,,,,,,,,,,,,,,
Paris S-G,24,26.9,,38,418,3420,38.0,74,53,127,64,10,10,81,4.0,1.95,1.39,3.34,1.68,3.08,,585.0,,,,,,,,,2011-2012,Ligue-1,,,,,,,,,,,,,,,
Rennes,27,24.1,,38,418,3420,38.0,52,35,87,46,6,7,68,3.0,1.37,0.92,2.29,1.21,2.13,,568.0,,,,,,,,,2011-2012,Ligue-1,,,,,,,,,,,,,,,
Saint-Étienne,30,25.1,,38,418,3420,38.0,45,31,76,43,2,2,72,5.0,1.18,0.82,2.0,1.13,1.95,,551.0,,,,,,,,,2011-2012,Ligue-1,,,,,,,,,,,,,,,
Sochaux,31,24.9,,38,418,3420,38.0,38,21,59,35,3,3,50,7.0,1.0,0.55,1.55,0.92,1.47,,533.0,,,,,,,,,2011-2012,Ligue-1,,,,,,,,,,,,,,,
Toulouse,26,23.9,,38,418,3420,38.0,35,22,57,32,3,5,76,8.0,0.92,0.58,1.5,0.84,1.42,,675.0,,,,,,,,,2011-2012,Ligue-1,,,,,,,,,,,,,,,
Valenciennes,26,26.5,,38,418,3420,38.0,38,19,57,33,5,6,67,4.0,1.0,0.5,1.5,0.87,1.37,,640.0,,,,,,,,,2011-2012,Ligue-1,,,,,,,,,,,,,,,
Athletic Club,25,25.4,,38,418,3420,38.0,44,38,82,43,1,2,126,9.0,1.16,1.0,2.16,1.13,2.13,,533.0,,,,,,,,,2012-2013,La-Liga,,,,,,,,,,,,,,,
Atlético Madrid,27,25.9,,38,418,3420,38.0,63,37,100,55,8,8,107,5.0,1.66,0.97,2.63,1.45,2.42,,594.0,,,,,,,,,2012-2013,La-Liga,,,,,,,,,,,,,,,
Barcelona,25,26.6,,38,418,3420,38.0,112,91,203,108,4,5,60,2.0,2.95,2.39,5.34,2.84,5.24,,402.0,,,,,,,,,2012-2013,La-Liga,,,,,,,,,,,,,,,
Betis,33,26.8,,38,418,3420,38.0,55,41,96,52,3,4,122,7.0,1.45,1.08,2.53,1.37,2.45,,549.0,,,,,,,,,2012-2013,La-Liga,,,,,,,,,,,,,,,
Celta Vigo,28,26.9,,38,418,3420,38.0,37,27,64,34,3,3,105,4.0,0.97,0.71,1.68,0.89,1.61,,506.0,,,,,,,,,2012-2013,La-Liga,,,,,,,,,,,,,,,
Espanyol,25,26.5,,38,418,3420,38.0,42,32,74,38,4,4,158,11.0,1.11,0.84,1.95,1.0,1.84,,643.0,,,,,,,,,2012-2013,La-Liga,,,,,,,,,,,,,,,
Getafe,27,26.9,,38,418,3420,38.0,43,31,74,39,4,4,117,9.0,1.13,0.82,1.95,1.03,1.84,,544.0,,,,,,,,,2012-2013,La-Liga,,,,,,,,,,,,,,,
Granada,28,26.9,,38,418,3420,38.0,35,18,53,28,7,8,107,5.0,0.92,0.47,1.39,0.74,1.21,,570.0,,,,,,,,,2012-2013,La-Liga,,,,,,,,,,,,,,,
La Coruña,28,28.8,,38,418,3420,38.0,45,26,71,41,4,6,109,8.0,1.18,0.68,1.87,1.08,1.76,,426.0,,,,,,,,,2012-2013,La-Liga,,,,,,,,,,,,,,,
Levante,27,29.2,,38,418,3420,38.0,39,22,61,36,3,5,119,7.0,1.03,0.58,1.61,0.95,1.53,,587.0,,,,,,,,,2012-2013,La-Liga,,,,,,,,,,,,,,,
Málaga,28,27.9,,38,418,3420,38.0,52,37,89,48,4,5,96,6.0,1.37,0.97,2.34,1.26,2.24,,493.0,,,,,,,,,2012-2013,La-Liga,,,,,,,,,,,,,,,
Mallorca,29,26.9,,38,418,3420,38.0,43,23,66,41,2,3,108,8.0,1.13,0.61,1.74,1.08,1.68,,599.0,,,,,,,,,2012-2013,La-Liga,,,,,,,,,,,,,,,
Osasuna,30,27.6,,38,418,3420,38.0,33,24,57,32,1,1,119,10.0,0.87,0.63,1.5,0.84,1.47,,563.0,,,,,,,,,2012-2013,La-Liga,,,,,,,,,,,,,,,
Rayo Vallecano,29,26.6,,38,418,3420,38.0,49,30,79,42,7,7,141,4.0,1.29,0.79,2.08,1.11,1.89,,590.0,,,,,,,,,2012-2013,La-Liga,,,,,,,,,,,,,,,
Real Madrid,31,26.9,,38,418,3420,38.0,100,71,171,92,8,10,97,5.0,2.63,1.87,4.5,2.42,4.29,,468.0,,,,,,,,,2012-2013,La-Liga,,,,,,,,,,,,,,,
Real Sociedad,22,25.3,,38,418,3420,38.0,68,49,117,61,7,7,98,2.0,1.79,1.29,3.08,1.61,2.89,,448.0,,,,,,,,,2012-2013,La-Liga,,,,,,,,,,,,,,,
Sevilla,30,26.7,,38,418,3420,38.0,56,36,92,51,5,7,106,12.0,1.47,0.95,2.42,1.34,2.29,,547.0,,,,,,,,,2012-2013,La-Liga,,,,,,,,,,,,,,,
Valencia,23,26.4,,38,418,3420,38.0,65,48,113,59,6,7,128,8.0,1.71,1.26,2.97,1.55,2.82,,575.0,,,,,,,,,2012-2013,La-Liga,,,,,,,,,,,,,,,
Valladolid,23,27.3,,38,418,3420,38.0,48,32,80,43,5,6,83,3.0,1.26,0.84,2.11,1.13,1.97,,502.0,,,,,,,,,2012-2013,La-Liga,,,,,,,,,,,,,,,
Zaragoza,33,26.9,,38,418,3420,38.0,37,23,60,29,8,8,135,11.0,0.97,0.61,1.58,0.76,1.37,,612.0,,,,,,,,,2012-2013,La-Liga,,,,,,,,,,,,,,,
Almería,27,26.1,46.4,38,418,3420,38.0,33,22,55,28,5,6,124,0.0,0.87,0.58,1.45,0.74,1.32,,556.0,,,,,,,,,2014-2015,La-Liga,,,,,,,,,,,,,,,
Athletic Club,26,26.8,53.2,38,418,3420,38.0,41,26,67,36,5,5,103,0.0,1.08,0.68,1.76,0.95,1.63,,525.0,,,,,,,,,2014-2015,La-Liga,,,,,,,,,,,,,,,
Atlético Madrid,25,27.5,48.6,38,418,3420,38.0,65,48,113,60,5,6,118,0.0,1.71,1.26,2.97,1.58,2.84,,543.0,,,,,,,,,2014-2015,La-Liga,,,,,,,,,,,,,,,
Barcelona,24,27.7,65.7,38,418,3420,38.0,107,79,186,101,6,7,69,0.0,2.82,2.08,4.89,2.66,4.74,,369.0,,,,,,,,,2014-2015,La-Liga,,,,,,,,,,,,,,,
Celta Vigo,23,26.3,55.9,38,418,3420,38.0,47,33,80,43,4,6,120,0.0,1.24,0.87,2.11,1.13,2.0,,581.0,,,,,,,,,2014-2015,La-Liga,,,,,,,,,,,,,,,
Córdoba,33,25.7,45.9,38,418,3420,38.0,21,12,33,19,2,3,106,0.0,0.55,0.32,0.87,0.5,0.82,,492.0,,,,,,,,,2014-2015,La-Liga,,,,,,,,,,,,,,,
Eibar,23,27.6,43.8,38,418,3420,38.0,33,25,58,31,2,2,110,0.0,0.87,0.66,1.53,0.82,1.47,,565.0,,,,,,,,,2014-2015,La-Liga,,,,,,,,,,,,,,,
Elche,24,26.3,47.9,38,418,3420,38.0,35,25,60,31,4,7,113,0.0,0.92,0.66,1.58,0.82,1.47,,585.0,,,,,,,,,2014-2015,La-Liga,,,,,,,,,,,,,,,
Espanyol,27,26.9,46.0,38,418,3420,38.0,47,29,76,43,4,4,125,0.0,1.24,0.76,2.0,1.13,1.89,,610.0,,,,,,,,,2014-2015,La-Liga,,,,,,,,,,,,,,,
Getafe,27,26.9,46.9,38,418,3420,38.0,32,25,57,31,1,2,98,0.0,0.84,0.66,1.5,0.82,1.47,,540.0,,,,,,,,,2014-2015,La-Liga,,,,,,,,,,,,,,,
Granada,34,26.6,47.4,38,418,3420,38.0,29,17,46,23,6,6,115,0.0,0.76,0.45,1.21,0.61,1.05,,573.0,,,,,,,,,2014-2015,La-Liga,,,,,,,,,,,,,,,
La Coruña,27,26.9,48.4,38,418,3420,38.0,33,17,50,29,4,7,111,0.0,0.87,0.45,1.32,0.76,1.21,,559.0,,,,,,,,,2014-2015,La-Liga,,,,,,,,,,,,,,,
Levante,29,28.0,44.5,38,418,3420,38.0,34,22,56,31,3,4,107,0.0,0.89,0.58,1.47,0.82,1.39,,570.0,,,,,,,,,2014-2015,La-Liga,,,,,,,,,,,,,,,
Málaga,23,26.6,49.5,38,418,3420,38.0,40,27,67,36,4,7,112,0.0,1.05,0.71,1.76,0.95,1.66,,569.0,,,,,,,,,2014-2015,La-Liga,,,,,,,,,,,,,,,
Rayo Vallecano,28,27.2,54.8,38,418,3420,38.0,46,33,79,44,2,3,113,0.0,1.21,0.87,2.08,1.16,2.03,,552.0,,,,,,,,,2014-2015,La-Liga,,,,,,,,,,,,,,,
Real Madrid,24,26.4,56.2,38,418,3420,38.0,116,91,207,105,11,13,87,0.0,3.05,2.39,5.45,2.76,5.16,,406.0,,,,,,,,,2014-2015,La-Liga,,,,,,,,,,,,,,,
Real Sociedad,25,26.5,49.8,38,418,3420,38.0,41,35,76,38,3,3,89,0.0,1.08,0.92,2.0,1.0,1.92,,509.0,,,,,,,,,2014-2015,La-Liga,,,,,,,,,,,,,,,
Sevilla,26,26.2,50.3,38,418,3420,38.0,68,45,113,60,8,10,118,0.0,1.79,1.18,2.97,1.58,2.76,,604.0,,,,,,,,,2014-2015,La-Liga,,,,,,,,,,,,,,,
Valencia,24,24.8,50.0,38,418,3420,38.0,66,48,114,61,5,7,112,0.0,1.74,1.26,3.0,1.61,2.87,,566.0,,,,,,,,,2014-2015,La-Liga,,,,,,,,,,,,,,,
Villarreal,28,25.0,48.6,38,418,3420,38.0,48,34,82,46,2,2,96,0.0,1.26,0.89,2.16,1.21,2.11,,526.0,,,,,,,,,2014-2015,La-Liga,,,,,,,,,,,,,,,
Arsenal,29,26.1,56.6,38,418,3420,38.0,69,47,116,63,6,7,69,0.0,1.82,1.24,3.05,1.66,2.89,,377.0,,,,,,,,,2014-2015,Premier-League,,,,,,,,,,,,,,,
Aston Villa,27,26.3,49.0,38,418,3420,38.0,31,23,54,30,1,1,76,0.0,0.82,0.61,1.42,0.79,1.39,,398.0,,,,,,,,,2014-2015,Premier-League,,,,,,,,,,,,,,,
Burnley,24,27.2,42.5,38,418,3420,38.0,27,22,49,26,1,2,66,0.0,0.71,0.58,1.29,0.68,1.26,,406.0,,,,,,,,,2014-2015,Premier-League,,,,,,,,,,,,,,,
Chelsea,25,27.0,55.9,38,418,3420,38.0,72,59,131,68,4,5,75,0.0,1.89,1.55,3.45,1.79,3.34,,382.0,,,,,,,,,2014-2015,Premier-League,,,,,,,,,,,,,,,
Crystal Palace,30,27.8,40.4,38,418,3420,38.0,46,27,73,41,5,7,70,0.0,1.21,0.71,1.92,1.08,1.79,,527.0,,,,,,,,,2014-2015,Premier-League,,,,,,,,,,,,,,,
Everton,28,27.9,54.7,38,418,3420,38.0,47,31,78,43,4,7,71,0.0,1.24,0.82,2.05,1.13,1.95,,387.0,,,,,,,,,2014-2015,Premier-League,,,,,,,,,,,,,,,
Hull City,29,27.4,44.2,38,418,3420,38.0,32,22,54,31,1,1,75,0.0,0.84,0.58,1.42,0.82,1.39,,451.0,,,,,,,,,2014-2015,Premier-League,,,,,,,,,,,,,,,
Leicester City,28,27.9,43.5,38,418,3420,38.0,45,29,74,42,3,3,49,0.0,1.18,0.76,1.95,1.11,1.87,,485.0,,,,,,,,,2014-2015,Premier-League,,,,,,,,,,,,,,,
Liverpool,25,25.2,55.8,38,418,3420,38.0,48,30,78,43,5,6,70,0.0,1.26,0.79,2.05,1.13,1.92,,386.0,,,,,,,,,2014-2015,Premier-League,,,,,,,,,,,,,,,
Manchester City,24,28.6,59.8,38,418,3420,38.0,82,61,143,75,7,8,82,0.0,2.16,1.61,3.76,1.97,3.58,,445.0,,,,,,,,,2014-2015,Premier-League,,,,,,,,,,,,,,,
Manchester Utd,33,26.0,61.2,38,418,3420,38.0,60,41,101,57,3,5,68,0.0,1.58,1.08,2.66,1.5,2.58,,452.0,,,,,,,,,2014-2015,Premier-League,,,,,,,,,,,,,,,
Newcastle Utd,27,25.9,47.7,38,418,3420,38.0,40,30,70,39,1,1,78,0.0,1.05,0.79,1.84,1.03,1.82,,433.0,,,,,,,,,2014-2015,Premier-League,,,,,,,,,,,,,,,
QPR,32,28.2,45.2,38,418,3420,38.0,39,29,68,36,3,5,79,0.0,1.03,0.76,1.79,0.95,1.71,,450.0,,,,,,,,,2014-2015,Premier-League,,,,,,,,,,,,,,,
Southampton,29,26.0,53.1,38,418,3420,38.0,49,32,81,47,2,3,59,0.0,1.29,0.84,2.13,1.24,2.08,,468.0,,,,,,,,,2014-2015,Premier-League,,,,,,,,,,,,,,,
Stoke City,25,27.4,50.4,38,418,3420,38.0,47,30,77,44,3,3,84,0.0,1.24,0.79,2.03,1.16,1.95,,477.0,,,,,,,,,2014-2015,Premier-League,,,,,,,,,,,,,,,
Sunderland,25,27.8,45.2,38,417,3420,38.0,30,20,50,26,4,4,96,0.0,0.79,0.53,1.32,0.68,1.21,,440.0,,,,,,,,,2014-2015,Premier-League,,,,,,,,,,,,,,,
Swansea City,28,26.6,50.1,38,418,3420,38.0,43,34,77,41,2,2,54,0.0,1.13,0.89,2.03,1.08,1.97,,397.0,,,,,,,,,2014-2015,Premier-League,,,,,,,,,,,,,,,
Tottenham,27,24.4,57.0,38,418,3420,38.0,56,40,96,53,3,5,81,0.0,1.47,1.05,2.53,1.39,2.45,,442.0,,,,,,,,,2014-2015,Premier-League,,,,,,,,,,,,,,,
West Brom,26,28.0,43.7,38,418,3420,38.0,37,29,66,33,4,5,64,0.0,0.97,0.76,1.74,0.87,1.63,,420.0,,,,,,,,,2014-2015,Premier-League,,,,,,,,,,,,,,,
West Ham,28,26.8,45.6,38,418,3420,38.0,43,34,77,42,1,2,66,0.0,1.13,0.89,2.03,1.11,2.0,,416.0,,,,,,,,,2014-2015,Premier-League,,,,,,,,,,,,,,,
Arles-Avignon,34,27.5,,38,418,3420,38.0,21,17,38,20,1,1,71,8.0,0.55,0.45,1.0,0.53,0.97,,653.0,,,,,,,,,2010-2011,Ligue-1,,,,,,,,,,,,,,,
Auxerre,25,26.8,,38,418,3420,38.0,44,28,72,42,2,2,73,0.0,1.16,0.74,1.89,1.11,1.84,,560.0,,,,,,,,,2010-2011,Ligue-1,,,,,,,,,,,,,,,
Bordeaux,31,26.4,,38,418,3420,38.0,41,27,68,36,5,7,78,3.0,1.08,0.71,1.79,0.95,1.66,,586.0,,,,,,,,,2010-2011,Ligue-1,,,,,,,,,,,,,,,
Brest,25,26.9,,38,418,3420,38.0,36,24,60,31,5,7,50,0.0,0.95,0.63,1.58,0.82,1.45,,622.0,,,,,,,,,2010-2011,Ligue-1,,,,,,,,,,,,,,,
Caen,26,25.6,,38,418,3420,38.0,46,32,78,45,1,1,84,4.0,1.21,0.84,2.05,1.18,2.03,,694.0,,,,,,,,,2010-2011,Ligue-1,,,,,,,,,,,,,,,
Lens,31,27.0,,38,418,3420,38.0,32,22,54,31,1,2,54,3.0,0.84,0.58,1.42,0.82,1.39,,592.0,,,,,,,,,2010-2011,Ligue-1,,,,,,,,,,,,,,,
Lille,22,25.7,,38,418,3420,38.0,66,45,111,64,2,4,54,1.0,1.74,1.18,2.92,1.68,2.87,,512.0,,,,,,,,,2010-2011,Ligue-1,,,,,,,,,,,,,,,
Lorient,27,25.6,,38,418,3420,38.0,46,31,77,42,4,4,53,6.0,1.21,0.82,2.03,1.11,1.92,,444.0,,,,,,,,,2010-2011,Ligue-1,,,,,,,,,,,,,,,
Lyon,26,25.5,,38,418,3420,38.0,58,40,98,56,2,4,61,8.0,1.53,1.05,2.58,1.47,2.53,,594.0,,,,,,,,,2010-2011,Ligue-1,,,,,,,,,,,,,,,
Marseille,24,26.7,,38,418,3420,38.0,60,41,101,58,2,3,61,4.0,1.58,1.08,2.66,1.53,2.61,,624.0,,,,,,,,,2010-2011,Ligue-1,,,,,,,,,,,,,,,
Monaco,34,25.5,,38,418,3420,38.0,34,18,52,30,4,5,78,4.0,0.89,0.47,1.37,0.79,1.26,,629.0,,,,,,,,,2010-2011,Ligue-1,,,,,,,,,,,,,,,
Montpellier,25,25.8,,38,418,3420,38.0,32,23,55,29,3,4,83,8.0,0.84,0.61,1.45,0.76,1.37,,703.0,,,,,,,,,2010-2011,Ligue-1,,,,,,,,,,,,,,,
Nancy,26,26.9,,38,418,3420,38.0,41,27,68,39,2,4,69,7.0,1.08,0.71,1.79,1.03,1.74,,635.0,,,,,,,,,2010-2011,Ligue-1,,,,,,,,,,,,,,,
Nice,32,25.7,,38,418,3420,38.0,31,24,55,29,2,4,80,4.0,0.82,0.63,1.45,0.76,1.39,,515.0,,,,,,,,,2010-2011,Ligue-1,,,,,,,,,,,,,,,
Paris S-G,25,28.1,,38,418,3420,38.0,51,35,86,48,3,3,60,4.0,1.34,0.92,2.26,1.26,2.18,,530.0,,,,,,,,,2010-2011,Ligue-1,,,,,,,,,,,,,,,
Rennes,27,24.9,,38,418,3420,38.0,37,24,61,32,5,6,58,5.0,0.97,0.63,1.61,0.84,1.47,,606.0,,,,,,,,,2010-2011,Ligue-1,,,,,,,,,,,,,,,
Saint-Étienne,26,26.3,,38,418,3420,38.0,44,21,65,40,4,5,65,2.0,1.16,0.55,1.71,1.05,1.61,,599.0,,,,,,,,,2010-2011,Ligue-1,,,,,,,,,,,,,,,
Sochaux,25,24.8,,38,418,3420,38.0,58,44,102,55,3,3,49,4.0,1.53,1.16,2.68,1.45,2.61,,528.0,,,,,,,,,2010-2011,Ligue-1,,,,,,,,,,,,,,,
Toulouse,26,24.1,,38,418,3420,38.0,36,23,59,32,4,5,62,2.0,0.95,0.61,1.55,0.84,1.45,,739.0,,,,,,,,,2010-2011,Ligue-1,,,,,,,,,,,,,,,
Valenciennes,26,26.9,,38,418,3420,38.0,45,35,80,44,1,2,68,2.0,1.18,0.92,2.11,1.16,2.08,,600.0,,,,,,,,,2010-2011,Ligue-1,,,,,,,,,,,,,,,
Atalanta,30,27.2,57.2,38,418,3420,38.0,96,68,164,89,7,10,80,2.0,2.53,1.79,4.32,2.34,4.13,1.0,534.0,518.0,50.0,767.0,418.0,351.0,9.0,6.0,3.0,2019-2020,Serie-A,83.5,75.6,58.9,134.5,978.0,1867.0,2.2,1.55,3.75,1.99,3.54,2145.0,624.0,500.0,55.5
Bologna,31,27.2,52.6,38,418,3420,38.0,48,31,79,43,5,6,109,7.0,1.26,0.82,2.08,1.13,1.95,3.0,595.0,567.0,85.0,733.0,412.0,338.0,6.0,8.0,1.0,2019-2020,Serie-A,56.9,52.2,41.3,93.5,799.0,1672.0,1.5,1.09,2.58,1.37,2.46,1903.0,644.0,666.0,49.2
Brescia,32,25.6,40.6,38,418,3420,38.0,34,22,56,30,4,4,95,6.0,0.89,0.58,1.47,0.79,1.37,3.0,504.0,583.0,68.0,641.0,361.0,273.0,3.0,11.0,3.0,2019-2020,Serie-A,43.4,40.2,28.8,69.0,537.0,1241.0,1.14,0.76,1.9,1.06,1.82,1768.0,498.0,602.0,45.3
Cagliari,33,27.4,45.7,38,418,3420,38.0,50,34,84,46,4,6,108,6.0,1.32,0.89,2.21,1.21,2.11,3.0,534.0,449.0,56.0,762.0,337.0,338.0,3.0,9.0,3.0,2019-2020,Serie-A,41.8,37.1,32.0,69.0,662.0,1288.0,1.1,0.84,1.94,0.98,1.82,1836.0,516.0,691.0,42.8
Fiorentina,33,25.1,47.4,38,418,3420,38.0,48,30,78,39,9,11,105,5.0,1.26,0.79,2.05,1.03,1.82,3.0,546.0,500.0,50.0,726.0,347.0,333.0,8.0,11.0,0.0,2019-2020,Serie-A,53.6,45.4,34.5,79.8,857.0,1446.0,1.41,0.91,2.32,1.19,2.1,1926.0,458.0,491.0,48.3
Genoa,34,26.8,49.5,38,418,3420,38.0,46,28,74,35,11,16,107,10.0,1.21,0.74,1.95,0.92,1.66,5.0,571.0,514.0,57.0,723.0,385.0,335.0,12.0,9.0,2.0,2019-2020,Serie-A,48.7,36.2,27.6,63.7,583.0,1280.0,1.28,0.73,2.01,0.95,1.68,1828.0,600.0,583.0,50.7
Hellas Verona,30,26.1,49.8,38,418,3420,38.0,45,27,72,37,8,9,87,7.0,1.18,0.71,1.89,0.97,1.68,2.0,555.0,490.0,91.0,750.0,398.0,290.0,7.0,9.0,1.0,2019-2020,Serie-A,50.5,43.6,34.5,78.1,728.0,1575.0,1.33,0.91,2.24,1.15,2.06,2146.0,718.0,783.0,47.8
Inter,29,27.7,54.2,38,418,3420,38.0,80,57,137,70,10,11,104,6.0,2.11,1.5,3.61,1.84,3.34,3.0,563.0,450.0,96.0,790.0,370.0,287.0,10.0,4.0,1.0,2019-2020,Serie-A,69.4,60.8,44.0,104.7,797.0,1820.0,1.83,1.16,2.98,1.6,2.76,1862.0,515.0,470.0,52.3
Juventus,30,28.6,58.1,38,418,3420,38.0,73,47,120,60,13,14,87,3.0,1.92,1.24,3.16,1.58,2.82,2.0,508.0,486.0,73.0,698.0,370.0,318.0,10.0,12.0,0.0,2019-2020,Serie-A,71.1,60.1,45.5,105.6,879.0,1746.0,1.87,1.2,3.07,1.58,2.78,1811.0,432.0,338.0,56.1
Lazio,27,27.9,50.4,38,418,3420,38.0,77,45,122,62,15,18,99,2.0,2.03,1.18,3.21,1.63,2.82,1.0,462.0,399.0,71.0,741.0,378.0,311.0,12.0,9.0,1.0,2019-2020,Serie-A,68.0,53.9,42.5,96.4,935.0,1668.0,1.79,1.12,2.91,1.42,2.54,1921.0,450.0,515.0,46.6
Lecce,30,28.7,44.8,38,418,3420,38.0,52,30,82,41,11,15,98,5.0,1.37,0.79,2.16,1.08,1.87,2.0,469.0,490.0,67.0,711.0,383.0,293.0,10.0,13.0,3.0,2019-2020,Serie-A,54.7,43.5,32.6,76.1,752.0,1356.0,1.44,0.86,2.3,1.15,2.0,1804.0,487.0,495.0,49.6
Milan,32,24.6,54.9,38,418,3420,38.0,60,38,98,52,8,9,97,6.0,1.58,1.0,2.58,1.37,2.37,2.0,545.0,460.0,63.0,713.0,419.0,345.0,4.0,10.0,1.0,2019-2020,Serie-A,62.8,56.0,46.0,101.9,816.0,1717.0,1.65,1.21,2.86,1.47,2.68,1928.0,538.0,507.0,51.5
Napoli,25,26.9,59.2,38,418,3420,38.0,60,45,105,55,5,5,73,2.0,1.58,1.18,2.76,1.45,2.63,0.0,421.0,523.0,54.0,813.0,330.0,295.0,2.0,8.0,1.0,2019-2020,Serie-A,61.7,57.8,46.8,104.6,979.0,2024.0,1.62,1.23,2.85,1.52,2.75,1958.0,384.0,374.0,50.7
Parma,25,28.8,43.8,38,418,3420,38.0,53,38,91,49,4,6,81,1.0,1.39,1.0,2.39,1.29,2.29,0.0,519.0,467.0,60.0,597.0,394.0,348.0,4.0,11.0,0.0,2019-2020,Serie-A,48.4,43.7,33.9,77.6,673.0,1227.0,1.27,0.89,2.17,1.15,2.04,1871.0,540.0,463.0,53.8
Roma,31,26.9,52.7,38,418,3420,38.0,73,47,120,61,12,14,111,7.0,1.92,1.24,3.16,1.61,2.84,4.0,541.0,435.0,45.0,781.0,400.0,303.0,7.0,10.0,0.0,2019-2020,Serie-A,73.2,62.8,48.6,111.3,944.0,1651.0,1.93,1.28,3.21,1.65,2.93,1852.0,530.0,415.0,56.1
Sampdoria,31,26.0,42.7,38,418,3420,38.0,48,25,73,39,9,12,111,7.0,1.26,0.66,1.92,1.03,1.68,5.0,563.0,459.0,63.0,814.0,396.0,354.0,10.0,9.0,4.0,2019-2020,Serie-A,50.2,40.8,30.8,71.6,613.0,1369.0,1.32,0.81,2.13,1.07,1.89,1928.0,588.0,625.0,48.5
Sassuolo,31,26.4,57.5,38,418,3420,38.0,69,49,118,64,5,6,99,3.0,1.82,1.29,3.11,1.68,2.97,1.0,498.0,560.0,64.0,562.0,348.0,332.0,4.0,9.0,4.0,2019-2020,Serie-A,52.9,48.2,39.2,87.4,902.0,1590.0,1.39,1.03,2.42,1.27,2.3,1812.0,341.0,385.0,47.0
SPAL,34,27.5,46.9,38,418,3420,38.0,27,17,44,22,5,7,98,4.0,0.71,0.45,1.16,0.58,1.03,1.0,541.0,525.0,53.0,693.0,394.0,327.0,6.0,8.0,3.0,2019-2020,Serie-A,40.7,35.2,26.5,61.7,696.0,1236.0,1.07,0.7,1.77,0.93,1.62,1718.0,552.0,520.0,51.5
Torino,27,27.3,47.4,38,418,3420,38.0,44,29,73,37,7,8,96,7.0,1.16,0.76,1.92,0.97,1.74,5.0,606.0,539.0,63.0,756.0,495.0,314.0,3.0,11.0,3.0,2019-2020,Serie-A,44.8,39.4,30.3,69.6,843.0,1220.0,1.18,0.8,1.98,1.04,1.83,2048.0,699.0,640.0,52.2
Udinese,25,26.5,44.7,38,418,3420,38.0,37,26,63,37,0,0,77,3.0,0.97,0.68,1.66,0.97,1.66,2.0,506.0,414.0,65.0,730.0,375.0,340.0,0.0,10.0,0.0,2019-2020,Serie-A,41.6,41.6,33.5,75.2,709.0,1274.0,1.1,0.88,1.98,1.1,1.98,1888.0,483.0,534.0,47.5
Augsburg,29,26.8,,34,374,3060,34.0,36,28,64,32,4,5,66,2.0,1.06,0.82,1.88,0.94,1.76,,545.0,,,,,,,,,2011-2012,Bundesliga,,,,,,,,,,,,,,,
Bayern Munich,21,25.4,,34,374,3060,34.0,75,49,124,66,9,11,44,3.0,2.21,1.44,3.65,1.94,3.38,,459.0,,,,,,,,,2011-2012,Bundesliga,,,,,,,,,,,,,,,
Dortmund,23,24.4,,34,374,3060,34.0,80,58,138,79,1,1,35,2.0,2.35,1.71,4.06,2.32,4.03,,454.0,,,,,,,,,2011-2012,Bundesliga,,,,,,,,,,,,,,,
Freiburg,31,24.9,,34,374,3060,34.0,44,31,75,41,3,4,56,1.0,1.29,0.91,2.21,1.21,2.12,,550.0,,,,,,,,,2011-2012,Bundesliga,,,,,,,,,,,,,,,
Gladbach,25,25.6,,34,374,3060,34.0,49,35,84,46,3,3,51,1.0,1.44,1.03,2.47,1.35,2.38,,413.0,,,,,,,,,2011-2012,Bundesliga,,,,,,,,,,,,,,,
Hamburger SV,26,25.2,,34,374,3060,34.0,35,15,50,32,3,3,64,2.0,1.03,0.44,1.47,0.94,1.38,,574.0,,,,,,,,,2011-2012,Bundesliga,,,,,,,,,,,,,,,
Hannover 96,23,26.5,,34,374,3060,34.0,38,25,63,33,5,5,66,3.0,1.12,0.74,1.85,0.97,1.71,,539.0,,,,,,,,,2011-2012,Bundesliga,,,,,,,,,,,,,,,
Hertha BSC,25,26.0,,34,373,3060,34.0,37,25,62,36,1,2,74,8.0,1.09,0.74,1.82,1.06,1.79,,488.0,,,,,,,,,2011-2012,Bundesliga,,,,,,,,,,,,,,,
Hoffenheim,27,24.2,,34,374,3060,34.0,38,22,60,30,8,9,72,3.0,1.12,0.65,1.76,0.88,1.53,,625.0,,,,,,,,,2011-2012,Bundesliga,,,,,,,,,,,,,,,
Kaiserslautern,32,25.4,,34,374,3060,34.0,21,15,36,20,1,1,71,4.0,0.62,0.44,1.06,0.59,1.03,,579.0,,,,,,,,,2011-2012,Bundesliga,,,,,,,,,,,,,,,
Köln,26,26.3,,34,374,3060,34.0,39,29,68,36,3,3,69,6.0,1.15,0.85,2.0,1.06,1.91,,491.0,,,,,,,,,2011-2012,Bundesliga,,,,,,,,,,,,,,,
Leverkusen,26,24.4,,34,374,3060,34.0,51,34,85,50,1,2,48,4.0,1.5,1.0,2.5,1.47,2.47,,478.0,,,,,,,,,2011-2012,Bundesliga,,,,,,,,,,,,,,,
Mainz 05,27,27.1,,34,374,3060,34.0,46,31,77,41,5,5,51,2.0,1.35,0.91,2.26,1.21,2.12,,567.0,,,,,,,,,2011-2012,Bundesliga,,,,,,,,,,,,,,,
Nürnberg,27,25.4,,34,374,3060,34.0,38,27,65,35,3,3,74,2.0,1.12,0.79,1.91,1.03,1.82,,562.0,,,,,,,,,2011-2012,Bundesliga,,,,,,,,,,,,,,,
Schalke 04,28,24.5,,34,374,3060,34.0,74,50,124,68,6,7,65,2.0,2.18,1.47,3.65,2.0,3.47,,540.0,,,,,,,,,2011-2012,Bundesliga,,,,,,,,,,,,,,,
Stuttgart,26,26.2,,34,374,3060,34.0,63,42,105,58,5,5,67,4.0,1.85,1.24,3.09,1.71,2.94,,530.0,,,,,,,,,2011-2012,Bundesliga,,,,,,,,,,,,,,,
Werder Bremen,31,25.2,,34,374,3060,34.0,49,37,86,46,3,3,67,5.0,1.44,1.09,2.53,1.35,2.44,,532.0,,,,,,,,,2011-2012,Bundesliga,,,,,,,,,,,,,,,
Wolfsburg,36,26.5,,34,374,3060,34.0,44,36,80,42,2,2,67,4.0,1.29,1.06,2.35,1.24,2.29,,654.0,,,,,,,,,2011-2012,Bundesliga,,,,,,,,,,,,,,,
Bayern Munich,24,26.5,,34,374,3060,34.0,77,54,131,74,3,6,43,2.0,2.26,1.59,3.85,2.18,3.76,,415.0,,,,,,,,,2010-2011,Bundesliga,,,,,,,,,,,,,,,
Dortmund,23,23.4,,34,374,3060,34.0,63,42,105,63,0,3,41,1.0,1.85,1.24,3.09,1.85,3.09,,495.0,,,,,,,,,2010-2011,Bundesliga,,,,,,,,,,,,,,,
Eint Frankfurt,27,26.2,,34,374,3060,34.0,31,20,51,27,4,4,75,3.0,0.91,0.59,1.5,0.79,1.38,,494.0,,,,,,,,,2010-2011,Bundesliga,,,,,,,,,,,,,,,
Freiburg,27,25.5,,34,374,3060,34.0,38,21,59,34,4,6,48,3.0,1.12,0.62,1.74,1.0,1.62,,537.0,,,,,,,,,2010-2011,Bundesliga,,,,,,,,,,,,,,,
Gladbach,28,25.8,,34,374,3060,34.0,47,29,76,43,4,4,56,8.0,1.38,0.85,2.24,1.26,2.12,,497.0,,,,,,,,,2010-2011,Bundesliga,,,,,,,,,,,,,,,
Hamburger SV,25,28.0,,34,374,3060,34.0,45,28,73,42,3,3,55,2.0,1.32,0.82,2.15,1.24,2.06,,475.0,,,,,,,,,2010-2011,Bundesliga,,,,,,,,,,,,,,,
Hannover 96,23,25.6,,34,374,3060,34.0,48,30,78,45,3,3,60,5.0,1.41,0.88,2.29,1.32,2.21,,559.0,,,,,,,,,2010-2011,Bundesliga,,,,,,,,,,,,,,,
Hoffenheim,28,23.9,,34,374,3060,34.0,48,27,75,43,5,5,63,4.0,1.41,0.79,2.21,1.26,2.06,,625.0,,,,,,,,,2010-2011,Bundesliga,,,,,,,,,,,,,,,
Kaiserslautern,25,25.2,,34,374,3060,34.0,47,32,79,46,1,2,63,4.0,1.38,0.94,2.32,1.35,2.29,,602.0,,,,,,,,,2010-2011,Bundesliga,,,,,,,,,,,,,,,
Köln,30,26.3,,34,374,3060,34.0,47,25,72,45,2,2,79,1.0,1.38,0.74,2.12,1.32,2.06,,587.0,,,,,,,,,2010-2011,Bundesliga,,,,,,,,,,,,,,,
Leverkusen,21,25.2,,34,374,3060,34.0,62,39,101,56,6,6,57,1.0,1.82,1.15,2.97,1.65,2.79,,494.0,,,,,,,,,2010-2011,Bundesliga,,,,,,,,,,,,,,,
Mainz 05,26,26.1,,34,374,3060,34.0,49,37,86,46,3,5,54,1.0,1.44,1.09,2.53,1.35,2.44,,539.0,,,,,,,,,2010-2011,Bundesliga,,,,,,,,,,,,,,,
Nürnberg,28,25.2,,34,374,3060,34.0,45,28,73,43,2,4,69,3.0,1.32,0.82,2.15,1.26,2.09,,530.0,,,,,,,,,2010-2011,Bundesliga,,,,,,,,,,,,,,,
Schalke 04,31,25.3,,34,374,3060,34.0,37,23,60,35,2,3,57,4.0,1.09,0.68,1.76,1.03,1.71,,573.0,,,,,,,,,2010-2011,Bundesliga,,,,,,,,,,,,,,,
St. Pauli,28,26.7,,34,374,3060,34.0,34,23,57,31,3,3,60,5.0,1.0,0.68,1.68,0.91,1.59,,529.0,,,,,,,,,2010-2011,Bundesliga,,,,,,,,,,,,,,,
Stuttgart,27,24.8,,34,374,3060,34.0,60,35,95,54,6,8,64,4.0,1.76,1.03,2.79,1.59,2.62,,513.0,,,,,,,,,2010-2011,Bundesliga,,,,,,,,,,,,,,,
Werder Bremen,28,26.6,,34,374,3060,34.0,43,29,72,36,7,11,71,4.0,1.26,0.85,2.12,1.06,1.91,,545.0,,,,,,,,,2010-2011,Bundesliga,,,,,,,,,,,,,,,
Wolfsburg,28,26.4,,34,374,3060,34.0,43,28,71,43,0,4,73,2.0,1.26,0.82,2.09,1.26,2.09,,579.0,,,,,,,,,2010-2011,Bundesliga,,,,,,,,,,,,,,,
Ajaccio,28,28.5,,38,418,3420,38.0,37,22,59,33,4,5,73,7.0,0.97,0.58,1.55,0.87,1.45,,582.0,,,,,,,,,2012-2013,Ligue-1,,,,,,,,,,,,,,,
Bastia,29,27.8,,38,418,3420,38.0,49,32,81,44,5,7,83,7.0,1.29,0.84,2.13,1.16,2.0,,540.0,,,,,,,,,2012-2013,Ligue-1,,,,,,,,,,,,,,,
Bordeaux,26,27.0,,38,418,3420,38.0,39,29,68,37,2,4,66,3.0,1.03,0.76,1.79,0.97,1.74,,488.0,,,,,,,,,2012-2013,Ligue-1,,,,,,,,,,,,,,,
Brest,33,26.3,,38,418,3420,38.0,31,19,50,26,5,5,70,4.0,0.82,0.5,1.32,0.68,1.18,,590.0,,,,,,,,,2012-2013,Ligue-1,,,,,,,,,,,,,,,
Evian,30,27.6,,38,418,3420,38.0,44,32,76,41,3,3,75,3.0,1.16,0.84,2.0,1.08,1.92,,557.0,,,,,,,,,2012-2013,Ligue-1,,,,,,,,,,,,,,,
Lille,25,26.9,,38,418,3420,38.0,56,42,98,54,2,3,59,3.0,1.47,1.11,2.58,1.42,2.53,,532.0,,,,,,,,,2012-2013,Ligue-1,,,,,,,,,,,,,,,
Lorient,30,26.5,,38,418,3420,38.0,56,38,94,52,4,5,52,7.0,1.47,1.0,2.47,1.37,2.37,,429.0,,,,,,,,,2012-2013,Ligue-1,,,,,,,,,,,,,,,
Lyon,31,26.0,,38,418,3420,38.0,59,33,92,50,9,11,65,6.0,1.55,0.87,2.42,1.32,2.18,,578.0,,,,,,,,,2012-2013,Ligue-1,,,,,,,,,,,,,,,
Marseille,25,26.4,,38,418,3420,38.0,41,30,71,40,1,3,53,7.0,1.08,0.79,1.87,1.05,1.84,,507.0,,,,,,,,,2012-2013,Ligue-1,,,,,,,,,,,,,,,
Montpellier,28,26.6,,38,418,3420,38.0,52,34,86,49,3,4,67,6.0,1.37,0.89,2.26,1.29,2.18,,601.0,,,,,,,,,2012-2013,Ligue-1,,,,,,,,,,,,,,,
Nancy,29,25.5,,38,418,3420,38.0,38,27,65,37,1,2,65,5.0,1.0,0.71,1.71,0.97,1.68,,540.0,,,,,,,,,2012-2013,Ligue-1,,,,,,,,,,,,,,,
Nice,32,24.9,,38,418,3420,38.0,57,34,91,51,6,8,65,5.0,1.5,0.89,2.39,1.34,2.24,,579.0,,,,,,,,,2012-2013,Ligue-1,,,,,,,,,,,,,,,
Paris S-G,31,26.8,,38,418,3420,38.0,65,48,113,61,4,4,74,9.0,1.71,1.26,2.97,1.61,2.87,,466.0,,,,,,,,,2012-2013,Ligue-1,,,,,,,,,,,,,,,
Reims,26,26.1,,38,418,3420,38.0,30,18,48,27,3,6,66,6.0,0.79,0.47,1.26,0.71,1.18,,525.0,,,,,,,,,2012-2013,Ligue-1,,,,,,,,,,,,,,,
Rennes,31,24.8,,38,418,3420,38.0,48,33,81,46,2,2,46,10.0,1.26,0.87,2.13,1.21,2.08,,486.0,,,,,,,,,2012-2013,Ligue-1,,,,,,,,,,,,,,,
Saint-Étienne,25,25.9,,38,418,3420,38.0,57,44,101,55,2,3,59,4.0,1.5,1.16,2.66,1.45,2.61,,505.0,,,,,,,,,2012-2013,Ligue-1,,,,,,,,,,,,,,,
Sochaux,27,24.8,,38,418,3420,38.0,39,29,68,37,2,3,63,3.0,1.03,0.76,1.79,0.97,1.74,,521.0,,,,,,,,,2012-2013,Ligue-1,,,,,,,,,,,,,,,
Toulouse,24,24.1,,38,418,3420,38.0,47,35,82,46,1,2,64,7.0,1.24,0.92,2.16,1.21,2.13,,646.0,,,,,,,,,2012-2013,Ligue-1,,,,,,,,,,,,,,,
Troyes,26,26.7,,38,418,3420,38.0,43,28,71,41,2,3,55,5.0,1.13,0.74,1.87,1.08,1.82,,508.0,,,,,,,,,2012-2013,Ligue-1,,,,,,,,,,,,,,,
Valenciennes,26,26.7,,38,418,3420,38.0,45,32,77,42,3,4,58,3.0,1.18,0.84,2.03,1.11,1.95,,569.0,,,,,,,,,2012-2013,Ligue-1,,,,,,,,,,,,,,,
Athletic Club,22,24.4,,38,418,3420,38.0,49,33,82,48,1,2,116,8.0,1.29,0.87,2.16,1.26,2.13,,551.0,,,,,,,,,2011-2012,La-Liga,,,,,,,,,,,,,,,
Atlético Madrid,24,25.1,,38,418,3420,38.0,51,32,83,46,5,6,132,4.0,1.34,0.84,2.18,1.21,2.05,,675.0,,,,,,,,,2011-2012,La-Liga,,,,,,,,,,,,,,,
Barcelona,29,26.6,,38,418,3420,38.0,112,69,181,102,10,11,81,4.0,2.95,1.82,4.76,2.68,4.5,,400.0,,,,,,,,,2011-2012,La-Liga,,,,,,,,,,,,,,,
Betis,31,27.4,,38,418,3420,38.0,47,25,72,44,3,3,107,7.0,1.24,0.66,1.89,1.16,1.82,,536.0,,,,,,,,,2011-2012,La-Liga,,,,,,,,,,,,,,,
Espanyol,29,24.2,,38,418,3420,38.0,45,32,77,44,1,1,135,6.0,1.18,0.84,2.03,1.16,2.0,,588.0,,,,,,,,,2011-2012,La-Liga,,,,,,,,,,,,,,,
Getafe,29,27.6,,38,418,3420,38.0,38,20,58,35,3,3,134,8.0,1.0,0.53,1.53,0.92,1.45,,583.0,,,,,,,,,2011-2012,La-Liga,,,,,,,,,,,,,,,
Granada,25,26.5,,38,418,3420,38.0,35,18,53,31,4,4,116,10.0,0.92,0.47,1.39,0.82,1.29,,439.0,,,,,,,,,2011-2012,La-Liga,,,,,,,,,,,,,,,
Levante,27,30.4,,38,418,3420,38.0,54,30,84,46,8,8,125,4.0,1.42,0.79,2.21,1.21,2.0,,484.0,,,,,,,,,2011-2012,La-Liga,,,,,,,,,,,,,,,
Málaga,26,27.3,,38,418,3420,38.0,51,26,77,50,1,2,77,7.0,1.34,0.68,2.03,1.32,2.0,,426.0,,,,,,,,,2011-2012,La-Liga,,,,,,,,,,,,,,,
Mallorca,28,26.4,,38,418,3420,38.0,38,25,63,33,5,5,122,6.0,1.0,0.66,1.66,0.87,1.53,,673.0,,,,,,,,,2011-2012,La-Liga,,,,,,,,,,,,,,,
Osasuna,28,27.8,,38,418,3420,38.0,43,30,73,42,1,2,110,8.0,1.13,0.79,1.92,1.11,1.89,,576.0,,,,,,,,,2011-2012,La-Liga,,,,,,,,,,,,,,,
Racing Sant,32,25.6,,38,418,3420,38.0,27,21,48,23,4,4,121,8.0,0.71,0.55,1.26,0.61,1.16,,600.0,,,,,,,,,2011-2012,La-Liga,,,,,,,,,,,,,,,
Rayo Vallecano,32,26.8,,38,418,3420,38.0,51,26,77,46,5,6,129,3.0,1.34,0.68,2.03,1.21,1.89,,612.0,,,,,,,,,2011-2012,La-Liga,,,,,,,,,,,,,,,
Real Madrid,25,26.1,,38,418,3420,38.0,120,85,205,108,12,13,97,5.0,3.16,2.24,5.39,2.84,5.08,,521.0,,,,,,,,,2011-2012,La-Liga,,,,,,,,,,,,,,,
Real Sociedad,24,25.0,,38,418,3420,38.0,45,27,72,45,0,1,85,8.0,1.18,0.71,1.89,1.18,1.89,,463.0,,,,,,,,,2011-2012,La-Liga,,,,,,,,,,,,,,,
Sevilla,28,26.9,,38,418,3420,38.0,47,32,79,46,1,4,116,8.0,1.24,0.84,2.08,1.21,2.05,,494.0,,,,,,,,,2011-2012,La-Liga,,,,,,,,,,,,,,,
Sporting Gijón,30,26.4,,38,418,3420,38.0,41,21,62,38,3,3,125,5.0,1.08,0.55,1.63,1.0,1.55,,640.0,,,,,,,,,2011-2012,La-Liga,,,,,,,,,,,,,,,
Valencia,26,25.9,,38,418,3420,38.0,55,34,89,52,3,4,129,7.0,1.45,0.89,2.34,1.37,2.26,,639.0,,,,,,,,,2011-2012,La-Liga,,,,,,,,,,,,,,,
Villarreal,28,26.6,,38,418,3420,38.0,38,22,60,32,6,10,103,5.0,1.0,0.58,1.58,0.84,1.42,,535.0,,,,,,,,,2011-2012,La-Liga,,,,,,,,,,,,,,,
Zaragoza,28,27.1,,38,418,3420,38.0,35,20,55,31,4,6,126,9.0,0.92,0.53,1.45,0.82,1.34,,658.0,,,,,,,,,2011-2012,La-Liga,,,,,,,,,,,,,,,
Angers,29,27.2,42.5,38,418,3420,38.0,40,25,65,36,4,5,71,0.0,1.05,0.66,1.71,0.95,1.61,,584.0,,,,,,,,,2015-2016,Ligue-1,,,,,,,,,,,,,,,
Bastia,26,28.7,43.4,38,418,3420,38.0,34,20,54,32,2,2,85,0.0,0.89,0.53,1.42,0.84,1.37,,525.0,,,,,,,,,2015-2016,Ligue-1,,,,,,,,,,,,,,,
Bordeaux,35,24.9,50.8,38,418,3420,38.0,48,33,81,47,1,2,86,0.0,1.26,0.87,2.13,1.24,2.11,,492.0,,,,,,,,,2015-2016,Ligue-1,,,,,,,,,,,,,,,
Caen,24,28.2,40.2,38,418,3420,38.0,38,22,60,33,5,6,58,0.0,1.0,0.58,1.58,0.87,1.45,,455.0,,,,,,,,,2015-2016,Ligue-1,,,,,,,,,,,,,,,
Gazélec Ajaccio,23,28.4,47.0,38,418,3420,38.0,36,26,62,33,3,3,98,0.0,0.95,0.68,1.63,0.87,1.55,,575.0,,,,,,,,,2015-2016,Ligue-1,,,,,,,,,,,,,,,
Guingamp,28,28.4,42.8,38,418,3420,38.0,46,36,82,44,2,3,81,0.0,1.21,0.95,2.16,1.16,2.11,,505.0,,,,,,,,,2015-2016,Ligue-1,,,,,,,,,,,,,,,
Lille,32,27.1,51.1,38,418,3420,38.0,38,28,66,35,3,3,86,0.0,1.0,0.74,1.74,0.92,1.66,,572.0,,,,,,,,,2015-2016,Ligue-1,,,,,,,,,,,,,,,
Lorient,31,25.4,49.0,38,418,3420,38.0,46,30,76,39,7,7,66,0.0,1.21,0.79,2.0,1.03,1.82,,478.0,,,,,,,,,2015-2016,Ligue-1,,,,,,,,,,,,,,,
Lyon,30,25.5,61.3,38,418,3420,38.0,66,44,110,63,3,3,69,0.0,1.74,1.16,2.89,1.66,2.82,,521.0,,,,,,,,,2015-2016,Ligue-1,,,,,,,,,,,,,,,
Marseille,28,25.0,56.6,38,418,3420,38.0,48,35,83,46,2,4,74,0.0,1.26,0.92,2.18,1.21,2.13,,521.0,,,,,,,,,2015-2016,Ligue-1,,,,,,,,,,,,,,,
Monaco,31,26.1,48.1,38,418,3420,38.0,54,36,90,48,6,8,86,0.0,1.42,0.95,2.37,1.26,2.21,,547.0,,,,,,,,,2015-2016,Ligue-1,,,,,,,,,,,,,,,
Montpellier,30,27.1,49.8,38,418,3420,38.0,46,34,80,44,2,2,62,0.0,1.21,0.89,2.11,1.16,2.05,,470.0,,,,,,,,,2015-2016,Ligue-1,,,,,,,,,,,,,,,
Nantes,29,25.8,49.2,38,418,3420,38.0,30,25,55,30,0,0,81,0.0,0.79,0.66,1.45,0.79,1.45,,606.0,,,,,,,,,2015-2016,Ligue-1,,,,,,,,,,,,,,,
Nice,33,24.2,57.9,38,418,3420,38.0,55,43,98,50,5,5,68,0.0,1.45,1.13,2.58,1.32,2.45,,461.0,,,,,,,,,2015-2016,Ligue-1,,,,,,,,,,,,,,,
Paris S-G,28,27.0,66.5,38,418,3420,38.0,101,72,173,95,6,8,47,0.0,2.66,1.89,4.55,2.5,4.39,,392.0,,,,,,,,,2015-2016,Ligue-1,,,,,,,,,,,,,,,
Reims,31,26.9,47.6,38,418,3420,38.0,43,30,73,41,2,3,88,0.0,1.13,0.79,1.92,1.08,1.87,,514.0,,,,,,,,,2015-2016,Ligue-1,,,,,,,,,,,,,,,
Rennes,31,26.2,50.4,38,418,3420,38.0,48,32,80,45,3,7,74,,1.26,0.84,2.11,1.18,2.03,,498.0,,,,,,,,,2015-2016,Ligue-1,,,,,,,,,,,,,,,
Saint-Étienne,31,27.2,51.5,38,418,3420,38.0,39,27,66,36,3,4,76,,1.03,0.71,1.74,0.95,1.66,,592.0,,,,,,,,,2015-2016,Ligue-1,,,,,,,,,,,,,,,
Toulouse,25,23.8,46.6,38,418,3420,38.0,43,28,71,39,4,6,80,,1.13,0.74,1.87,1.03,1.76,,537.0,,,,,,,,,2015-2016,Ligue-1,,,,,,,,,,,,,,,
Troyes,33,26.5,48.2,38,418,3420,38.0,27,18,45,24,3,3,76,0.0,0.71,0.47,1.18,0.63,1.11,,418.0,,,,,,,,,2015-2016,Ligue-1,,,,,,,,,,,,,,,
Alavés,25,25.4,44.4,38,418,3420,38.0,41,27,68,37,4,4,120,5.0,1.08,0.71,1.79,0.97,1.68,3.0,548.0,485.0,92.0,643.0,565.0,558.0,4.0,6.0,2.0,2016-2017,La-Liga,,,,,,,,,,,,,,,
Athletic Club,25,26.8,51.1,38,418,3420,38.0,53,31,84,45,8,8,89,2.0,1.39,0.82,2.21,1.18,2.0,1.0,528.0,529.0,76.0,912.0,593.0,581.0,6.0,3.0,0.0,2016-2017,La-Liga,,,,,,,,,,,,,,,
Atlético Madrid,22,26.9,48.4,38,418,3420,38.0,70,54,124,68,2,7,85,3.0,1.84,1.42,3.26,1.79,3.21,3.0,510.0,474.0,117.0,660.0,645.0,600.0,7.0,4.0,0.0,2016-2017,La-Liga,,,,,,,,,,,,,,,
Barcelona,25,26.9,66.1,38,418,3420,38.0,113,71,184,105,8,9,75,1.0,2.97,1.87,4.84,2.76,4.63,1.0,427.0,577.0,118.0,551.0,445.0,463.0,8.0,0.0,2.0,2016-2017,La-Liga,,,,,,,,,,,,,,,
Betis,27,26.1,47.9,38,418,3420,38.0,41,27,68,39,2,2,106,5.0,1.08,0.71,1.79,1.03,1.74,3.0,583.0,576.0,87.0,645.0,593.0,560.0,2.0,5.0,0.0,2016-2017,La-Liga,,,,,,,,,,,,,,,
Celta Vigo,27,26.1,53.2,38,418,3420,38.0,52,33,85,45,7,7,111,8.0,1.37,0.87,2.24,1.18,2.05,6.0,516.0,516.0,101.0,481.0,627.0,550.0,6.0,10.0,2.0,2016-2017,La-Liga,,,,,,,,,,,,,,,
Eibar,24,26.9,47.8,38,418,3420,38.0,53,34,87,47,6,8,96,7.0,1.39,0.89,2.29,1.24,2.13,2.0,522.0,385.0,92.0,920.0,676.0,526.0,6.0,6.0,1.0,2016-2017,La-Liga,,,,,,,,,,,,,,,
Espanyol,27,27.2,44.0,38,418,3420,38.0,48,36,84,46,2,4,82,2.0,1.26,0.95,2.21,1.21,2.16,2.0,572.0,497.0,62.0,674.0,607.0,583.0,3.0,2.0,1.0,2016-2017,La-Liga,,,,,,,,,,,,,,,
Granada,35,24.7,45.1,38,418,3420,38.0,30,19,49,30,0,1,116,6.0,0.79,0.5,1.29,0.79,1.29,4.0,559.0,442.0,62.0,623.0,620.0,477.0,1.0,4.0,1.0,2016-2017,La-Liga,,,,,,,,,,,,,,,
La Coruña,28,27.7,47.0,38,418,3420,38.0,42,29,71,39,3,7,97,4.0,1.11,0.76,1.87,1.03,1.79,2.0,546.0,523.0,69.0,879.0,563.0,531.0,7.0,3.0,2.0,2016-2017,La-Liga,,,,,,,,,,,,,,,
Las Palmas,29,27.3,59.0,38,418,3420,38.0,52,34,86,46,6,6,106,6.0,1.37,0.89,2.26,1.21,2.11,4.0,471.0,632.0,88.0,462.0,523.0,440.0,6.0,11.0,1.0,2016-2017,La-Liga,,,,,,,,,,,,,,,
Leganés,31,26.3,44.7,38,418,3420,38.0,36,24,60,33,3,4,107,3.0,0.95,0.63,1.58,0.87,1.5,1.0,648.0,475.0,90.0,663.0,671.0,546.0,4.0,7.0,0.0,2016-2017,La-Liga,,,,,,,,,,,,,,,
Málaga,29,26.0,48.4,38,418,3420,38.0,48,33,81,45,3,5,116,7.0,1.26,0.87,2.13,1.18,2.05,5.0,560.0,528.0,87.0,792.0,663.0,562.0,5.0,9.0,0.0,2016-2017,La-Liga,,,,,,,,,,,,,,,
Osasuna,35,26.3,39.0,38,418,3420,38.0,37,24,61,33,4,6,100,3.0,0.97,0.63,1.61,0.87,1.5,1.0,574.0,415.0,76.0,648.0,677.0,545.0,5.0,10.0,3.0,2016-2017,La-Liga,,,,,,,,,,,,,,,
Real Madrid,24,27.0,56.2,38,419,3420,38.0,106,83,189,100,6,8,76,2.0,2.79,2.18,4.97,2.63,4.82,0.0,434.0,544.0,137.0,857.0,517.0,572.0,5.0,4.0,1.0,2016-2017,La-Liga,,,,,,,,,,,,,,,
Real Sociedad,27,26.0,56.7,38,418,3420,38.0,56,39,95,49,7,8,89,6.0,1.47,1.03,2.5,1.29,2.32,5.0,536.0,589.0,84.0,829.0,603.0,456.0,7.0,7.0,2.0,2016-2017,La-Liga,,,,,,,,,,,,,,,
Sevilla,28,26.8,59.2,38,418,3420,38.0,67,48,115,64,3,5,109,4.0,1.76,1.26,3.03,1.68,2.95,2.0,589.0,524.0,126.0,661.0,522.0,521.0,5.0,5.0,1.0,2016-2017,La-Liga,,,,,,,,,,,,,,,
Sporting Gijón,29,26.4,44.4,38,418,3420,38.0,42,26,68,38,4,7,116,4.0,1.11,0.68,1.79,1.0,1.68,2.0,574.0,498.0,78.0,676.0,552.0,517.0,7.0,9.0,2.0,2016-2017,La-Liga,,,,,,,,,,,,,,,
Valencia,31,25.9,48.8,38,418,3420,38.0,53,38,91,49,4,6,114,6.0,1.39,1.0,2.39,1.29,2.29,3.0,556.0,569.0,90.0,668.0,628.0,621.0,5.0,13.0,2.0,2016-2017,La-Liga,,,,,,,,,,,,,,,
Villarreal,27,26.7,49.3,38,418,3420,38.0,55,36,91,49,6,8,91,4.0,1.45,0.95,2.39,1.29,2.24,1.0,523.0,500.0,84.0,514.0,567.0,505.0,7.0,6.0,0.0,2016-2017,La-Liga,,,,,,,,,,,,,,,
Atalanta,31,28.4,,38,418,3420,38.0,43,32,75,41,2,3,90,0.0,1.13,0.84,1.97,1.08,1.92,,495.0,,,,,,,,,2013-2014,Serie-A,,,,,,,,,,,,,,,
Bologna,28,28.6,,38,418,3420,38.0,28,12,40,23,5,6,104,0.0,0.74,0.32,1.05,0.61,0.92,,594.0,,,,,,,,,2013-2014,Serie-A,,,,,,,,,,,,,,,
Cagliari,31,27.2,,38,418,3420,38.0,34,21,55,29,5,8,104,0.0,0.89,0.55,1.45,0.76,1.32,,562.0,,,,,,,,,2013-2014,Serie-A,,,,,,,,,,,,,,,
Catania,34,27.2,,38,418,3420,38.0,34,23,57,31,3,3,102,0.0,0.89,0.61,1.5,0.82,1.42,,613.0,,,,,,,,,2013-2014,Serie-A,,,,,,,,,,,,,,,
Chievo,36,28.9,,38,418,3420,38.0,33,24,57,27,6,7,107,0.0,0.87,0.63,1.5,0.71,1.34,,618.0,,,,,,,,,2013-2014,Serie-A,,,,,,,,,,,,,,,
Fiorentina,31,27.7,,38,418,3420,38.0,65,41,106,54,11,11,90,0.0,1.71,1.08,2.79,1.42,2.5,,445.0,,,,,,,,,2013-2014,Serie-A,,,,,,,,,,,,,,,
Genoa,31,27.2,,38,418,3420,38.0,39,23,62,34,5,9,100,0.0,1.03,0.61,1.63,0.89,1.5,,574.0,,,,,,,,,2013-2014,Serie-A,,,,,,,,,,,,,,,
Hellas Verona,29,28.4,,38,418,3420,38.0,60,38,98,52,8,8,71,0.0,1.58,1.0,2.58,1.37,2.37,,488.0,,,,,,,,,2013-2014,Serie-A,,,,,,,,,,,,,,,
Inter,28,27.6,,38,418,3420,38.0,59,48,107,59,0,1,73,0.0,1.55,1.26,2.82,1.55,2.82,,483.0,,,,,,,,,2013-2014,Serie-A,,,,,,,,,,,,,,,
Juventus,26,28.3,,38,418,3420,38.0,78,54,132,74,4,4,70,0.0,2.05,1.42,3.47,1.95,3.37,,541.0,,,,,,,,,2013-2014,Serie-A,,,,,,,,,,,,,,,
Lazio,30,28.0,,38,418,3420,38.0,51,30,81,44,7,8,90,0.0,1.34,0.79,2.13,1.16,1.95,,581.0,,,,,,,,,2013-2014,Serie-A,,,,,,,,,,,,,,,
Livorno,31,25.7,,38,418,3420,38.0,37,23,60,33,4,4,115,0.0,0.97,0.61,1.58,0.87,1.47,,545.0,,,,,,,,,2013-2014,Serie-A,,,,,,,,,,,,,,,
Milan,32,28.0,,38,418,3420,38.0,55,33,88,52,3,5,92,0.0,1.45,0.87,2.32,1.37,2.24,,555.0,,,,,,,,,2013-2014,Serie-A,,,,,,,,,,,,,,,
Napoli,30,27.1,,38,418,3420,38.0,76,51,127,69,7,9,79,0.0,2.0,1.34,3.34,1.82,3.16,,456.0,,,,,,,,,2013-2014,Serie-A,,,,,,,,,,,,,,,
Parma,30,29.5,,38,418,3420,38.0,56,38,94,53,3,6,103,0.0,1.47,1.0,2.47,1.39,2.39,,588.0,,,,,,,,,2013-2014,Serie-A,,,,,,,,,,,,,,,
Roma,29,27.5,,38,417,3420,38.0,70,51,121,64,6,6,87,0.0,1.84,1.34,3.18,1.68,3.03,,473.0,,,,,,,,,2013-2014,Serie-A,,,,,,,,,,,,,,,
Sampdoria,33,25.3,,38,418,3420,38.0,46,29,75,42,4,5,110,0.0,1.21,0.76,1.97,1.11,1.87,,644.0,,,,,,,,,2013-2014,Serie-A,,,,,,,,,,,,,,,
Sassuolo,38,26.5,,38,418,3420,38.0,43,25,68,36,7,8,101,0.0,1.13,0.66,1.79,0.95,1.61,,594.0,,,,,,,,,2013-2014,Serie-A,,,,,,,,,,,,,,,
Torino,26,27.1,,38,418,3420,38.0,57,35,92,52,5,8,94,0.0,1.5,0.92,2.42,1.37,2.29,,471.0,,,,,,,,,2013-2014,Serie-A,,,,,,,,,,,,,,,
Udinese,27,25.8,,38,418,3420,38.0,45,25,70,39,6,8,85,0.0,1.18,0.66,1.84,1.03,1.68,,502.0,,,,,,,,,2013-2014,Serie-A,,,,,,,,,,,,,,,
Ajaccio,29,28.2,,38,418,3420,38.0,31,20,51,29,2,2,79,6.0,0.82,0.53,1.34,0.76,1.29,,,,,,,,,,,2003-2004,Ligue-1,,,,,,,,,,,,,,,
Auxerre,23,25.7,,38,420,3420,38.0,58,35,93,57,1,1,43,1.0,1.53,0.92,2.45,1.5,2.42,,,,,,,,,,,2003-2004,Ligue-1,,,,,,,,,,,,,,,
Bastia,25,26.0,,38,420,3420,38.0,32,16,48,29,3,3,95,6.0,0.84,0.42,1.26,0.76,1.18,,,,,,,,,,,2003-2004,Ligue-1,,,,,,,,,,,,,,,
Bordeaux,30,24.7,,38,418,3420,38.0,38,28,66,36,2,3,80,7.0,1.0,0.74,1.74,0.95,1.68,,,,,,,,,,,2003-2004,Ligue-1,,,,,,,,,,,,,,,
Guingamp,29,27.9,,38,418,3420,38.0,34,17,51,33,1,1,75,2.0,0.89,0.45,1.34,0.87,1.32,,,,,,,,,,,2003-2004,Ligue-1,,,,,,,,,,,,,,,
Le Mans,25,26.3,,38,418,3420,38.0,33,23,56,32,1,2,66,3.0,0.87,0.61,1.47,0.84,1.45,,,,,,,,,,,2003-2004,Ligue-1,,,,,,,,,,,,,,,
Lens,28,25.4,,38,417,3420,38.0,34,23,57,33,1,1,80,13.0,0.89,0.61,1.5,0.87,1.47,,,,,,,,,,,2003-2004,Ligue-1,,,,,,,,,,,,,,,
Lille,29,25.0,,38,418,3420,38.0,40,27,67,37,3,3,73,4.0,1.05,0.71,1.76,0.97,1.68,,,,,,,,,,,2003-2004,Ligue-1,,,,,,,,,,,,,,,
Lyon,24,26.0,,38,417,3420,38.0,59,41,100,57,2,2,53,5.0,1.55,1.08,2.63,1.5,2.58,,,,,,,,,,,2003-2004,Ligue-1,,,,,,,,,,,,,,,
Marseille,36,25.7,,38,418,3420,38.0,50,24,74,46,4,5,72,5.0,1.32,0.63,1.95,1.21,1.84,,,,,,,,,,,2003-2004,Ligue-1,,,,,,,,,,,,,,,
Metz,29,23.1,,38,419,3420,38.0,32,20,52,29,3,3,62,4.0,0.84,0.53,1.37,0.76,1.29,,,,,,,,,,,2003-2004,Ligue-1,,,,,,,,,,,,,,,
Monaco,27,25.4,,38,417,3420,38.0,58,39,97,56,2,2,64,2.0,1.53,1.03,2.55,1.47,2.5,,,,,,,,,,,2003-2004,Ligue-1,,,,,,,,,,,,,,,
Montpellier,31,24.3,,38,418,3420,38.0,40,25,65,33,7,9,88,7.0,1.05,0.66,1.71,0.87,1.53,,,,,,,,,,,2003-2004,Ligue-1,,,,,,,,,,,,,,,
Nantes,28,24.8,,38,418,3420,38.0,47,30,77,46,1,2,73,6.0,1.24,0.79,2.03,1.21,2.0,,,,,,,,,,,2003-2004,Ligue-1,,,,,,,,,,,,,,,
Nice,27,27.2,,38,418,3420,38.0,41,26,67,39,2,2,83,5.0,1.08,0.68,1.76,1.03,1.71,,,,,,,,,,,2003-2004,Ligue-1,,,,,,,,,,,,,,,
Paris S-G,26,26.0,,38,418,3420,38.0,47,30,77,44,3,5,84,5.0,1.24,0.79,2.03,1.16,1.95,,,,,,,,,,,2003-2004,Ligue-1,,,,,,,,,,,,,,,
Rennes,28,24.4,,38,413,3420,38.0,54,30,84,53,1,2,75,6.0,1.42,0.79,2.21,1.39,2.18,,,,,,,,,,,2003-2004,Ligue-1,,,,,,,,,,,,,,,
Sochaux,24,25.6,,38,418,3420,38.0,50,33,83,47,3,5,62,4.0,1.32,0.87,2.18,1.24,2.11,,,,,,,,,,,2003-2004,Ligue-1,,,,,,,,,,,,,,,
Strasbourg,28,25.6,,38,418,3420,38.0,41,22,63,36,5,4,65,6.0,1.08,0.58,1.66,0.95,1.53,,,,,,,,,,,2003-2004,Ligue-1,,,,,,,,,,,,,,,
Toulouse,25,24.6,,38,418,3420,38.0,31,17,48,28,3,4,91,3.0,0.82,0.45,1.26,0.74,1.18,,,,,,,,,,,2003-2004,Ligue-1,,,,,,,,,,,,,,,
Arsenal,29,25.8,53.8,38,418,3420,38.0,56,35,91,53,3,3,88,5.0,1.47,0.92,2.39,1.39,2.32,1.0,421.0,437.0,73.0,699.0,351.0,336.0,2.0,8.0,0.0,2019-2020,Premier-League,47.0,44.6,31.4,76.1,815.0,1641.0,1.24,0.83,2.06,1.17,2.0,1861.0,501.0,589.0,46.0
Aston Villa,28,25.7,44.1,38,418,3420,38.0,40,32,72,39,1,3,70,1.0,1.05,0.84,1.89,1.03,1.87,1.0,451.0,525.0,62.0,798.0,423.0,291.0,2.0,6.0,1.0,2019-2020,Premier-League,44.3,41.8,34.2,76.0,639.0,1247.0,1.16,0.9,2.06,1.1,2.0,1900.0,705.0,742.0,48.7
Bournemouth,27,25.2,44.1,38,418,3420,38.0,38,24,62,34,4,4,78,3.0,1.0,0.63,1.63,0.89,1.53,2.0,369.0,388.0,67.0,646.0,475.0,299.0,2.0,6.0,0.0,2019-2020,Premier-League,44.8,41.7,30.6,72.3,601.0,1256.0,1.18,0.8,1.98,1.1,1.9,1979.0,792.0,835.0,48.7
Brighton,25,26.4,52.2,38,418,3420,38.0,35,24,59,34,1,2,59,2.0,0.92,0.63,1.55,0.89,1.53,1.0,386.0,325.0,71.0,689.0,419.0,379.0,2.0,2.0,2.0,2019-2020,Premier-League,45.4,43.8,31.6,75.4,669.0,1675.0,1.2,0.83,2.03,1.15,1.99,2065.0,690.0,577.0,54.5
Burnley,22,28.0,41.9,38,418,3420,38.0,41,30,71,38,3,3,67,0.0,1.08,0.79,1.87,1.0,1.79,0.0,412.0,369.0,89.0,743.0,387.0,344.0,1.0,5.0,1.0,2019-2020,Premier-League,47.4,45.3,32.4,77.7,437.0,890.0,1.25,0.85,2.1,1.19,2.04,1860.0,937.0,917.0,50.5
Chelsea,27,25.5,60.4,38,418,3420,38.0,69,46,115,62,7,7,60,0.0,1.82,1.21,3.03,1.63,2.84,0.0,386.0,384.0,63.0,862.0,459.0,362.0,6.0,2.0,3.0,2019-2020,Premier-League,69.2,64.4,46.7,111.1,983.0,1897.0,1.82,1.23,3.05,1.7,2.92,2210.0,703.0,701.0,50.1
Crystal Palace,25,29.4,44.8,38,418,3420,38.0,29,20,49,26,3,3,62,2.0,0.76,0.53,1.29,0.68,1.21,0.0,424.0,479.0,53.0,588.0,444.0,390.0,2.0,1.0,2.0,2019-2020,Premier-League,35.8,33.6,26.0,59.5,596.0,1223.0,0.94,0.68,1.63,0.88,1.57,1915.0,771.0,776.0,49.8
Everton,24,25.5,49.0,38,418,3420,38.0,42,32,74,41,1,1,76,3.0,1.11,0.84,1.95,1.08,1.92,3.0,472.0,394.0,58.0,804.0,408.0,408.0,0.0,4.0,3.0,2019-2020,Premier-League,50.8,50.0,38.1,88.1,623.0,1430.0,1.34,1.0,2.34,1.32,2.32,1966.0,860.0,835.0,50.7
Leicester City,24,26.1,57.1,38,418,3420,38.0,65,48,113,60,5,7,43,3.0,1.71,1.26,2.97,1.58,2.84,1.0,418.0,444.0,64.0,779.0,423.0,432.0,6.0,10.0,2.0,2019-2020,Premier-League,62.2,56.7,44.9,101.6,739.0,1612.0,1.64,1.18,2.82,1.49,2.67,2104.0,659.0,674.0,49.4
Liverpool,24,26.6,62.9,38,418,3420,38.0,83,69,152,78,5,5,38,1.0,2.18,1.82,4.0,2.05,3.87,0.0,331.0,293.0,53.0,896.0,352.0,325.0,4.0,1.0,1.0,2019-2020,Premier-League,68.9,65.0,53.0,118.0,967.0,1941.0,1.81,1.39,3.21,1.71,3.1,2194.0,655.0,588.0,52.7
Manchester City,24,26.9,66.2,38,418,3420,38.0,100,69,169,94,6,11,64,4.0,2.63,1.82,4.45,2.47,4.29,2.0,362.0,296.0,68.0,915.0,352.0,301.0,10.0,3.0,1.0,2019-2020,Premier-League,92.0,83.6,68.4,152.0,1199.0,2460.0,2.42,1.8,4.22,2.2,4.0,1959.0,515.0,498.0,50.8
Manchester Utd,29,24.8,55.8,38,418,3420,38.0,65,43,108,55,10,14,73,0.0,1.71,1.13,2.84,1.45,2.58,0.0,423.0,427.0,56.0,635.0,379.0,333.0,12.0,3.0,1.0,2019-2020,Premier-League,62.2,51.2,38.5,89.7,926.0,1788.0,1.64,1.01,2.65,1.35,2.36,2084.0,557.0,512.0,52.1
Newcastle Utd,28,26.5,39.0,38,418,3420,38.0,38,29,67,38,0,1,66,3.0,1.0,0.76,1.76,1.0,1.76,0.0,370.0,423.0,75.0,591.0,391.0,357.0,0.0,2.0,2.0,2019-2020,Premier-League,35.5,34.8,26.9,61.7,537.0,844.0,0.94,0.71,1.64,0.91,1.62,1871.0,733.0,781.0,48.4
Norwich City,30,26.0,49.3,38,418,3420,38.0,25,18,43,23,2,2,68,3.0,0.66,0.47,1.13,0.61,1.08,0.0,363.0,430.0,50.0,473.0,397.0,379.0,1.0,7.0,3.0,2019-2020,Premier-League,37.0,35.4,27.4,62.8,673.0,1169.0,0.97,0.72,1.69,0.93,1.65,1989.0,518.0,673.0,43.5
Sheffield Utd,26,26.9,43.1,38,418,3420,38.0,36,25,61,35,1,1,63,2.0,0.95,0.66,1.61,0.92,1.58,1.0,412.0,306.0,78.0,866.0,420.0,377.0,1.0,3.0,0.0,2019-2020,Premier-League,43.0,42.2,34.0,76.3,493.0,1352.0,1.13,0.9,2.03,1.11,2.01,2041.0,946.0,886.0,51.6
Southampton,25,25.9,48.9,38,418,3420,38.0,51,32,83,49,2,5,55,4.0,1.34,0.84,2.18,1.29,2.13,1.0,450.0,388.0,58.0,690.0,425.0,416.0,4.0,4.0,1.0,2019-2020,Premier-League,56.1,52.1,36.4,88.5,628.0,1335.0,1.48,0.96,2.43,1.37,2.33,2150.0,810.0,878.0,48.0
Tottenham,29,26.7,52.0,38,418,3420,38.0,56,39,95,53,3,4,84,3.0,1.47,1.03,2.5,1.39,2.42,1.0,423.0,424.0,66.0,641.0,381.0,415.0,4.0,7.0,2.0,2019-2020,Premier-League,47.9,44.7,32.6,77.3,768.0,1410.0,1.26,0.86,2.12,1.18,2.03,2022.0,642.0,671.0,48.9
Watford,26,28.9,42.9,38,418,3420,38.0,35,21,56,28,7,8,80,3.0,0.92,0.55,1.47,0.74,1.29,2.0,481.0,342.0,68.0,684.0,424.0,369.0,7.0,9.0,3.0,2019-2020,Premier-League,48.9,42.6,31.4,74.0,578.0,1168.0,1.29,0.83,2.11,1.12,1.95,1996.0,823.0,802.0,50.6
West Ham,29,27.4,44.1,38,418,3420,38.0,49,36,85,45,4,4,64,1.0,1.29,0.95,2.24,1.18,2.13,1.0,387.0,345.0,66.0,737.0,421.0,417.0,3.0,6.0,3.0,2019-2020,Premier-League,48.6,45.4,36.7,82.2,667.0,1377.0,1.28,0.97,2.24,1.2,2.16,2052.0,855.0,801.0,51.6
Wolves,21,26.6,48.3,38,418,3420,38.0,49,34,83,45,4,4,61,2.0,1.29,0.89,2.18,1.18,2.08,2.0,407.0,360.0,49.0,718.0,437.0,367.0,4.0,3.0,1.0,2019-2020,Premier-League,54.1,51.0,37.5,88.5,858.0,1338.0,1.42,0.99,2.41,1.34,2.33,2113.0,775.0,711.0,52.2
Atalanta,28,27.2,,34,380,3060,34.0,34,24,58,31,3,3,69,4.0,1.0,0.71,1.71,0.91,1.62,,679.0,,,,,,,,,2002-2003,Serie-A,,,,,,,,,,,,,,,
Bologna,23,28.8,,34,374,3060,34.0,39,21,60,31,8,8,72,3.0,1.15,0.62,1.76,0.91,1.53,,749.0,,,,,,,,,2002-2003,Serie-A,,,,,,,,,,,,,,,
Brescia,26,26.5,,34,376,3060,34.0,35,23,58,29,6,9,73,6.0,1.03,0.68,1.71,0.85,1.53,,820.0,,,,,,,,,2002-2003,Serie-A,,,,,,,,,,,,,,,
Chievo,27,27.3,,34,367,3060,34.0,51,35,86,46,5,5,79,4.0,1.5,1.03,2.53,1.35,2.38,,701.0,,,,,,,,,2002-2003,Serie-A,,,,,,,,,,,,,,,
Como,30,28.6,,34,362,3060,34.0,27,18,45,26,1,3,64,2.0,0.79,0.53,1.32,0.76,1.29,,734.0,,,,,,,,,2002-2003,Serie-A,,,,,,,,,,,,,,,
Empoli,23,26.0,,34,374,3060,34.0,35,26,61,34,1,1,66,1.0,1.03,0.76,1.79,1.0,1.76,,660.0,,,,,,,,,2002-2003,Serie-A,,,,,,,,,,,,,,,
Inter,30,27.5,,34,374,3060,34.0,63,41,104,59,4,4,61,7.0,1.85,1.21,3.06,1.74,2.94,,684.0,,,,,,,,,2002-2003,Serie-A,,,,,,,,,,,,,,,
Juventus,26,28.1,,34,363,3060,34.0,58,46,104,49,9,10,40,3.0,1.71,1.35,3.06,1.44,2.79,,649.0,,,,,,,,,2002-2003,Serie-A,,,,,,,,,,,,,,,
Lazio,26,28.8,,34,381,3060,34.0,57,44,101,51,6,8,58,3.0,1.68,1.29,2.97,1.5,2.79,,729.0,,,,,,,,,2002-2003,Serie-A,,,,,,,,,,,,,,,
Milan,35,27.8,,34,364,3060,34.0,52,35,87,42,10,14,46,2.0,1.53,1.03,2.56,1.24,2.26,,625.0,,,,,,,,,2002-2003,Serie-A,,,,,,,,,,,,,,,
Modena,24,28.3,,34,379,3060,34.0,30,23,53,26,4,5,80,5.0,0.88,0.68,1.56,0.76,1.44,,743.0,,,,,,,,,2002-2003,Serie-A,,,,,,,,,,,,,,,
Parma,22,24.9,,34,366,3060,34.0,54,32,86,50,4,4,55,3.0,1.59,0.94,2.53,1.47,2.41,,809.0,,,,,,,,,2002-2003,Serie-A,,,,,,,,,,,,,,,
Perugia,26,26.7,,34,376,3060,34.0,40,24,64,35,5,6,81,3.0,1.18,0.71,1.88,1.03,1.74,,687.0,,,,,,,,,2002-2003,Serie-A,,,,,,,,,,,,,,,
Piacenza,31,28.0,,34,364,3060,34.0,44,28,72,42,2,5,66,3.0,1.29,0.82,2.12,1.24,2.06,,686.0,,,,,,,,,2002-2003,Serie-A,,,,,,,,,,,,,,,
Reggina,25,25.8,,34,376,3060,34.0,38,22,60,31,7,8,59,2.0,1.12,0.65,1.76,0.91,1.56,,724.0,,,,,,,,,2002-2003,Serie-A,,,,,,,,,,,,,,,
Roma,29,27.8,,34,372,3060,34.0,53,38,91,50,3,5,71,9.0,1.56,1.12,2.68,1.47,2.59,,846.0,,,,,,,,,2002-2003,Serie-A,,,,,,,,,,,,,,,
Torino,30,27.2,,34,361,3060,34.0,20,12,32,18,2,3,66,8.0,0.59,0.35,0.94,0.53,0.88,,697.0,,,,,,,,,2002-2003,Serie-A,,,,,,,,,,,,,,,
Udinese,24,25.9,,34,364,3060,34.0,36,22,58,29,7,8,66,7.0,1.06,0.65,1.71,0.85,1.5,,719.0,,,,,,,,,2002-2003,Serie-A,,,,,,,,,,,,,,,
Atalanta,32,27.1,55.3,38,418,3420,38.0,76,54,130,71,5,7,67,1.0,2.0,1.42,3.42,1.87,3.29,1.0,435.0,393.0,54.0,778.0,296.0,347.0,5.0,2.0,2.0,2024-2025,Serie-A,65.0,59.5,46.9,106.4,897.0,1824.0,1.71,1.23,2.94,1.57,2.8,1732.0,585.0,490.0,54.4
Bologna,30,26.4,58.1,38,418,3420,38.0,56,43,99,50,6,7,61,4.0,1.47,1.13,2.61,1.32,2.45,1.0,537.0,604.0,63.0,756.0,258.0,346.0,6.0,3.0,2.0,2024-2025,Serie-A,49.3,43.8,35.2,79.0,639.0,1468.0,1.3,0.93,2.22,1.15,2.08,1516.0,579.0,616.0,48.5
Cagliari,28,26.6,44.9,38,418,3420,38.0,38,31,69,35,3,3,68,3.0,1.0,0.82,1.82,0.92,1.74,3.0,500.0,397.0,65.0,758.0,276.0,303.0,2.0,6.0,0.0,2024-2025,Serie-A,42.7,40.3,32.0,72.4,506.0,1150.0,1.12,0.84,1.97,1.06,1.9,1522.0,606.0,600.0,50.2
Como,38,26.3,54.6,38,418,3420,38.0,44,39,83,44,0,2,87,7.0,1.16,1.03,2.18,1.16,2.18,3.0,503.0,518.0,65.0,568.0,279.0,412.0,1.0,7.0,0.0,2024-2025,Serie-A,45.4,43.9,36.6,80.5,658.0,1377.0,1.2,0.96,2.16,1.16,2.12,1547.0,472.0,487.0,49.2
Empoli,34,25.4,41.7,38,418,3420,38.0,31,21,52,29,2,3,68,5.0,0.82,0.55,1.37,0.76,1.32,2.0,570.0,459.0,57.0,620.0,323.0,396.0,3.0,3.0,1.0,2024-2025,Serie-A,32.5,30.1,22.9,53.1,428.0,1013.0,0.86,0.6,1.46,0.79,1.4,1480.0,577.0,710.0,44.8
Fiorentina,34,26.3,51.0,38,418,3420,38.0,58,39,97,52,6,8,82,3.0,1.53,1.03,2.55,1.37,2.39,2.0,440.0,550.0,88.0,588.0,275.0,313.0,6.0,3.0,1.0,2024-2025,Serie-A,48.9,42.6,35.1,77.7,620.0,1240.0,1.29,0.92,2.21,1.12,2.04,1436.0,508.0,487.0,51.1
Genoa,37,26.2,45.6,38,418,3420,38.0,35,27,62,35,0,2,71,1.0,0.92,0.71,1.63,0.92,1.63,0.0,497.0,448.0,55.0,663.0,308.0,385.0,1.0,8.0,3.0,2024-2025,Serie-A,37.2,35.5,26.8,62.3,470.0,980.0,0.98,0.71,1.68,0.93,1.64,1481.0,666.0,696.0,48.9
Hellas Verona,32,25.1,38.7,38,418,3420,38.0,31,20,51,29,2,2,98,9.0,0.82,0.53,1.34,0.76,1.29,5.0,579.0,352.0,55.0,562.0,329.0,434.0,1.0,4.0,1.0,2024-2025,Serie-A,33.8,32.3,24.8,57.1,449.0,1011.0,0.89,0.65,1.54,0.85,1.5,1427.0,671.0,699.0,49.0
Inter,26,29.4,59.4,38,418,3420,38.0,76,57,133,68,8,9,56,1.0,2.0,1.5,3.5,1.79,3.29,1.0,417.0,405.0,90.0,751.0,227.0,288.0,6.0,4.0,1.0,2024-2025,Serie-A,66.9,60.1,48.3,108.5,694.0,1730.0,1.76,1.27,3.03,1.58,2.85,1440.0,604.0,419.0,59.0
Juventus,29,24.6,57.2,38,418,3420,38.0,56,40,96,50,6,6,67,3.0,1.47,1.05,2.53,1.32,2.37,1.0,480.0,378.0,52.0,630.0,215.0,353.0,3.0,5.0,0.0,2024-2025,Serie-A,51.0,46.3,35.9,82.2,810.0,1561.0,1.34,0.94,2.29,1.22,2.16,1516.0,458.0,461.0,49.8
Lazio,27,27.1,55.1,38,418,3420,38.0,60,43,103,54,6,7,93,7.0,1.58,1.13,2.71,1.42,2.55,3.0,425.0,484.0,46.0,864.0,295.0,319.0,4.0,4.0,2.0,2024-2025,Serie-A,57.2,52.0,38.5,90.4,774.0,1588.0,1.51,1.01,2.52,1.37,2.38,1439.0,473.0,491.0,49.1
Lecce,31,26.1,43.8,38,418,3420,38.0,27,21,48,24,3,4,61,7.0,0.71,0.55,1.26,0.63,1.18,1.0,466.0,427.0,52.0,628.0,285.0,372.0,2.0,10.0,3.0,2024-2025,Serie-A,34.6,31.8,24.5,56.3,519.0,1071.0,0.91,0.65,1.56,0.84,1.48,1484.0,676.0,651.0,50.9
Milan,35,25.6,53.9,38,418,3420,38.0,59,43,102,55,4,8,70,6.0,1.55,1.13,2.68,1.45,2.58,1.0,415.0,428.0,60.0,634.0,234.0,349.0,7.0,2.0,3.0,2024-2025,Serie-A,63.7,57.5,46.8,104.4,915.0,1589.0,1.68,1.23,2.91,1.51,2.75,1397.0,434.0,391.0,52.6
Monza,36,26.8,48.5,38,418,3420,38.0,27,18,45,24,3,3,90,3.0,0.71,0.47,1.18,0.63,1.11,2.0,512.0,529.0,54.0,656.0,305.0,315.0,0.0,4.0,3.0,2024-2025,Serie-A,29.9,27.7,20.9,48.6,533.0,1096.0,0.79,0.55,1.34,0.73,1.28,1299.0,567.0,605.0,48.4
Napoli,27,28.6,54.6,38,418,3420,38.0,56,42,98,52,4,5,47,0.0,1.47,1.11,2.58,1.37,2.47,0.0,415.0,445.0,55.0,681.0,270.0,323.0,4.0,4.0,2.0,2024-2025,Serie-A,52.9,49.1,39.1,88.2,739.0,1546.0,1.39,1.03,2.42,1.29,2.32,1435.0,530.0,460.0,53.5
Parma,32,23.8,44.2,38,418,3420,38.0,43,31,74,37,6,7,78,6.0,1.13,0.82,1.95,0.97,1.79,3.0,405.0,458.0,31.0,427.0,279.0,293.0,5.0,5.0,2.0,2024-2025,Serie-A,43.1,37.6,29.3,66.9,578.0,1059.0,1.13,0.77,1.9,0.99,1.76,1365.0,499.0,502.0,49.9
Roma,28,26.5,53.9,38,418,3420,38.0,55,35,90,47,8,8,66,1.0,1.45,0.92,2.37,1.24,2.16,1.0,405.0,484.0,59.0,636.0,282.0,328.0,6.0,4.0,1.0,2024-2025,Serie-A,53.0,46.7,35.0,81.7,691.0,1501.0,1.39,0.92,2.32,1.23,2.15,1437.0,441.0,476.0,48.1
Torino,31,26.7,47.5,38,418,3420,38.0,36,21,57,34,2,4,80,3.0,0.95,0.55,1.5,0.89,1.45,1.0,483.0,386.0,57.0,675.0,278.0,261.0,2.0,7.0,2.0,2024-2025,Serie-A,34.6,31.6,22.5,54.0,529.0,1113.0,0.91,0.59,1.5,0.83,1.42,1296.0,538.0,564.0,48.8
Udinese,31,26.4,47.2,38,418,3420,38.0,41,28,69,39,2,4,88,5.0,1.08,0.74,1.82,1.03,1.76,3.0,543.0,379.0,50.0,679.0,302.0,346.0,2.0,8.0,5.0,2024-2025,Serie-A,38.2,35.0,27.2,62.1,566.0,1160.0,1.01,0.71,1.72,0.92,1.64,1426.0,550.0,493.0,52.7
Venezia,36,25.4,45.1,38,418,3420,38.0,31,16,47,27,4,5,75,2.0,0.82,0.42,1.24,0.71,1.13,2.0,503.0,451.0,58.0,529.0,279.0,361.0,4.0,11.0,3.0,2024-2025,Serie-A,35.8,32.0,22.2,54.2,507.0,1066.0,0.94,0.58,1.53,0.84,1.43,1450.0,490.0,626.0,43.9
Ascoli,27,26.5,,38,411,3420,38.0,40,24,64,37,3,3,86,8.0,1.05,0.63,1.68,0.97,1.61,,764.0,,,,,,,,,2005-2006,Serie-A,,,,,,,,,,,,,,,
Cagliari,24,26.6,,38,420,3420,38.0,41,26,67,36,5,6,105,10.0,1.08,0.68,1.76,0.95,1.63,,766.0,,,,,,,,,2005-2006,Serie-A,,,,,,,,,,,,,,,
Chievo,22,28.4,,38,418,3420,38.0,53,38,91,45,8,9,82,8.0,1.39,1.0,2.39,1.18,2.18,,804.0,,,,,,,,,2005-2006,Serie-A,,,,,,,,,,,,,,,
Empoli,24,27.3,,38,435,3420,38.0,45,31,76,41,4,5,61,5.0,1.18,0.82,2.0,1.08,1.89,,743.0,,,,,,,,,2005-2006,Serie-A,,,,,,,,,,,,,,,
Fiorentina,22,26.5,,38,414,3420,38.0,66,44,110,64,2,6,70,1.0,1.74,1.16,2.89,1.68,2.84,,818.0,,,,,,,,,2005-2006,Serie-A,,,,,,,,,,,,,,,
Inter,30,28.3,,38,413,3420,38.0,67,42,109,62,5,5,74,4.0,1.76,1.11,2.87,1.63,2.74,,643.0,,,,,,,,,2005-2006,Serie-A,,,,,,,,,,,,,,,
Juventus,22,28.9,,38,416,3420,38.0,69,53,122,66,3,4,66,3.0,1.82,1.39,3.21,1.74,3.13,,847.0,,,,,,,,,2005-2006,Serie-A,,,,,,,,,,,,,,,
Lazio,28,28.5,,38,428,3420,38.0,57,38,95,51,6,6,74,4.0,1.5,1.0,2.5,1.34,2.34,,718.0,,,,,,,,,2005-2006,Serie-A,,,,,,,,,,,,,,,
Lecce,33,24.8,,38,417,3420,38.0,30,25,55,23,7,8,103,10.0,0.79,0.66,1.45,0.61,1.26,,806.0,,,,,,,,,2005-2006,Serie-A,,,,,,,,,,,,,,,
Livorno,23,28.5,,38,417,3420,38.0,35,22,57,30,5,6,66,5.0,0.92,0.58,1.5,0.79,1.37,,760.0,,,,,,,,,2005-2006,Serie-A,,,,,,,,,,,,,,,
Messina,31,26.9,,38,407,3420,38.0,33,21,54,28,5,6,99,7.0,0.87,0.55,1.42,0.74,1.29,,834.0,,,,,,,,,2005-2006,Serie-A,,,,,,,,,,,,,,,
Milan,23,29.6,,38,418,3420,38.0,84,55,139,74,10,10,55,3.0,2.21,1.45,3.66,1.95,3.39,,655.0,,,,,,,,,2005-2006,Serie-A,,,,,,,,,,,,,,,
Palermo,28,26.1,,38,418,3420,38.0,50,34,84,49,1,1,86,5.0,1.32,0.89,2.21,1.29,2.18,,673.0,,,,,,,,,2005-2006,Serie-A,,,,,,,,,,,,,,,
Parma,31,26.8,,38,414,3420,38.0,46,34,80,42,4,5,96,3.0,1.21,0.89,2.11,1.11,2.0,,915.0,,,,,,,,,2005-2006,Serie-A,,,,,,,,,,,,,,,
Reggina,30,27.4,,38,417,3420,38.0,38,27,65,35,3,3,91,9.0,1.0,0.71,1.71,0.92,1.63,,770.0,,,,,,,,,2005-2006,Serie-A,,,,,,,,,,,,,,,
Roma,25,26.2,,38,418,3420,38.0,69,46,115,59,10,11,81,7.0,1.82,1.21,3.03,1.55,2.76,,710.0,,,,,,,,,2005-2006,Serie-A,,,,,,,,,,,,,,,
Sampdoria,29,28.9,,38,420,3420,38.0,47,27,74,43,4,5,93,5.0,1.24,0.71,1.95,1.13,1.84,,712.0,,,,,,,,,2005-2006,Serie-A,,,,,,,,,,,,,,,
Siena,26,28.3,,38,415,3420,38.0,40,30,70,36,4,7,97,6.0,1.05,0.79,1.84,0.95,1.74,,789.0,,,,,,,,,2005-2006,Serie-A,,,,,,,,,,,,,,,
Treviso,34,26.7,,38,415,3420,38.0,24,15,39,23,1,0,90,5.0,0.63,0.39,1.03,0.61,1.0,,753.0,,,,,,,,,2005-2006,Serie-A,,,,,,,,,,,,,,,
Udinese,30,25.9,,38,406,3420,38.0,38,18,56,31,7,7,90,12.0,1.0,0.47,1.47,0.82,1.29,,750.0,,,,,,,,,2005-2006,Serie-A,,,,,,,,,,,,,,,
Alavés,30,25.6,41.8,38,418,3420,38.0,33,28,61,30,3,7,84,1.0,0.87,0.74,1.61,0.79,1.53,0.0,481.0,449.0,69.0,830.0,279.0,347.0,7.0,8.0,2.0,2023-2024,La-Liga,46.2,40.7,32.4,73.0,550.0,1260.0,1.22,0.85,2.07,1.07,1.92,1807.0,574.0,625.0,47.9
Almería,35,25.6,46.4,38,418,3420,38.0,42,25,67,40,2,2,93,6.0,1.11,0.66,1.76,1.05,1.71,4.0,478.0,493.0,75.0,659.0,313.0,372.0,2.0,9.0,0.0,2023-2024,La-Liga,48.7,47.1,34.2,81.4,590.0,1097.0,1.28,0.9,2.18,1.24,2.14,1716.0,557.0,587.0,48.7
Athletic Club,27,27.3,49.8,38,418,3420,38.0,59,41,100,56,3,5,80,5.0,1.55,1.08,2.63,1.47,2.55,3.0,511.0,428.0,78.0,845.0,278.0,362.0,4.0,5.0,4.0,2023-2024,La-Liga,52.7,48.7,37.0,85.8,735.0,1610.0,1.39,0.97,2.36,1.28,2.26,2010.0,541.0,525.0,50.8
Atlético Madrid,27,29.2,50.8,38,418,3420,38.0,68,48,116,63,5,6,89,5.0,1.79,1.26,3.05,1.66,2.92,3.0,438.0,447.0,123.0,621.0,256.0,399.0,4.0,2.0,0.0,2023-2024,La-Liga,62.4,57.9,47.4,105.2,758.0,1597.0,1.64,1.25,2.89,1.52,2.77,1896.0,422.0,392.0,51.8
Barcelona,29,26.0,64.3,38,418,3420,38.0,76,55,131,70,6,7,87,2.0,2.0,1.45,3.45,1.84,3.29,1.0,412.0,469.0,99.0,651.0,257.0,363.0,6.0,2.0,0.0,2023-2024,La-Liga,77.6,72.1,57.4,129.5,964.0,1925.0,2.04,1.51,3.55,1.9,3.41,1789.0,453.0,399.0,53.2
Betis,35,27.8,50.4,38,418,3420,38.0,46,31,77,44,2,3,87,3.0,1.21,0.82,2.03,1.16,1.97,1.0,429.0,497.0,73.0,636.0,345.0,440.0,1.0,8.0,3.0,2023-2024,La-Liga,43.9,41.7,32.7,74.4,676.0,1441.0,1.16,0.86,2.02,1.1,1.96,1921.0,479.0,500.0,48.9
Cádiz,34,28.5,43.3,38,418,3420,38.0,25,17,42,22,3,3,107,7.0,0.66,0.45,1.11,0.58,1.03,0.0,576.0,498.0,90.0,791.0,298.0,398.0,2.0,2.0,1.0,2023-2024,La-Liga,36.0,33.6,25.2,58.9,456.0,1017.0,0.95,0.66,1.61,0.88,1.55,1831.0,632.0,673.0,48.4
Celta Vigo,31,26.7,46.1,38,418,3420,38.0,45,35,80,42,3,5,66,5.0,1.18,0.92,2.11,1.11,2.03,2.0,463.0,485.0,63.0,661.0,297.0,382.0,4.0,8.0,3.0,2023-2024,La-Liga,50.7,46.9,38.2,85.1,660.0,1345.0,1.34,1.01,2.34,1.23,2.24,1908.0,522.0,548.0,48.8
Getafe,33,27.3,44.8,38,418,3420,38.0,42,27,69,36,6,7,135,10.0,1.11,0.71,1.82,0.95,1.66,5.0,648.0,437.0,78.0,701.0,307.0,364.0,3.0,7.0,0.0,2023-2024,La-Liga,45.7,40.2,27.9,68.0,439.0,1141.0,1.2,0.73,1.94,1.06,1.79,1773.0,657.0,692.0,48.7
Girona,25,26.1,56.9,38,418,3420,38.0,84,64,148,77,7,8,75,1.0,2.21,1.68,3.89,2.03,3.71,0.0,406.0,471.0,95.0,698.0,257.0,340.0,7.0,7.0,0.0,2023-2024,La-Liga,70.8,64.6,54.0,118.6,894.0,1685.0,1.86,1.42,3.28,1.7,3.12,1808.0,373.0,390.0,48.9
Granada,40,26.7,45.6,38,418,3420,38.0,35,27,62,30,5,8,98,4.0,0.92,0.71,1.63,0.79,1.5,1.0,514.0,504.0,75.0,664.0,280.0,374.0,5.0,6.0,2.0,2023-2024,La-Liga,42.6,36.4,31.1,67.6,512.0,1044.0,1.12,0.82,1.94,0.96,1.78,1708.0,484.0,540.0,47.3
Las Palmas,29,25.6,59.2,38,418,3420,38.0,33,23,56,30,3,5,84,5.0,0.87,0.61,1.47,0.79,1.39,1.0,411.0,499.0,93.0,580.0,281.0,397.0,3.0,9.0,3.0,2023-2024,La-Liga,33.2,29.2,23.3,52.5,577.0,1596.0,0.87,0.61,1.49,0.77,1.38,1846.0,395.0,489.0,44.7
Mallorca,25,28.7,45.0,38,418,3420,38.0,33,27,60,32,1,3,105,4.0,0.87,0.71,1.58,0.84,1.55,2.0,567.0,412.0,104.0,763.0,365.0,388.0,2.0,5.0,1.0,2023-2024,La-Liga,40.5,38.2,30.8,69.0,498.0,1174.0,1.06,0.81,1.87,1.01,1.81,1816.0,773.0,686.0,53.0
Osasuna,29,27.7,47.5,38,418,3420,38.0,45,32,77,41,4,5,78,5.0,1.18,0.84,2.03,1.08,1.92,1.0,518.0,392.0,68.0,813.0,263.0,311.0,4.0,2.0,0.0,2023-2024,La-Liga,40.5,36.6,28.5,65.1,501.0,1322.0,1.07,0.75,1.82,0.96,1.71,1802.0,750.0,655.0,53.4
Rayo Vallecano,26,29.4,49.4,38,418,3420,38.0,29,12,41,23,6,6,108,5.0,0.76,0.32,1.08,0.61,0.92,3.0,563.0,518.0,96.0,688.0,308.0,372.0,3.0,2.0,2.0,2023-2024,La-Liga,42.3,37.7,24.6,62.3,506.0,1335.0,1.11,0.65,1.76,0.99,1.64,1908.0,506.0,578.0,46.7
Real Madrid,27,27.4,59.2,38,418,3420,38.0,85,66,151,83,2,5,69,4.0,2.24,1.74,3.97,2.18,3.92,1.0,368.0,523.0,79.0,618.0,296.0,368.0,3.0,1.0,1.0,2023-2024,La-Liga,68.8,65.2,52.5,117.7,950.0,1935.0,1.81,1.38,3.19,1.71,3.1,1766.0,329.0,272.0,54.7
Real Sociedad,31,25.8,55.3,38,418,3420,38.0,48,36,84,44,4,4,98,2.0,1.26,0.95,2.21,1.16,2.11,0.0,604.0,442.0,92.0,672.0,253.0,405.0,1.0,7.0,1.0,2023-2024,La-Liga,44.9,41.8,30.7,72.5,685.0,1414.0,1.18,0.81,1.99,1.1,1.91,1816.0,759.0,714.0,51.5
Sevilla,35,28.6,50.3,38,418,3420,38.0,46,30,76,44,2,2,108,4.0,1.21,0.79,2.0,1.16,1.95,0.0,477.0,443.0,77.0,934.0,313.0,463.0,1.0,5.0,2.0,2023-2024,La-Liga,44.9,43.3,31.7,75.0,635.0,1416.0,1.18,0.83,2.01,1.14,1.97,1901.0,610.0,525.0,53.7
Valencia,29,23.8,44.3,38,418,3420,38.0,39,24,63,31,8,9,64,5.0,1.03,0.63,1.66,0.82,1.45,2.0,481.0,475.0,69.0,593.0,324.0,379.0,7.0,6.0,2.0,2023-2024,La-Liga,43.1,36.2,27.0,63.2,522.0,1162.0,1.13,0.71,1.85,0.95,1.66,1863.0,485.0,628.0,43.6
Villarreal,32,27.9,49.6,38,418,3420,38.0,64,47,111,59,5,7,110,8.0,1.68,1.24,2.92,1.55,2.79,4.0,488.0,462.0,92.0,592.0,304.0,348.0,5.0,6.0,1.0,2023-2024,La-Liga,55.6,50.1,40.5,90.6,654.0,1558.0,1.46,1.07,2.53,1.32,2.38,1697.0,474.0,357.0,57.0
Arsenal,26,28.3,,38,418,3420,38.0,62,52,114,61,1,2,48,3.0,1.63,1.37,3.0,1.61,2.97,,509.0,,,,,,,,,2000-2001,Premier-League,,,,,,,,,,,,,,,
Aston Villa,23,28.1,,38,419,3420,38.0,46,35,81,45,1,1,64,3.0,1.21,0.92,2.13,1.18,2.11,,540.0,,,,,,,,,2000-2001,Premier-League,,,,,,,,,,,,,,,
Bradford City,30,30.2,,38,366,3420,38.0,26,17,43,23,3,5,57,1.0,0.68,0.45,1.13,0.61,1.05,,487.0,,,,,,,,,2000-2001,Premier-League,,,,,,,,,,,,,,,
Charlton Ath,27,26.8,,38,418,3420,38.0,47,33,80,44,3,3,49,2.0,1.24,0.87,2.11,1.16,2.03,,451.0,,,,,,,,,2000-2001,Premier-League,,,,,,,,,,,,,,,
Chelsea,27,28.1,,38,411,3420,38.0,67,49,116,63,4,4,72,2.0,1.76,1.29,3.05,1.66,2.95,,528.0,,,,,,,,,2000-2001,Premier-League,,,,,,,,,,,,,,,
Coventry City,28,25.7,,38,418,3420,38.0,33,22,55,30,3,3,74,2.0,0.87,0.58,1.45,0.79,1.37,,518.0,,,,,,,,,2000-2001,Premier-League,,,,,,,,,,,,,,,
Derby County,32,25.3,,38,415,3420,38.0,36,24,60,34,2,3,80,3.0,0.95,0.63,1.58,0.89,1.53,,553.0,,,,,,,,,2000-2001,Premier-League,,,,,,,,,,,,,,,
Everton,31,27.0,,38,414,3420,38.0,45,28,73,40,5,7,80,4.0,1.18,0.74,1.92,1.05,1.79,,617.0,,,,,,,,,2000-2001,Premier-League,,,,,,,,,,,,,,,
Ipswich Town,23,26.3,,38,438,3420,38.0,56,39,95,53,3,3,32,2.0,1.47,1.03,2.5,1.39,2.42,,461.0,,,,,,,,,2000-2001,Premier-League,,,,,,,,,,,,,,,
Leeds United,26,24.6,,38,425,3420,38.0,63,44,107,60,3,4,75,3.0,1.66,1.16,2.82,1.58,2.74,,596.0,,,,,,,,,2000-2001,Premier-League,,,,,,,,,,,,,,,
Leicester City,29,27.4,,38,425,3420,38.0,39,31,70,36,3,3,61,2.0,1.03,0.82,1.84,0.95,1.76,,486.0,,,,,,,,,2000-2001,Premier-League,,,,,,,,,,,,,,,
Liverpool,26,25.4,,38,415,3420,38.0,70,48,118,67,3,4,55,4.0,1.84,1.26,3.11,1.76,3.03,,504.0,,,,,,,,,2000-2001,Premier-League,,,,,,,,,,,,,,,
Manchester City,30,26.1,,38,434,3420,38.0,38,28,66,36,2,2,67,3.0,1.0,0.74,1.74,0.95,1.68,,605.0,,,,,,,,,2000-2001,Premier-League,,,,,,,,,,,,,,,
Manchester Utd,29,26.9,,38,418,3420,38.0,77,60,137,75,2,3,44,3.0,2.03,1.58,3.61,1.97,3.55,,430.0,,,,,,,,,2000-2001,Premier-League,,,,,,,,,,,,,,,
Middlesbrough,28,29.3,,38,438,3420,38.0,43,25,68,40,3,3,78,6.0,1.13,0.66,1.79,1.05,1.71,,572.0,,,,,,,,,2000-2001,Premier-League,,,,,,,,,,,,,,,
Newcastle Utd,29,26.0,,38,424,3420,38.0,42,27,69,37,5,7,48,5.0,1.11,0.71,1.82,0.97,1.68,,508.0,,,,,,,,,2000-2001,Premier-League,,,,,,,,,,,,,,,
Southampton,24,27.1,,38,433,3420,38.0,40,28,68,40,0,0,51,1.0,1.05,0.74,1.79,1.05,1.79,,492.0,,,,,,,,,2000-2001,Premier-League,,,,,,,,,,,,,,,
Sunderland,28,26.4,,38,395,3420,38.0,46,32,78,44,2,4,73,5.0,1.21,0.84,2.05,1.16,2.0,,609.0,,,,,,,,,2000-2001,Premier-League,,,,,,,,,,,,,,,
Tottenham,29,26.3,,38,418,3420,38.0,46,31,77,43,3,4,49,3.0,1.21,0.82,2.03,1.13,1.95,,523.0,,,,,,,,,2000-2001,Premier-League,,,,,,,,,,,,,,,
West Ham,34,27.6,,38,409,3420,38.0,45,30,75,41,4,4,72,2.0,1.18,0.79,1.97,1.08,1.87,,465.0,,,,,,,,,2000-2001,Premier-League,,,,,,,,,,,,,,,
Atalanta,32,27.5,55.0,38,418,3420,38.0,62,48,110,57,5,6,87,2.0,1.63,1.26,2.89,1.5,2.76,1.0,513.0,454.0,68.0,661.0,441.0,341.0,3.0,6.0,3.0,2021-2022,Serie-A,62.4,58.1,48.5,106.6,796.0,1858.0,1.64,1.28,2.92,1.53,2.81,2292.0,685.0,518.0,56.9
Bologna,36,26.6,50.6,38,418,3420,38.0,43,34,77,39,4,5,92,7.0,1.13,0.89,2.03,1.03,1.92,4.0,443.0,497.0,56.0,601.0,370.0,298.0,3.0,9.0,2.0,2021-2022,Serie-A,44.9,41.0,33.6,74.6,540.0,1276.0,1.18,0.88,2.06,1.08,1.96,1972.0,492.0,520.0,48.6
Cagliari,33,26.5,44.5,38,418,3420,38.0,34,26,60,31,3,4,96,5.0,0.89,0.68,1.58,0.82,1.5,3.0,549.0,490.0,70.0,675.0,397.0,303.0,3.0,10.0,1.0,2021-2022,Serie-A,39.0,36.4,29.6,66.0,474.0,1088.0,1.03,0.78,1.81,0.96,1.74,1995.0,696.0,742.0,48.4
Empoli,28,24.5,47.4,38,418,3420,38.0,47,27,74,40,7,7,87,5.0,1.24,0.71,1.95,1.05,1.76,3.0,506.0,463.0,83.0,704.0,352.0,327.0,6.0,10.0,6.0,2021-2022,Serie-A,44.9,39.3,28.9,68.3,658.0,1477.0,1.18,0.76,1.94,1.04,1.8,1998.0,427.0,549.0,43.8
Fiorentina,28,26.4,57.7,38,418,3420,38.0,59,33,92,50,9,12,89,8.0,1.55,0.87,2.42,1.32,2.18,6.0,464.0,565.0,57.0,776.0,244.0,301.0,8.0,5.0,2.0,2021-2022,Serie-A,60.0,50.8,39.2,90.1,755.0,1584.0,1.58,1.03,2.61,1.34,2.37,1885.0,469.0,456.0,50.7
Genoa,40,27.0,43.9,38,418,3420,38.0,26,19,45,20,6,7,92,3.0,0.68,0.5,1.18,0.53,1.03,2.0,566.0,499.0,72.0,661.0,449.0,416.0,4.0,5.0,2.0,2021-2022,Serie-A,37.2,31.8,26.3,58.1,517.0,1101.0,0.98,0.69,1.67,0.84,1.53,2228.0,635.0,743.0,46.1
Hellas Verona,31,26.8,50.6,38,418,3420,38.0,63,44,107,56,7,8,100,7.0,1.66,1.16,2.82,1.47,2.63,5.0,560.0,429.0,97.0,593.0,392.0,308.0,6.0,4.0,2.0,2021-2022,Serie-A,50.4,44.2,34.1,78.4,677.0,1587.0,1.33,0.9,2.23,1.16,2.06,2413.0,689.0,733.0,48.5
Inter,27,28.9,56.5,38,418,3420,38.0,83,57,140,76,7,11,71,0.0,2.18,1.5,3.68,2.0,3.5,0.0,466.0,412.0,57.0,809.0,332.0,332.0,7.0,4.0,1.0,2021-2022,Serie-A,81.6,73.6,57.3,130.9,782.0,1778.0,2.15,1.51,3.66,1.94,3.45,2004.0,549.0,476.0,53.6
Juventus,32,27.4,51.5,38,418,3420,38.0,56,37,93,51,5,6,77,2.0,1.47,0.97,2.45,1.34,2.32,1.0,508.0,503.0,74.0,550.0,332.0,316.0,5.0,7.0,1.0,2021-2022,Serie-A,51.4,46.7,36.3,83.0,701.0,1464.0,1.35,0.96,2.31,1.23,2.18,2008.0,550.0,440.0,55.6
Lazio,27,29.0,55.4,38,418,3420,38.0,74,48,122,67,7,9,88,5.0,1.95,1.26,3.21,1.76,3.03,3.0,441.0,450.0,44.0,574.0,315.0,339.0,6.0,6.0,1.0,2021-2022,Serie-A,55.3,48.2,38.8,87.0,788.0,1527.0,1.46,1.02,2.48,1.27,2.29,1941.0,411.0,427.0,49.0
Milan,28,25.6,54.0,38,418,3420,38.0,66,39,105,61,5,8,76,3.0,1.74,1.03,2.76,1.61,2.63,1.0,465.0,513.0,80.0,672.0,355.0,421.0,5.0,5.0,2.0,2021-2022,Serie-A,59.7,54.1,42.8,96.9,806.0,1486.0,1.57,1.13,2.7,1.42,2.55,2167.0,521.0,517.0,50.2
Napoli,27,27.9,58.3,38,418,3420,38.0,74,46,120,64,10,14,63,2.0,1.95,1.21,3.16,1.68,2.89,0.0,460.0,482.0,67.0,553.0,296.0,327.0,9.0,1.0,1.0,2021-2022,Serie-A,57.8,46.6,37.1,83.7,827.0,1665.0,1.52,0.98,2.5,1.23,2.2,1981.0,393.0,403.0,49.4
Roma,29,26.4,51.4,38,418,3420,38.0,58,31,89,51,7,9,111,8.0,1.53,0.82,2.34,1.34,2.16,6.0,500.0,474.0,60.0,735.0,385.0,362.0,5.0,6.0,2.0,2021-2022,Serie-A,65.1,58.1,46.3,104.4,733.0,1587.0,1.71,1.22,2.93,1.53,2.75,1980.0,524.0,441.0,54.3
Salernitana,42,27.7,41.2,38,418,3420,38.0,32,19,51,28,4,5,94,5.0,0.84,0.5,1.34,0.74,1.24,3.0,494.0,522.0,41.0,698.0,353.0,321.0,4.0,8.0,2.0,2021-2022,Serie-A,36.5,32.9,24.8,57.7,528.0,1031.0,0.96,0.65,1.61,0.87,1.52,1849.0,657.0,506.0,56.5
Sampdoria,34,29.0,46.1,38,418,3420,38.0,42,29,71,40,2,4,94,4.0,1.11,0.76,1.87,1.05,1.82,1.0,495.0,513.0,82.0,645.0,443.0,327.0,3.0,4.0,2.0,2021-2022,Serie-A,36.7,33.4,26.2,59.6,467.0,1187.0,0.97,0.69,1.66,0.88,1.57,2044.0,609.0,506.0,54.6
Sassuolo,29,26.1,54.9,38,418,3420,38.0,60,39,99,53,7,7,92,4.0,1.58,1.03,2.61,1.39,2.42,2.0,461.0,479.0,43.0,541.0,314.0,271.0,6.0,9.0,1.0,2021-2022,Serie-A,55.7,50.2,39.0,89.2,815.0,1507.0,1.46,1.03,2.49,1.32,2.35,1926.0,343.0,404.0,45.9
Spezia,30,24.4,42.7,38,418,3420,38.0,38,25,63,35,3,5,88,4.0,1.0,0.66,1.66,0.92,1.58,1.0,508.0,439.0,77.0,534.0,372.0,343.0,4.0,13.0,3.0,2021-2022,Serie-A,40.1,36.2,27.9,64.1,511.0,999.0,1.05,0.73,1.79,0.95,1.69,1994.0,530.0,589.0,47.4
Torino,31,25.2,53.3,38,418,3420,38.0,43,27,70,37,6,6,89,3.0,1.13,0.71,1.84,0.97,1.68,2.0,636.0,460.0,84.0,663.0,423.0,314.0,4.0,11.0,0.0,2021-2022,Serie-A,48.7,44.1,36.3,80.4,628.0,1320.0,1.28,0.96,2.24,1.16,2.12,2113.0,781.0,891.0,46.7
Udinese,29,26.2,42.7,38,418,3420,38.0,58,36,94,55,3,4,95,6.0,1.53,0.95,2.47,1.45,2.39,3.0,564.0,461.0,78.0,519.0,351.0,350.0,4.0,7.0,1.0,2021-2022,Serie-A,51.3,48.2,36.6,84.8,669.0,1226.0,1.35,0.96,2.31,1.27,2.23,2027.0,453.0,534.0,45.9
Venezia,39,26.1,42.3,38,418,3420,38.0,34,23,57,31,3,5,110,9.0,0.89,0.61,1.5,0.82,1.42,2.0,522.0,457.0,61.0,585.0,388.0,352.0,5.0,12.0,2.0,2021-2022,Serie-A,36.5,32.4,26.4,58.8,540.0,1088.0,0.96,0.69,1.66,0.85,1.55,1942.0,564.0,583.0,49.2
Alavés,22,27.2,,38,414,3420,38.0,40,26,66,34,6,8,108,7.0,1.05,0.68,1.74,0.89,1.58,,767.0,,,,,,,,,1999-2000,La-Liga,,,,,,,,,,,,,,,
Athletic Club,28,26.4,,38,416,3420,38.0,47,39,86,42,5,6,125,3.0,1.24,1.03,2.26,1.11,2.13,,754.0,,,,,,,,,1999-2000,La-Liga,,,,,,,,,,,,,,,
Atlético Madrid,29,25.6,,38,416,3420,38.0,48,31,79,44,4,6,121,6.0,1.26,0.82,2.08,1.16,1.97,,739.0,,,,,,,,,1999-2000,La-Liga,,,,,,,,,,,,,,,
Barcelona,24,26.4,,38,418,3420,38.0,70,46,116,67,3,4,85,5.0,1.84,1.21,3.05,1.76,2.97,,597.0,,,,,,,,,1999-2000,La-Liga,,,,,,,,,,,,,,,
Betis,24,26.0,,38,418,3420,38.0,33,19,52,28,5,6,100,9.0,0.87,0.5,1.37,0.74,1.24,,649.0,,,,,,,,,1999-2000,La-Liga,,,,,,,,,,,,,,,
Celta Vigo,27,26.2,,38,418,3420,38.0,44,31,75,42,2,3,123,11.0,1.16,0.82,1.97,1.11,1.92,,761.0,,,,,,,,,1999-2000,La-Liga,,,,,,,,,,,,,,,
Espanyol,29,25.9,,38,417,3420,38.0,51,29,80,44,7,7,103,4.0,1.34,0.76,2.11,1.16,1.92,,781.0,,,,,,,,,1999-2000,La-Liga,,,,,,,,,,,,,,,
La Coruña,23,28.4,,38,418,3420,38.0,64,41,105,60,4,5,94,9.0,1.68,1.08,2.76,1.58,2.66,,705.0,,,,,,,,,1999-2000,La-Liga,,,,,,,,,,,,,,,
Málaga,24,25.3,,38,418,3420,38.0,54,40,94,50,4,5,98,8.0,1.42,1.05,2.47,1.32,2.37,,700.0,,,,,,,,,1999-2000,La-Liga,,,,,,,,,,,,,,,
Mallorca,30,27.2,,38,418,3420,38.0,51,33,84,46,5,6,85,6.0,1.34,0.87,2.21,1.21,2.08,,562.0,,,,,,,,,1999-2000,La-Liga,,,,,,,,,,,,,,,
Numancia,25,27.4,,38,417,3420,38.0,46,24,70,41,5,7,108,6.0,1.21,0.63,1.84,1.08,1.71,,650.0,,,,,,,,,1999-2000,La-Liga,,,,,,,,,,,,,,,
Oviedo,25,26.4,,38,418,3420,38.0,44,30,74,42,2,4,104,2.0,1.16,0.79,1.95,1.11,1.89,,637.0,,,,,,,,,1999-2000,La-Liga,,,,,,,,,,,,,,,
Racing Sant,23,26.2,,38,418,3420,38.0,52,29,81,40,12,13,98,7.0,1.37,0.76,2.13,1.05,1.82,,717.0,,,,,,,,,1999-2000,La-Liga,,,,,,,,,,,,,,,
Rayo Vallecano,24,28.0,,38,417,3420,38.0,49,31,80,47,2,2,100,5.0,1.29,0.82,2.11,1.24,2.05,,715.0,,,,,,,,,1999-2000,La-Liga,,,,,,,,,,,,,,,
Real Madrid,28,24.6,,38,414,3420,38.0,56,48,104,52,4,4,95,7.0,1.47,1.26,2.74,1.37,2.63,,609.0,,,,,,,,,1999-2000,La-Liga,,,,,,,,,,,,,,,
Real Sociedad,26,26.7,,38,420,3420,38.0,42,28,70,42,0,0,105,11.0,1.11,0.74,1.84,1.11,1.84,,762.0,,,,,,,,,1999-2000,La-Liga,,,,,,,,,,,,,,,
Sevilla,32,25.6,,38,416,3420,38.0,42,33,75,38,4,5,111,6.0,1.11,0.87,1.97,1.0,1.87,,781.0,,,,,,,,,1999-2000,La-Liga,,,,,,,,,,,,,,,
Valencia,24,27.0,,38,418,3420,38.0,56,38,94,48,8,9,103,11.0,1.47,1.0,2.47,1.26,2.26,,639.0,,,,,,,,,1999-2000,La-Liga,,,,,,,,,,,,,,,
Valladolid,27,26.7,,38,415,3420,38.0,35,33,68,32,3,3,105,4.0,0.92,0.87,1.79,0.84,1.71,,679.0,,,,,,,,,1999-2000,La-Liga,,,,,,,,,,,,,,,
Zaragoza,22,28.3,,38,418,3420,38.0,59,37,96,55,4,4,116,4.0,1.55,0.97,2.53,1.45,2.42,,714.0,,,,,,,,,1999-2000,La-Liga,,,,,,,,,,,,,,,
Atalanta,29,25.5,,34,372,3060,34.0,37,20,57,33,4,5,68,1.0,1.09,0.59,1.68,0.97,1.56,,544.0,,,,,,,,,2000-2001,Serie-A,,,,,,,,,,,,,,,
Bari,36,24.3,,34,372,3060,34.0,31,16,47,22,9,11,68,7.0,0.91,0.47,1.38,0.65,1.12,,599.0,,,,,,,,,2000-2001,Serie-A,,,,,,,,,,,,,,,
Bologna,27,27.4,,34,372,3060,34.0,49,25,74,44,5,6,78,5.0,1.44,0.74,2.18,1.29,2.03,,666.0,,,,,,,,,2000-2001,Serie-A,,,,,,,,,,,,,,,
Brescia,26,28.8,,34,367,3060,34.0,43,19,62,34,9,10,79,4.0,1.26,0.56,1.82,1.0,1.56,,593.0,,,,,,,,,2000-2001,Serie-A,,,,,,,,,,,,,,,
Fiorentina,27,27.5,,34,374,3060,34.0,51,27,78,47,4,4,66,5.0,1.5,0.79,2.29,1.38,2.18,,622.0,,,,,,,,,2000-2001,Serie-A,,,,,,,,,,,,,,,
Hellas Verona,27,25.4,,34,374,3060,34.0,38,21,59,33,5,7,91,16.0,1.12,0.62,1.74,0.97,1.59,,667.0,,,,,,,,,2000-2001,Serie-A,,,,,,,,,,,,,,,
Inter,30,26.3,,34,374,3060,34.0,47,28,75,41,6,7,56,3.0,1.38,0.82,2.21,1.21,2.03,,610.0,,,,,,,,,2000-2001,Serie-A,,,,,,,,,,,,,,,
Juventus,22,27.3,,34,371,3060,34.0,60,39,99,56,4,6,67,5.0,1.76,1.15,2.91,1.65,2.79,,638.0,,,,,,,,,2000-2001,Serie-A,,,,,,,,,,,,,,,
Lazio,27,27.9,,34,373,3060,34.0,61,40,101,55,6,8,56,4.0,1.79,1.18,2.97,1.62,2.79,,550.0,,,,,,,,,2000-2001,Serie-A,,,,,,,,,,,,,,,
Lecce,25,27.1,,34,375,3060,34.0,40,24,64,32,8,8,63,9.0,1.18,0.71,1.88,0.94,1.65,,638.0,,,,,,,,,2000-2001,Serie-A,,,,,,,,,,,,,,,
Milan,28,27.2,,34,375,3060,34.0,55,41,96,49,6,6,60,3.0,1.62,1.21,2.82,1.44,2.65,,616.0,,,,,,,,,2000-2001,Serie-A,,,,,,,,,,,,,,,
Napoli,29,26.1,,34,375,3060,34.0,34,18,52,31,3,4,79,6.0,1.0,0.53,1.53,0.91,1.44,,646.0,,,,,,,,,2000-2001,Serie-A,,,,,,,,,,,,,,,
Parma,23,26.8,,34,375,3060,34.0,51,35,86,48,3,4,56,4.0,1.5,1.03,2.53,1.41,2.44,,540.0,,,,,,,,,2000-2001,Serie-A,,,,,,,,,,,,,,,
Perugia,28,25.7,,34,383,3060,34.0,49,23,72,42,7,8,75,7.0,1.44,0.68,2.12,1.24,1.91,,531.0,,,,,,,,,2000-2001,Serie-A,,,,,,,,,,,,,,,
Reggina,24,25.0,,34,374,3060,34.0,32,11,43,31,1,2,79,5.0,0.94,0.32,1.26,0.91,1.24,,762.0,,,,,,,,,2000-2001,Serie-A,,,,,,,,,,,,,,,
Roma,23,27.1,,34,374,3060,34.0,65,47,112,60,5,5,67,3.0,1.91,1.38,3.29,1.76,3.15,,655.0,,,,,,,,,2000-2001,Serie-A,,,,,,,,,,,,,,,
Udinese,28,25.5,,34,375,3060,34.0,48,29,77,41,7,7,66,4.0,1.41,0.85,2.26,1.21,2.06,,652.0,,,,,,,,,2000-2001,Serie-A,,,,,,,,,,,,,,,
Vicenza,30,26.0,,34,375,3060,34.0,35,23,58,32,3,3,93,3.0,1.03,0.68,1.71,0.94,1.62,,723.0,,,,,,,,,2000-2001,Serie-A,,,,,,,,,,,,,,,
Atalanta,30,27.3,54.6,38,418,3420,38.0,90,65,155,84,6,7,67,3.0,2.37,1.71,4.08,2.21,3.92,1.0,580.0,473.0,56.0,657.0,516.0,343.0,5.0,8.0,1.0,2020-2021,Serie-A,74.7,69.3,55.5,124.7,874.0,2077.0,1.97,1.46,3.43,1.82,3.28,2472.0,633.0,506.0,55.6
Benevento,29,28.7,42.6,38,418,3420,38.0,40,26,66,35,5,7,95,5.0,1.05,0.68,1.74,0.92,1.61,2.0,496.0,593.0,61.0,645.0,383.0,288.0,7.0,5.0,6.0,2020-2021,Serie-A,40.6,35.0,27.6,62.6,512.0,1096.0,1.07,0.73,1.79,0.92,1.65,1749.0,496.0,615.0,44.6
Bologna,37,27.2,50.8,38,418,3420,38.0,49,38,87,46,3,4,82,4.0,1.29,1.0,2.29,1.21,2.21,2.0,536.0,476.0,73.0,669.0,424.0,313.0,3.0,9.0,2.0,2020-2021,Serie-A,54.6,51.1,39.0,90.1,707.0,1516.0,1.44,1.03,2.47,1.34,2.37,2016.0,564.0,594.0,48.7
Cagliari,32,26.5,44.8,38,418,3420,38.0,43,30,73,39,4,5,77,3.0,1.13,0.79,1.92,1.03,1.82,2.0,516.0,469.0,57.0,721.0,388.0,336.0,4.0,5.0,0.0,2020-2021,Serie-A,47.1,43.4,34.0,77.5,589.0,1228.0,1.24,0.9,2.14,1.14,2.04,1854.0,637.0,602.0,51.4
Crotone,31,27.8,46.3,38,418,3420,38.0,44,27,71,35,9,9,89,4.0,1.16,0.71,1.87,0.92,1.63,2.0,531.0,490.0,57.0,544.0,380.0,311.0,7.0,5.0,2.0,2020-2021,Serie-A,40.4,33.4,23.9,57.2,582.0,1217.0,1.06,0.63,1.69,0.88,1.51,1936.0,472.0,534.0,46.9
Fiorentina,30,26.6,46.3,38,418,3420,38.0,44,31,75,38,6,6,86,5.0,1.16,0.82,1.97,1.0,1.82,0.0,523.0,523.0,61.0,740.0,388.0,263.0,4.0,11.0,2.0,2020-2021,Serie-A,44.9,40.2,31.6,71.8,637.0,1353.0,1.18,0.83,2.01,1.06,1.89,1817.0,538.0,544.0,49.7
Genoa,34,28.3,44.8,38,418,3420,38.0,46,32,78,42,4,4,87,2.0,1.21,0.84,2.05,1.11,1.95,1.0,520.0,466.0,79.0,579.0,519.0,309.0,2.0,7.0,2.0,2020-2021,Serie-A,38.8,35.6,26.4,62.1,523.0,1165.0,1.02,0.7,1.72,0.94,1.63,2013.0,504.0,643.0,43.9
Hellas Verona,32,26.2,49.8,38,418,3420,38.0,38,30,68,35,3,3,91,1.0,1.0,0.79,1.79,0.92,1.71,0.0,622.0,520.0,108.0,732.0,492.0,269.0,3.0,7.0,2.0,2020-2021,Serie-A,45.3,43.0,33.5,76.5,599.0,1490.0,1.19,0.88,2.08,1.13,2.01,2214.0,749.0,832.0,47.4
Inter,25,27.7,52.5,38,418,3420,38.0,84,62,146,76,8,9,61,2.0,2.21,1.63,3.84,2.0,3.63,1.0,472.0,426.0,65.0,702.0,371.0,286.0,6.0,7.0,1.0,2020-2021,Serie-A,74.2,67.2,52.5,119.8,766.0,1707.0,1.95,1.38,3.34,1.77,3.15,1814.0,439.0,428.0,50.6
Juventus,30,27.7,56.9,38,418,3420,38.0,76,59,135,68,8,10,80,6.0,2.0,1.55,3.55,1.79,3.34,2.0,505.0,470.0,93.0,754.0,458.0,323.0,8.0,9.0,2.0,2020-2021,Serie-A,74.4,67.0,55.1,122.1,949.0,1768.0,1.96,1.45,3.41,1.76,3.21,1941.0,426.0,378.0,53.0
Lazio,30,29.4,53.0,38,418,3420,38.0,59,40,99,53,6,10,107,5.0,1.55,1.05,2.61,1.39,2.45,3.0,498.0,427.0,87.0,744.0,445.0,346.0,8.0,10.0,2.0,2020-2021,Serie-A,58.2,50.7,39.6,90.2,785.0,1688.0,1.53,1.04,2.57,1.33,2.37,2132.0,539.0,510.0,51.4
Milan,29,24.4,51.7,38,418,3420,38.0,72,47,119,57,15,20,83,4.0,1.89,1.24,3.13,1.5,2.74,1.0,513.0,474.0,92.0,688.0,382.0,357.0,15.0,5.0,1.0,2020-2021,Serie-A,70.7,56.0,43.9,99.8,784.0,1483.0,1.86,1.15,3.02,1.47,2.63,2069.0,567.0,539.0,51.3
Napoli,25,27.1,55.1,38,418,3420,38.0,83,56,139,76,7,8,76,3.0,2.18,1.47,3.66,2.0,3.47,2.0,386.0,548.0,72.0,665.0,369.0,345.0,7.0,5.0,1.0,2020-2021,Serie-A,67.7,61.4,46.9,108.3,884.0,1703.0,1.78,1.23,3.02,1.62,2.85,1923.0,414.0,404.0,50.6
Parma,42,28.0,47.8,38,418,3420,38.0,39,26,65,34,5,5,91,1.0,1.03,0.68,1.71,0.89,1.58,0.0,525.0,481.0,78.0,643.0,463.0,317.0,4.0,3.0,3.0,2020-2021,Serie-A,42.5,38.6,30.5,69.0,607.0,1319.0,1.12,0.8,1.92,1.01,1.82,1803.0,630.0,474.0,57.1
Roma,31,26.7,52.2,38,418,3420,38.0,67,51,118,60,7,8,91,3.0,1.76,1.34,3.11,1.58,2.92,3.0,553.0,425.0,62.0,679.0,489.0,273.0,6.0,6.0,3.0,2020-2021,Serie-A,65.3,59.0,48.2,107.2,863.0,1583.0,1.72,1.27,2.98,1.55,2.82,1894.0,428.0,414.0,50.8
Sampdoria,27,27.9,45.2,38,418,3420,38.0,52,37,89,47,5,6,83,3.0,1.37,0.97,2.34,1.24,2.21,1.0,509.0,485.0,62.0,787.0,453.0,326.0,3.0,9.0,1.0,2020-2021,Serie-A,45.4,41.1,31.9,73.0,588.0,1370.0,1.2,0.84,2.04,1.08,1.92,2048.0,628.0,597.0,51.3
Sassuolo,28,26.5,60.3,38,418,3420,38.0,61,36,97,48,13,14,79,4.0,1.61,0.95,2.55,1.26,2.21,2.0,494.0,475.0,57.0,588.0,426.0,310.0,12.0,5.0,1.0,2020-2021,Serie-A,58.4,47.7,34.0,81.8,770.0,1746.0,1.54,0.9,2.43,1.26,2.15,1850.0,408.0,450.0,47.6
Spezia,35,25.2,51.9,38,418,3420,38.0,52,37,89,48,4,5,100,5.0,1.37,0.97,2.34,1.26,2.24,4.0,588.0,529.0,82.0,602.0,395.0,318.0,5.0,10.0,0.0,2020-2021,Serie-A,46.5,42.6,31.1,73.7,625.0,1388.0,1.22,0.82,2.04,1.12,1.94,2001.0,537.0,567.0,48.6
Torino,29,26.9,47.3,38,418,3420,38.0,49,28,77,44,5,6,78,4.0,1.29,0.74,2.03,1.16,1.89,3.0,577.0,602.0,59.0,740.0,444.0,306.0,6.0,10.0,0.0,2020-2021,Serie-A,50.0,45.3,32.2,77.5,617.0,1138.0,1.32,0.85,2.16,1.19,2.04,1968.0,595.0,622.0,48.9
Udinese,33,27.2,46.3,38,418,3420,38.0,40,30,70,36,4,4,65,2.0,1.05,0.79,1.84,0.95,1.74,1.0,511.0,522.0,82.0,703.0,440.0,294.0,3.0,14.0,0.0,2020-2021,Serie-A,45.7,42.9,30.0,72.9,672.0,1405.0,1.2,0.79,1.99,1.13,1.92,1853.0,491.0,442.0,52.6
Ascoli,32,28.0,,38,404,3420,38.0,35,17,52,32,3,6,127,8.0,0.92,0.45,1.37,0.84,1.29,,844.0,,,,,,,,,2006-2007,Serie-A,,,,,,,,,,,,,,,
Atalanta,23,27.6,,38,414,3420,38.0,54,37,91,49,5,7,106,7.0,1.42,0.97,2.39,1.29,2.26,,743.0,,,,,,,,,2006-2007,Serie-A,,,,,,,,,,,,,,,
Cagliari,29,27.4,,38,417,3420,38.0,34,18,52,26,8,9,68,6.0,0.89,0.47,1.37,0.68,1.16,,658.0,,,,,,,,,2006-2007,Serie-A,,,,,,,,,,,,,,,
Catania,26,29.3,,38,418,3420,38.0,46,24,70,41,5,5,108,10.0,1.21,0.63,1.84,1.08,1.71,,746.0,,,,,,,,,2006-2007,Serie-A,,,,,,,,,,,,,,,
Chievo,33,28.1,,38,418,3420,38.0,38,17,55,34,4,7,91,9.0,1.0,0.45,1.45,0.89,1.34,,728.0,,,,,,,,,2006-2007,Serie-A,,,,,,,,,,,,,,,
Empoli,26,27.5,,38,418,3420,38.0,42,28,70,38,4,5,78,4.0,1.11,0.74,1.84,1.0,1.74,,785.0,,,,,,,,,2006-2007,Serie-A,,,,,,,,,,,,,,,
Fiorentina,22,26.2,,38,418,3420,38.0,60,37,97,56,4,6,88,4.0,1.58,0.97,2.55,1.47,2.45,,812.0,,,,,,,,,2006-2007,Serie-A,,,,,,,,,,,,,,,
Inter,25,28.8,,38,418,3420,38.0,76,59,135,70,6,8,92,5.0,2.0,1.55,3.55,1.84,3.39,,621.0,,,,,,,,,2006-2007,Serie-A,,,,,,,,,,,,,,,
Lazio,28,27.9,,38,418,3420,38.0,59,27,86,53,6,3,94,11.0,1.55,0.71,2.26,1.39,2.11,,745.0,,,,,,,,,2006-2007,Serie-A,,,,,,,,,,,,,,,
Livorno,24,29.3,,38,439,3420,38.0,41,25,66,36,5,5,82,5.0,1.08,0.66,1.74,0.95,1.61,,724.0,,,,,,,,,2006-2007,Serie-A,,,,,,,,,,,,,,,
Messina,31,28.0,,38,404,3420,38.0,37,22,59,30,7,9,119,14.0,0.97,0.58,1.55,0.79,1.37,,713.0,,,,,,,,,2006-2007,Serie-A,,,,,,,,,,,,,,,
Milan,31,29.3,,38,436,3420,38.0,56,37,93,52,4,7,66,4.0,1.47,0.97,2.45,1.37,2.34,,654.0,,,,,,,,,2006-2007,Serie-A,,,,,,,,,,,,,,,
Palermo,23,27.7,,38,432,3420,38.0,58,32,90,52,6,7,102,9.0,1.53,0.84,2.37,1.37,2.21,,799.0,,,,,,,,,2006-2007,Serie-A,,,,,,,,,,,,,,,
Parma,26,26.8,,38,404,3420,38.0,41,24,65,35,6,7,106,6.0,1.08,0.63,1.71,0.92,1.55,,806.0,,,,,,,,,2006-2007,Serie-A,,,,,,,,,,,,,,,
Reggina,26,27.0,,38,418,3420,38.0,52,31,83,46,6,7,111,4.0,1.37,0.82,2.18,1.21,2.03,,790.0,,,,,,,,,2006-2007,Serie-A,,,,,,,,,,,,,,,
Roma,23,27.1,,38,418,3420,38.0,74,51,125,69,5,10,82,2.0,1.95,1.34,3.29,1.82,3.16,,645.0,,,,,,,,,2006-2007,Serie-A,,,,,,,,,,,,,,,
Sampdoria,27,28.2,,38,414,3420,38.0,43,23,66,38,5,7,94,7.0,1.13,0.61,1.74,1.0,1.61,,792.0,,,,,,,,,2006-2007,Serie-A,,,,,,,,,,,,,,,
Siena,24,27.6,,38,411,3420,38.0,35,21,56,33,2,5,100,11.0,0.92,0.55,1.47,0.87,1.42,,789.0,,,,,,,,,2006-2007,Serie-A,,,,,,,,,,,,,,,
Torino,30,29.7,,38,407,3420,38.0,25,22,47,22,3,3,98,8.0,0.66,0.58,1.24,0.58,1.16,,804.0,,,,,,,,,2006-2007,Serie-A,,,,,,,,,,,,,,,
Udinese,29,24.4,,38,423,3420,38.0,49,31,80,43,6,6,95,12.0,1.29,0.82,2.11,1.13,1.95,,745.0,,,,,,,,,2006-2007,Serie-A,,,,,,,,,,,,,,,
Atalanta,27,27.0,,34,380,3060,34.0,40,25,65,36,4,4,66,5.0,1.18,0.74,1.91,1.06,1.79,,612.0,,,,,,,,,2001-2002,Serie-A,,,,,,,,,,,,,,,
Bologna,23,27.8,,34,375,3060,34.0,39,29,68,39,0,2,81,8.0,1.15,0.85,2.0,1.15,2.0,,736.0,,,,,,,,,2001-2002,Serie-A,,,,,,,,,,,,,,,
Brescia,26,27.8,,34,367,3060,34.0,43,28,71,37,6,9,93,4.0,1.26,0.82,2.09,1.09,1.91,,760.0,,,,,,,,,2001-2002,Serie-A,,,,,,,,,,,,,,,
Chievo,24,26.7,,34,380,3060,34.0,57,40,97,50,7,9,94,10.0,1.68,1.18,2.85,1.47,2.65,,681.0,,,,,,,,,2001-2002,Serie-A,,,,,,,,,,,,,,,
Fiorentina,36,26.5,,34,388,3060,34.0,29,22,51,29,0,2,59,7.0,0.85,0.65,1.5,0.85,1.5,,611.0,,,,,,,,,2001-2002,Serie-A,,,,,,,,,,,,,,,
Hellas Verona,29,25.1,,34,375,3060,34.0,40,23,63,35,5,8,91,8.0,1.18,0.68,1.85,1.03,1.71,,726.0,,,,,,,,,2001-2002,Serie-A,,,,,,,,,,,,,,,
Inter,27,26.3,,34,375,3060,34.0,61,42,103,55,6,6,77,4.0,1.79,1.24,3.03,1.62,2.85,,770.0,,,,,,,,,2001-2002,Serie-A,,,,,,,,,,,,,,,
Juventus,21,27.4,,34,374,3060,34.0,61,45,106,56,5,7,50,3.0,1.79,1.32,3.12,1.65,2.97,,679.0,,,,,,,,,2001-2002,Serie-A,,,,,,,,,,,,,,,
Lazio,28,28.0,,34,375,3060,34.0,50,32,82,47,3,4,75,5.0,1.47,0.94,2.41,1.38,2.32,,637.0,,,,,,,,,2001-2002,Serie-A,,,,,,,,,,,,,,,
Lecce,29,27.2,,34,373,3060,34.0,36,27,63,35,1,3,79,8.0,1.06,0.79,1.85,1.03,1.82,,658.0,,,,,,,,,2001-2002,Serie-A,,,,,,,,,,,,,,,
Milan,27,26.9,,34,375,3060,34.0,47,37,84,42,5,8,62,3.0,1.38,1.09,2.47,1.24,2.32,,678.0,,,,,,,,,2001-2002,Serie-A,,,,,,,,,,,,,,,
Parma,30,26.5,,34,365,3060,34.0,42,33,75,41,1,3,60,3.0,1.24,0.97,2.21,1.21,2.18,,594.0,,,,,,,,,2001-2002,Serie-A,,,,,,,,,,,,,,,
Perugia,31,26.9,,34,374,3060,34.0,37,22,59,34,3,3,82,8.0,1.09,0.65,1.74,1.0,1.65,,585.0,,,,,,,,,2001-2002,Serie-A,,,,,,,,,,,,,,,
Piacenza,25,28.3,,34,373,3060,34.0,49,32,81,43,6,7,93,13.0,1.44,0.94,2.38,1.26,2.21,,704.0,,,,,,,,,2001-2002,Serie-A,,,,,,,,,,,,,,,
Roma,23,27.9,,34,375,3060,34.0,57,34,91,52,5,5,64,6.0,1.68,1.0,2.68,1.53,2.53,,730.0,,,,,,,,,2001-2002,Serie-A,,,,,,,,,,,,,,,
Torino,28,27.6,,34,379,3060,34.0,37,23,60,34,3,6,77,3.0,1.09,0.68,1.76,1.0,1.68,,718.0,,,,,,,,,2001-2002,Serie-A,,,,,,,,,,,,,,,
Udinese,30,25.2,,34,378,3060,34.0,41,27,68,33,8,10,67,11.0,1.21,0.79,2.0,0.97,1.76,,625.0,,,,,,,,,2001-2002,Serie-A,,,,,,,,,,,,,,,
Venezia,29,26.7,,34,341,3060,34.0,29,15,44,25,4,4,79,3.0,0.85,0.44,1.29,0.74,1.18,,568.0,,,,,,,,,2001-2002,Serie-A,,,,,,,,,,,,,,,
Arsenal,29,26.9,58.9,38,418,3420,38.0,73,55,128,69,4,6,69,0.0,1.92,1.45,3.37,1.82,3.26,0.0,394.0,390.0,99.0,701.0,558.0,492.0,4.0,10.0,1.0,2016-2017,Premier-League,,,,,,,,,,,,,,,
Bournemouth,27,27.0,51.5,38,418,3420,38.0,53,33,86,46,7,10,56,2.0,1.39,0.87,2.26,1.21,2.08,2.0,372.0,492.0,54.0,642.0,481.0,466.0,11.0,4.0,4.0,2016-2017,Premier-League,,,,,,,,,,,,,,,
Burnley,27,27.7,40.3,38,418,3420,38.0,39,24,63,33,6,6,67,1.0,1.03,0.63,1.66,0.87,1.5,1.0,428.0,415.0,103.0,676.0,569.0,473.0,4.0,5.0,2.0,2016-2017,Premier-League,,,,,,,,,,,,,,,
Chelsea,24,27.2,55.1,38,418,3420,38.0,83,53,136,81,2,4,72,0.0,2.18,1.39,3.58,2.13,3.53,0.0,394.0,474.0,65.0,697.0,523.0,482.0,4.0,2.0,1.0,2016-2017,Premier-League,,,,,,,,,,,,,,,
Crystal Palace,31,27.7,45.4,38,418,3420,38.0,48,32,80,44,4,7,79,0.0,1.26,0.84,2.11,1.16,2.0,0.0,471.0,470.0,57.0,880.0,575.0,521.0,6.0,2.0,0.0,2016-2017,Premier-League,,,,,,,,,,,,,,,
Everton,27,27.5,52.1,38,418,3420,38.0,58,45,103,55,3,4,74,1.0,1.53,1.18,2.71,1.45,2.63,1.0,457.0,419.0,83.0,775.0,472.0,557.0,3.0,5.0,1.0,2016-2017,Premier-League,,,,,,,,,,,,,,,
Hull City,28,27.4,45.9,38,418,3420,38.0,36,24,60,33,3,3,67,0.0,0.95,0.63,1.58,0.87,1.5,0.0,403.0,390.0,71.0,748.0,587.0,474.0,2.0,14.0,5.0,2016-2017,Premier-League,,,,,,,,,,,,,,,
Leicester City,25,27.8,41.9,38,418,3420,38.0,46,32,78,42,4,6,73,0.0,1.21,0.84,2.05,1.11,1.95,0.0,447.0,332.0,65.0,735.0,559.0,508.0,5.0,4.0,2.0,2016-2017,Premier-League,,,,,,,,,,,,,,,
Liverpool,23,26.1,62.0,38,418,3420,38.0,77,52,129,70,7,8,54,0.0,2.03,1.37,3.39,1.84,3.21,0.0,396.0,383.0,78.0,815.0,425.0,540.0,5.0,5.0,0.0,2016-2017,Premier-League,,,,,,,,,,,,,,,
Manchester City,25,28.5,65.0,38,418,3420,38.0,75,54,129,68,7,9,71,0.0,1.97,1.42,3.39,1.79,3.21,0.0,395.0,427.0,93.0,810.0,527.0,476.0,9.0,5.0,1.0,2016-2017,Premier-League,,,,,,,,,,,,,,,
Manchester Utd,31,26.7,56.5,38,418,3420,38.0,54,37,91,51,3,4,80,1.0,1.42,0.97,2.39,1.34,2.32,1.0,498.0,443.0,102.0,852.0,610.0,507.0,2.0,5.0,1.0,2016-2017,Premier-League,,,,,,,,,,,,,,,
Middlesbrough,27,27.3,47.3,38,418,3420,38.0,26,22,48,24,2,2,79,1.0,0.68,0.58,1.26,0.63,1.21,1.0,480.0,399.0,51.0,735.0,570.0,558.0,2.0,5.0,0.0,2016-2017,Premier-League,,,,,,,,,,,,,,,
Southampton,26,26.0,54.4,38,418,3420,38.0,39,27,66,36,3,6,61,1.0,1.03,0.71,1.74,0.95,1.66,1.0,426.0,415.0,75.0,960.0,539.0,507.0,5.0,9.0,0.0,2016-2017,Premier-League,,,,,,,,,,,,,,,
Stoke City,26,28.7,46.3,38,418,3420,38.0,37,24,61,33,4,6,72,1.0,0.97,0.63,1.61,0.87,1.5,1.0,434.0,440.0,87.0,725.0,528.0,489.0,5.0,2.0,5.0,2016-2017,Premier-League,,,,,,,,,,,,,,,
Sunderland,31,26.8,39.7,38,418,3420,38.0,28,11,39,23,5,5,84,3.0,0.74,0.29,1.03,0.61,0.89,3.0,437.0,392.0,80.0,633.0,574.0,495.0,3.0,4.0,2.0,2016-2017,Premier-League,,,,,,,,,,,,,,,
Swansea City,27,27.4,47.9,38,418,3420,38.0,45,31,76,42,3,3,56,0.0,1.18,0.82,2.0,1.11,1.92,0.0,399.0,425.0,50.0,867.0,471.0,481.0,3.0,10.0,5.0,2016-2017,Premier-League,,,,,,,,,,,,,,,
Tottenham,24,25.3,60.5,38,418,3420,38.0,84,59,143,77,7,9,62,0.0,2.21,1.55,3.76,2.03,3.58,0.0,431.0,463.0,74.0,763.0,331.0,512.0,9.0,2.0,1.0,2016-2017,Premier-League,,,,,,,,,,,,,,,
Watford,33,29.0,46.1,38,418,3420,38.0,39,27,66,36,3,3,90,3.0,1.03,0.71,1.74,0.95,1.66,3.0,514.0,417.0,63.0,696.0,532.0,468.0,3.0,4.0,2.0,2016-2017,Premier-League,,,,,,,,,,,,,,,
West Brom,23,29.4,37.3,38,418,3420,38.0,43,33,76,42,1,1,80,0.0,1.13,0.87,2.0,1.11,1.97,0.0,448.0,343.0,61.0,770.0,564.0,441.0,0.0,3.0,1.0,2016-2017,Premier-League,,,,,,,,,,,,,,,
West Ham,29,27.1,47.1,38,418,3420,38.0,46,28,74,43,3,4,86,4.0,1.21,0.74,1.95,1.13,1.87,4.0,408.0,461.0,80.0,759.0,634.0,452.0,4.0,8.0,0.0,2016-2017,Premier-League,,,,,,,,,,,,,,,
Albacete,30,26.1,,38,418,3420,38.0,34,26,60,31,3,3,99,8.0,0.89,0.68,1.58,0.82,1.5,,682.0,,,,,,,,,2003-2004,La-Liga,,,,,,,,,,,,,,,
Athletic Club,25,25.7,,38,416,3420,38.0,52,33,85,49,3,5,108,6.0,1.37,0.87,2.24,1.29,2.16,,701.0,,,,,,,,,2003-2004,La-Liga,,,,,,,,,,,,,,,
Atlético Madrid,32,26.5,,38,413,3420,38.0,51,36,87,46,5,6,131,7.0,1.34,0.95,2.29,1.21,2.16,,782.0,,,,,,,,,2003-2004,La-Liga,,,,,,,,,,,,,,,
Barcelona,28,25.8,,38,414,3420,38.0,61,42,103,59,2,3,99,13.0,1.61,1.11,2.71,1.55,2.66,,642.0,,,,,,,,,2003-2004,La-Liga,,,,,,,,,,,,,,,
Betis,27,26.3,,38,417,3420,38.0,46,30,76,41,5,6,91,6.0,1.21,0.79,2.0,1.08,1.87,,669.0,,,,,,,,,2003-2004,La-Liga,,,,,,,,,,,,,,,
Celta Vigo,30,28.3,,38,417,3420,38.0,48,34,82,43,5,7,105,11.0,1.26,0.89,2.16,1.13,2.03,,653.0,,,,,,,,,2003-2004,La-Liga,,,,,,,,,,,,,,,
Espanyol,31,26.7,,38,414,3420,38.0,47,31,78,41,6,6,120,15.0,1.24,0.82,2.05,1.08,1.89,,738.0,,,,,,,,,2003-2004,La-Liga,,,,,,,,,,,,,,,
La Coruña,25,28.4,,38,418,3420,38.0,55,41,96,53,2,3,85,6.0,1.45,1.08,2.53,1.39,2.47,,634.0,,,,,,,,,2003-2004,La-Liga,,,,,,,,,,,,,,,
Málaga,24,26.5,,38,418,3420,38.0,50,32,82,45,5,6,109,3.0,1.32,0.84,2.16,1.18,2.03,,813.0,,,,,,,,,2003-2004,La-Liga,,,,,,,,,,,,,,,
Mallorca,26,26.7,,38,418,3420,38.0,54,33,87,47,7,9,92,5.0,1.42,0.87,2.29,1.24,2.11,,646.0,,,,,,,,,2003-2004,La-Liga,,,,,,,,,,,,,,,
Osasuna,25,25.9,,38,418,3420,38.0,35,25,60,31,4,5,106,10.0,0.92,0.66,1.58,0.82,1.47,,713.0,,,,,,,,,2003-2004,La-Liga,,,,,,,,,,,,,,,
Racing Sant,23,25.7,,38,418,3420,38.0,46,27,73,41,5,8,117,5.0,1.21,0.71,1.92,1.08,1.79,,805.0,,,,,,,,,2003-2004,La-Liga,,,,,,,,,,,,,,,
Real Madrid,24,26.6,,38,418,3420,38.0,70,49,119,64,6,7,110,6.0,1.84,1.29,3.13,1.68,2.97,,612.0,,,,,,,,,2003-2004,La-Liga,,,,,,,,,,,,,,,
Real Murcia,31,26.7,,38,416,3420,38.0,29,15,44,25,4,4,85,8.0,0.76,0.39,1.16,0.66,1.05,,694.0,,,,,,,,,2003-2004,La-Liga,,,,,,,,,,,,,,,
Real Sociedad,25,28.7,,38,417,3420,38.0,47,28,75,42,5,8,98,3.0,1.24,0.74,1.97,1.11,1.84,,710.0,,,,,,,,,2003-2004,La-Liga,,,,,,,,,,,,,,,
Sevilla,32,26.7,,38,418,3420,38.0,55,31,86,46,9,9,126,8.0,1.45,0.82,2.26,1.21,2.03,,695.0,,,,,,,,,2003-2004,La-Liga,,,,,,,,,,,,,,,
Valencia,23,27.3,,38,418,3420,38.0,69,51,120,65,4,7,96,3.0,1.82,1.34,3.16,1.71,3.05,,744.0,,,,,,,,,2003-2004,La-Liga,,,,,,,,,,,,,,,
Valladolid,26,26.8,,38,416,3420,38.0,46,27,73,41,5,6,114,10.0,1.21,0.71,1.92,1.08,1.79,,746.0,,,,,,,,,2003-2004,La-Liga,,,,,,,,,,,,,,,
Villarreal,23,25.7,,38,412,3420,38.0,45,33,78,41,4,4,118,7.0,1.18,0.87,2.05,1.08,1.95,,628.0,,,,,,,,,2003-2004,La-Liga,,,,,,,,,,,,,,,
Zaragoza,29,25.2,,38,417,3420,38.0,43,31,74,39,4,4,103,7.0,1.13,0.82,1.95,1.03,1.84,,720.0,,,,,,,,,2003-2004,La-Liga,,,,,,,,,,,,,,,
Arsenal,25,25.8,56.9,38,418,3420,38.0,67,55,122,65,2,2,70,6.0,1.76,1.45,3.21,1.71,3.16,3.0,401.0,405.0,80.0,766.0,225.0,348.0,2.0,3.0,0.0,2024-2025,Premier-League,59.9,58.4,45.3,103.6,852.0,1826.0,1.58,1.19,2.77,1.54,2.73,1436.0,471.0,465.0,50.3
Aston Villa,28,27.0,50.5,38,418,3420,38.0,56,45,101,53,3,6,76,4.0,1.47,1.18,2.66,1.39,2.58,2.0,406.0,499.0,55.0,604.0,240.0,372.0,6.0,3.0,0.0,2024-2025,Premier-League,56.1,51.3,41.7,93.0,720.0,1344.0,1.48,1.1,2.57,1.35,2.45,1418.0,378.0,423.0,47.2
Bournemouth,29,25.1,48.5,38,418,3420,38.0,57,41,98,51,6,7,97,3.0,1.5,1.08,2.58,1.34,2.42,0.0,525.0,400.0,70.0,832.0,351.0,399.0,7.0,4.0,0.0,2024-2025,Premier-League,64.0,58.5,43.8,102.3,754.0,1489.0,1.68,1.15,2.84,1.54,2.69,1821.0,573.0,606.0,48.6
Brentford,28,25.8,47.9,38,418,3420,38.0,65,44,109,60,5,6,62,1.0,1.71,1.16,2.87,1.58,2.74,0.0,320.0,339.0,63.0,674.0,285.0,380.0,6.0,1.0,3.0,2024-2025,Premier-League,59.0,54.4,42.4,96.8,598.0,1356.0,1.55,1.12,2.67,1.43,2.55,1644.0,624.0,567.0,52.4
Brighton,32,24.8,52.3,38,418,3420,38.0,64,41,105,57,7,7,78,3.0,1.68,1.08,2.76,1.5,2.58,2.0,438.0,411.0,46.0,704.0,315.0,431.0,6.0,9.0,2.0,2024-2025,Premier-League,58.7,53.3,40.4,93.7,816.0,1539.0,1.54,1.06,2.61,1.4,2.47,1624.0,518.0,463.0,52.8
Chelsea,29,23.7,57.1,38,418,3420,38.0,61,47,108,57,4,5,101,2.0,1.61,1.24,2.84,1.5,2.74,1.0,436.0,444.0,65.0,663.0,272.0,371.0,5.0,6.0,0.0,2024-2025,Premier-League,67.8,63.8,52.7,116.5,861.0,1595.0,1.78,1.39,3.17,1.68,3.07,1577.0,402.0,390.0,50.8
Crystal Palace,29,26.2,42.8,38,418,3420,38.0,49,38,87,46,3,4,80,4.0,1.29,1.0,2.29,1.21,2.21,3.0,417.0,403.0,74.0,605.0,334.0,450.0,4.0,2.0,3.0,2024-2025,Premier-League,60.4,57.3,46.4,103.7,510.0,1158.0,1.59,1.22,2.81,1.51,2.73,1698.0,511.0,636.0,44.6
Everton,26,28.0,40.9,38,418,3420,38.0,39,27,66,37,2,2,82,2.0,1.03,0.71,1.74,0.97,1.68,1.0,430.0,384.0,81.0,682.0,345.0,433.0,1.0,2.0,0.0,2024-2025,Premier-League,41.8,40.2,32.2,72.4,486.0,1041.0,1.1,0.85,1.95,1.06,1.91,1524.0,614.0,564.0,52.1
Fulham,26,28.1,52.3,38,418,3420,38.0,53,44,97,50,3,4,80,2.0,1.39,1.16,2.55,1.32,2.47,0.0,432.0,359.0,43.0,894.0,302.0,411.0,3.0,4.0,2.0,2024-2025,Premier-League,49.0,45.9,37.5,83.4,786.0,1558.0,1.29,0.99,2.28,1.21,2.2,1610.0,533.0,532.0,50.0
Ipswich Town,32,25.8,40.6,38,418,3420,38.0,35,26,61,33,2,2,93,5.0,0.92,0.68,1.61,0.87,1.55,4.0,430.0,404.0,52.0,505.0,303.0,340.0,2.0,6.0,2.0,2024-2025,Premier-League,34.4,32.8,24.2,57.0,513.0,935.0,0.9,0.64,1.54,0.86,1.5,1437.0,552.0,533.0,50.9
Leicester City,32,26.6,45.4,38,418,3420,38.0,33,25,58,31,2,3,87,0.0,0.87,0.66,1.53,0.82,1.47,0.0,420.0,393.0,63.0,621.0,327.0,431.0,3.0,4.0,3.0,2024-2025,Premier-League,32.6,30.4,25.1,55.5,576.0,1082.0,0.86,0.66,1.52,0.8,1.46,1478.0,503.0,579.0,46.5
Liverpool,24,27.2,57.7,38,418,3420,38.0,85,65,150,76,9,9,67,3.0,2.24,1.71,3.95,2.0,3.71,1.0,430.0,359.0,60.0,729.0,299.0,391.0,6.0,2.0,2.0,2024-2025,Premier-League,82.2,75.2,61.6,136.8,826.0,1924.0,2.16,1.62,3.78,1.98,3.6,1621.0,406.0,368.0,52.5
Manchester City,30,26.8,61.3,38,418,3420,38.0,71,51,122,68,3,4,59,2.0,1.87,1.34,3.21,1.79,3.13,1.0,287.0,382.0,45.0,659.0,229.0,299.0,4.0,4.0,2.0,2024-2025,Premier-League,68.1,64.9,54.2,119.1,1146.0,1944.0,1.79,1.43,3.22,1.71,3.13,1437.0,310.0,334.0,48.1
Manchester Utd,31,25.5,53.5,38,418,3420,38.0,42,29,71,38,4,4,86,3.0,1.11,0.76,1.87,1.0,1.76,1.0,403.0,371.0,69.0,630.0,358.0,493.0,4.0,4.0,2.0,2024-2025,Premier-League,52.6,49.4,39.7,89.1,697.0,1448.0,1.38,1.04,2.43,1.3,2.35,1736.0,486.0,488.0,49.9
Newcastle Utd,24,27.4,51.3,38,418,3420,38.0,66,50,116,61,5,6,68,1.0,1.74,1.32,3.05,1.61,2.92,0.0,394.0,450.0,71.0,705.0,270.0,371.0,4.0,2.0,2.0,2024-2025,Premier-League,63.8,59.5,46.0,105.5,759.0,1595.0,1.68,1.21,2.89,1.57,2.78,1632.0,487.0,466.0,51.1
Nott'ham Forest,23,26.1,41.2,38,418,3420,38.0,57,42,99,54,3,3,90,2.0,1.5,1.11,2.61,1.42,2.53,2.0,401.0,419.0,91.0,621.0,322.0,419.0,3.0,3.0,0.0,2024-2025,Premier-League,45.5,43.2,33.0,76.2,633.0,1125.0,1.2,0.87,2.07,1.14,2.0,1588.0,570.0,559.0,50.5
Southampton,36,25.2,48.5,38,418,3420,38.0,25,16,41,25,0,2,89,3.0,0.66,0.42,1.08,0.66,1.08,0.0,459.0,421.0,49.0,548.0,305.0,378.0,2.0,9.0,0.0,2024-2025,Premier-League,32.7,30.9,24.8,55.8,640.0,1127.0,0.86,0.65,1.51,0.81,1.47,1440.0,468.0,421.0,52.6
Tottenham,31,25.0,54.7,38,418,3420,38.0,61,47,108,58,3,4,72,1.0,1.61,1.24,2.84,1.53,2.76,1.0,446.0,483.0,63.0,752.0,322.0,414.0,4.0,3.0,4.0,2024-2025,Premier-League,58.8,55.7,44.4,100.1,840.0,1593.0,1.55,1.17,2.72,1.47,2.63,1659.0,422.0,437.0,49.1
West Ham,27,28.1,48.4,38,418,3420,38.0,43,29,72,40,3,3,82,3.0,1.13,0.76,1.89,1.05,1.82,2.0,443.0,397.0,73.0,613.0,331.0,388.0,2.0,3.0,3.0,2024-2025,Premier-League,47.0,44.7,33.9,78.6,632.0,1222.0,1.24,0.89,2.13,1.18,2.07,1558.0,587.0,560.0,51.2
Wolves,32,26.9,48.1,38,418,3420,38.0,53,42,95,53,0,0,79,2.0,1.39,1.11,2.5,1.39,2.5,2.0,480.0,425.0,62.0,568.0,298.0,471.0,0.0,9.0,3.0,2024-2025,Premier-League,43.7,43.7,35.4,79.1,607.0,1185.0,1.15,0.93,2.08,1.15,2.08,1659.0,451.0,475.0,48.7
Auxerre,24,25.3,,34,370,3060,34.0,36,24,60,33,3,4,68,8.0,1.06,0.71,1.76,0.97,1.68,,,,,,,,,,,1999-2000,Ligue-1,,,,,,,,,,,,,,,
Bastia,26,26.6,,34,374,3060,34.0,43,22,65,42,1,2,78,2.0,1.26,0.65,1.91,1.24,1.88,,,,,,,,,,,1999-2000,Ligue-1,,,,,,,,,,,,,,,
Bordeaux,21,26.3,,34,374,3060,34.0,52,27,79,49,3,4,68,7.0,1.53,0.79,2.32,1.44,2.24,,,,,,,,,,,1999-2000,Ligue-1,,,,,,,,,,,,,,,
Le Havre,28,24.7,,34,373,3060,34.0,29,16,45,29,0,1,63,7.0,0.85,0.47,1.32,0.85,1.32,,,,,,,,,,,1999-2000,Ligue-1,,,,,,,,,,,,,,,
Lens,25,25.3,,34,374,3060,34.0,40,22,62,39,1,3,70,4.0,1.18,0.65,1.82,1.15,1.79,,,,,,,,,,,1999-2000,Ligue-1,,,,,,,,,,,,,,,
Lyon,21,26.6,,34,370,3060,34.0,42,23,65,39,3,4,69,4.0,1.24,0.68,1.91,1.15,1.82,,,,,,,,,,,1999-2000,Ligue-1,,,,,,,,,,,,,,,
Marseille,34,25.1,,34,374,3060,34.0,45,22,67,44,1,1,84,6.0,1.32,0.65,1.97,1.29,1.94,,,,,,,,,,,1999-2000,Ligue-1,,,,,,,,,,,,,,,
Metz,27,27.9,,34,379,3060,34.0,37,15,52,33,4,5,66,5.0,1.09,0.44,1.53,0.97,1.41,,,,,,,,,,,1999-2000,Ligue-1,,,,,,,,,,,,,,,
Monaco,28,24.2,,34,374,3060,34.0,69,41,110,67,2,3,86,3.0,2.03,1.21,3.24,1.97,3.18,,,,,,,,,,,1999-2000,Ligue-1,,,,,,,,,,,,,,,
Montpellier,27,25.8,,34,370,3060,34.0,38,22,60,36,2,4,78,2.0,1.12,0.65,1.76,1.06,1.71,,,,,,,,,,,1999-2000,Ligue-1,,,,,,,,,,,,,,,
Nancy,25,26.2,,34,374,3060,34.0,43,23,66,37,6,8,83,9.0,1.26,0.68,1.94,1.09,1.76,,,,,,,,,,,1999-2000,Ligue-1,,,,,,,,,,,,,,,
Nantes,29,24.2,,34,378,3060,34.0,39,19,58,38,1,1,55,1.0,1.15,0.56,1.71,1.12,1.68,,,,,,,,,,,1999-2000,Ligue-1,,,,,,,,,,,,,,,
Paris S-G,23,26.5,,34,373,3060,34.0,53,28,81,49,4,6,79,3.0,1.56,0.82,2.38,1.44,2.26,,,,,,,,,,,1999-2000,Ligue-1,,,,,,,,,,,,,,,
Rennes,26,24.8,,34,377,3060,34.0,41,21,62,41,0,2,65,4.0,1.21,0.62,1.82,1.21,1.82,,,,,,,,,,,1999-2000,Ligue-1,,,,,,,,,,,,,,,
Saint-Étienne,27,25.6,,34,372,3060,34.0,45,28,73,43,2,2,72,4.0,1.32,0.82,2.15,1.26,2.09,,,,,,,,,,,1999-2000,Ligue-1,,,,,,,,,,,,,,,
Sedan,24,27.7,,34,374,3060,34.0,42,28,70,40,2,2,63,3.0,1.24,0.82,2.06,1.18,2.0,,,,,,,,,,,1999-2000,Ligue-1,,,,,,,,,,,,,,,
Strasbourg,25,24.8,,34,374,3060,34.0,40,19,59,39,1,2,52,6.0,1.18,0.56,1.74,1.15,1.71,,,,,,,,,,,1999-2000,Ligue-1,,,,,,,,,,,,,,,
Troyes,25,27.0,,34,373,3060,34.0,34,20,54,30,4,4,59,3.0,1.0,0.59,1.59,0.88,1.47,,,,,,,,,,,1999-2000,Ligue-1,,,,,,,,,,,,,,,
Atalanta,27,26.5,49.9,38,418,3420,38.0,64,42,106,58,6,8,83,3.0,1.68,1.11,2.79,1.53,2.63,1.0,470.0,385.0,58.0,652.0,421.0,364.0,6.0,3.0,2.0,2022-2023,Serie-A,57.7,51.3,42.7,93.9,687.0,1637.0,1.52,1.12,2.64,1.35,2.47,2234.0,575.0,483.0,54.3
Bologna,27,26.6,54.7,38,418,3420,38.0,52,41,93,46,6,6,84,3.0,1.37,1.08,2.45,1.21,2.29,2.0,477.0,426.0,77.0,558.0,302.0,373.0,5.0,9.0,3.0,2022-2023,Serie-A,43.8,39.4,31.5,70.9,564.0,1366.0,1.15,0.83,1.98,1.04,1.87,2080.0,369.0,447.0,45.2
Cremonese,33,26.0,42.1,38,418,3420,38.0,35,18,53,30,5,7,81,3.0,0.92,0.47,1.39,0.79,1.26,0.0,458.0,407.0,68.0,659.0,393.0,400.0,5.0,5.0,1.0,2022-2023,Serie-A,38.7,33.2,24.3,57.5,521.0,1107.0,1.02,0.64,1.66,0.87,1.51,2059.0,562.0,730.0,43.5
Empoli,32,25.3,47.3,38,418,3420,38.0,35,20,55,33,2,2,88,7.0,0.92,0.53,1.45,0.87,1.39,3.0,441.0,459.0,54.0,611.0,280.0,364.0,2.0,6.0,1.0,2022-2023,Serie-A,38.8,37.2,26.8,64.0,608.0,1114.0,1.02,0.71,1.73,0.98,1.69,1815.0,434.0,519.0,45.5
Fiorentina,30,26.5,56.1,38,418,3420,38.0,51,37,88,47,4,6,93,3.0,1.34,0.97,2.32,1.24,2.21,2.0,488.0,511.0,56.0,880.0,260.0,337.0,3.0,8.0,2.0,2022-2023,Serie-A,55.0,50.8,40.2,91.0,789.0,1627.0,1.45,1.06,2.51,1.34,2.39,2016.0,588.0,517.0,53.2
Hellas Verona,36,26.6,41.2,38,418,3420,38.0,29,22,51,28,1,1,103,3.0,0.76,0.58,1.34,0.74,1.32,0.0,540.0,383.0,74.0,652.0,337.0,357.0,1.0,2.0,3.0,2022-2023,Serie-A,35.8,35.1,28.1,63.2,503.0,1063.0,0.94,0.74,1.68,0.92,1.66,2238.0,810.0,735.0,52.4
Inter,25,28.8,55.7,38,418,3420,38.0,68,50,118,64,4,5,65,3.0,1.79,1.32,3.11,1.68,3.0,2.0,444.0,406.0,68.0,885.0,315.0,325.0,4.0,3.0,3.0,2022-2023,Serie-A,68.0,64.5,51.8,116.3,668.0,1624.0,1.79,1.36,3.15,1.7,3.06,1948.0,500.0,415.0,54.6
Juventus,29,27.7,49.6,38,418,3420,38.0,56,41,97,53,3,6,74,6.0,1.47,1.08,2.55,1.39,2.47,1.0,456.0,409.0,62.0,731.0,307.0,352.0,6.0,5.0,0.0,2022-2023,Serie-A,55.3,50.4,39.8,90.2,673.0,1394.0,1.45,1.05,2.5,1.33,2.37,1951.0,486.0,477.0,50.5
Lazio,24,28.6,52.1,38,418,3420,38.0,59,37,96,53,6,8,87,2.0,1.55,0.97,2.53,1.39,2.37,0.0,400.0,471.0,54.0,483.0,310.0,349.0,6.0,2.0,1.0,2022-2023,Serie-A,51.1,44.9,34.3,79.2,683.0,1381.0,1.35,0.9,2.25,1.18,2.08,1979.0,399.0,381.0,51.2
Lecce,29,24.8,41.3,38,418,3420,38.0,31,21,52,27,4,6,86,2.0,0.82,0.55,1.37,0.71,1.26,1.0,553.0,439.0,68.0,709.0,368.0,427.0,4.0,6.0,3.0,2022-2023,Serie-A,36.3,31.6,25.3,56.9,514.0,1232.0,0.95,0.67,1.62,0.83,1.5,2120.0,567.0,728.0,43.8
Milan,30,26.0,55.6,38,418,3420,38.0,61,49,110,56,5,5,90,2.0,1.61,1.29,2.89,1.47,2.76,2.0,449.0,438.0,61.0,671.0,289.0,422.0,3.0,5.0,1.0,2022-2023,Serie-A,58.8,55.1,46.0,101.1,795.0,1584.0,1.55,1.21,2.76,1.45,2.66,2051.0,561.0,478.0,54.0
Monza,31,26.6,55.2,38,418,3420,38.0,46,31,77,41,5,6,90,4.0,1.21,0.82,2.03,1.08,1.89,1.0,489.0,495.0,69.0,596.0,334.0,355.0,6.0,3.0,1.0,2022-2023,Serie-A,45.9,41.2,33.8,75.0,708.0,1362.0,1.21,0.89,2.1,1.08,1.97,1845.0,448.0,441.0,50.4
Napoli,27,26.4,61.8,38,418,3420,38.0,75,57,132,67,8,10,47,1.0,1.97,1.5,3.47,1.76,3.26,0.0,389.0,468.0,60.0,681.0,287.0,313.0,8.0,2.0,0.0,2022-2023,Serie-A,64.7,56.8,46.8,103.6,907.0,1804.0,1.7,1.23,2.94,1.5,2.73,2027.0,483.0,403.0,54.5
Roma,30,27.4,48.6,38,418,3420,38.0,50,33,83,43,7,10,83,4.0,1.32,0.87,2.18,1.13,2.0,2.0,446.0,505.0,56.0,595.0,368.0,340.0,6.0,3.0,1.0,2022-2023,Serie-A,57.7,50.2,39.1,89.3,684.0,1217.0,1.52,1.03,2.55,1.32,2.35,1981.0,543.0,429.0,55.9
Salernitana,30,27.2,44.9,38,418,3420,38.0,46,34,80,44,2,2,85,4.0,1.21,0.89,2.11,1.16,2.05,1.0,473.0,439.0,67.0,559.0,329.0,337.0,1.0,11.0,0.0,2022-2023,Serie-A,36.7,35.2,26.9,62.0,519.0,1089.0,0.96,0.71,1.67,0.93,1.63,1981.0,528.0,585.0,47.4
Sampdoria,40,27.9,46.1,38,418,3420,38.0,23,18,41,22,1,2,108,3.0,0.61,0.47,1.08,0.58,1.05,2.0,507.0,512.0,55.0,599.0,317.0,351.0,1.0,11.0,2.0,2022-2023,Serie-A,34.1,32.5,24.4,56.9,466.0,1126.0,0.9,0.64,1.54,0.85,1.5,1913.0,617.0,636.0,49.2
Sassuolo,31,26.1,49.2,38,418,3420,38.0,46,30,76,37,9,10,90,6.0,1.21,0.79,2.0,0.97,1.76,3.0,408.0,443.0,43.0,625.0,278.0,281.0,6.0,4.0,2.0,2022-2023,Serie-A,51.6,43.9,36.1,80.0,761.0,1565.0,1.36,0.95,2.31,1.16,2.11,1756.0,375.0,438.0,46.1
Spezia,34,25.7,47.4,38,418,3420,38.0,29,18,47,25,4,4,103,6.0,0.76,0.47,1.24,0.66,1.13,4.0,519.0,379.0,55.0,655.0,301.0,359.0,2.0,7.0,3.0,2022-2023,Serie-A,41.5,38.5,29.3,67.8,553.0,1163.0,1.09,0.77,1.86,1.01,1.78,2033.0,535.0,570.0,48.4
Torino,28,25.2,53.2,38,418,3420,38.0,41,34,75,39,2,2,81,0.0,1.08,0.89,1.97,1.03,1.92,0.0,506.0,382.0,80.0,610.0,292.0,265.0,2.0,6.0,0.0,2022-2023,Serie-A,41.8,40.2,35.0,75.2,684.0,1328.0,1.1,0.92,2.02,1.06,1.98,2010.0,590.0,629.0,48.4
Udinese,30,26.1,48.0,38,418,3420,38.0,46,41,87,45,1,2,88,3.0,1.21,1.08,2.29,1.18,2.26,1.0,478.0,476.0,51.0,564.0,314.0,365.0,1.0,7.0,2.0,2022-2023,Serie-A,46.9,45.4,37.8,83.2,646.0,1354.0,1.24,0.99,2.23,1.2,2.19,1916.0,477.0,406.0,54.0
Atalanta,31,25.7,,38,410,3420,38.0,33,22,55,31,2,3,77,5.0,0.87,0.58,1.45,0.82,1.39,,761.0,,,,,,,,,2004-2005,Serie-A,,,,,,,,,,,,,,,
Bologna,26,29.9,,38,418,3420,38.0,33,23,56,29,4,6,101,5.0,0.87,0.61,1.47,0.76,1.37,,866.0,,,,,,,,,2004-2005,Serie-A,,,,,,,,,,,,,,,
Brescia,29,25.3,,38,418,3420,38.0,37,20,57,30,7,9,98,11.0,0.97,0.53,1.5,0.79,1.32,,836.0,,,,,,,,,2004-2005,Serie-A,,,,,,,,,,,,,,,
Cagliari,26,28.3,,38,423,3420,38.0,51,37,88,47,4,6,89,9.0,1.34,0.97,2.32,1.24,2.21,,817.0,,,,,,,,,2004-2005,Serie-A,,,,,,,,,,,,,,,
Chievo,27,27.8,,38,430,3420,38.0,32,24,56,31,1,4,88,9.0,0.84,0.63,1.47,0.82,1.45,,721.0,,,,,,,,,2004-2005,Serie-A,,,,,,,,,,,,,,,
Fiorentina,27,25.6,,38,420,3420,38.0,41,29,70,39,2,2,77,6.0,1.08,0.76,1.84,1.03,1.79,,734.0,,,,,,,,,2004-2005,Serie-A,,,,,,,,,,,,,,,
Inter,31,28.4,,38,405,3420,38.0,64,45,109,59,5,7,79,3.0,1.68,1.18,2.87,1.55,2.74,,697.0,,,,,,,,,2004-2005,Serie-A,,,,,,,,,,,,,,,
Juventus,25,28.0,,38,418,3420,38.0,66,44,110,60,6,6,67,2.0,1.74,1.16,2.89,1.58,2.74,,937.0,,,,,,,,,2004-2005,Serie-A,,,,,,,,,,,,,,,
Lazio,28,29.2,,38,417,3420,38.0,48,29,77,39,9,10,93,10.0,1.26,0.76,2.03,1.03,1.79,,661.0,,,,,,,,,2004-2005,Serie-A,,,,,,,,,,,,,,,
Lecce,28,24.2,,38,410,3420,38.0,65,42,107,62,3,3,89,6.0,1.71,1.11,2.82,1.63,2.74,,681.0,,,,,,,,,2004-2005,Serie-A,,,,,,,,,,,,,,,
Livorno,27,28.6,,38,415,3420,38.0,49,31,80,43,6,7,94,5.0,1.29,0.82,2.11,1.13,1.95,,753.0,,,,,,,,,2004-2005,Serie-A,,,,,,,,,,,,,,,
Messina,29,26.9,,38,420,3420,38.0,44,31,75,38,6,7,100,6.0,1.16,0.82,1.97,1.0,1.82,,855.0,,,,,,,,,2004-2005,Serie-A,,,,,,,,,,,,,,,
Milan,26,29.5,,38,417,3420,38.0,61,44,105,59,2,4,67,5.0,1.61,1.16,2.76,1.55,2.71,,665.0,,,,,,,,,2004-2005,Serie-A,,,,,,,,,,,,,,,
Palermo,24,26.7,,38,417,3420,38.0,46,29,75,43,3,6,98,6.0,1.21,0.76,1.97,1.13,1.89,,816.0,,,,,,,,,2004-2005,Serie-A,,,,,,,,,,,,,,,
Parma,28,24.4,,38,387,3420,38.0,44,34,78,39,5,8,100,12.0,1.16,0.89,2.05,1.03,1.92,,726.0,,,,,,,,,2004-2005,Serie-A,,,,,,,,,,,,,,,
Reggina,24,27.0,,38,418,3420,38.0,35,22,57,33,2,3,103,5.0,0.92,0.58,1.5,0.87,1.45,,811.0,,,,,,,,,2004-2005,Serie-A,,,,,,,,,,,,,,,
Roma,30,25.2,,38,412,3420,38.0,54,38,92,49,5,8,97,7.0,1.42,1.0,2.42,1.29,2.29,,736.0,,,,,,,,,2004-2005,Serie-A,,,,,,,,,,,,,,,
Sampdoria,24,28.6,,38,413,3420,38.0,42,28,70,36,6,7,86,4.0,1.11,0.74,1.84,0.95,1.68,,683.0,,,,,,,,,2004-2005,Serie-A,,,,,,,,,,,,,,,
Siena,28,28.9,,38,405,3420,38.0,42,29,71,42,0,0,75,6.0,1.11,0.76,1.87,1.11,1.87,,742.0,,,,,,,,,2004-2005,Serie-A,,,,,,,,,,,,,,,
Udinese,24,25.9,,38,418,3420,38.0,53,34,87,49,4,4,77,3.0,1.39,0.89,2.29,1.29,2.18,,779.0,,,,,,,,,2004-2005,Serie-A,,,,,,,,,,,,,,,
Brest,25,27.0,53.6,34,374,3060,34.0,51,33,84,47,4,4,84,5.0,1.5,0.97,2.47,1.38,2.35,2.0,414.0,422.0,34.0,792.0,321.0,427.0,2.0,3.0,0.0,2023-2024,Ligue-1,48.3,45.1,34.4,79.5,590.0,1402.0,1.42,1.01,2.43,1.33,2.34,1910.0,598.0,509.0,54.0
Clermont Foot,31,26.8,48.9,34,374,3060,34.0,26,18,44,20,6,8,60,7.0,0.76,0.53,1.29,0.59,1.12,1.0,396.0,429.0,51.0,551.0,347.0,358.0,7.0,9.0,1.0,2023-2024,Ligue-1,36.0,29.8,23.1,52.8,537.0,1247.0,1.06,0.68,1.74,0.88,1.55,1695.0,393.0,414.0,48.7
Le Havre,27,26.2,44.7,34,374,3060,34.0,33,23,56,27,6,7,67,6.0,0.97,0.68,1.65,0.79,1.47,3.0,433.0,368.0,52.0,544.0,363.0,332.0,7.0,4.0,2.0,2023-2024,Ligue-1,37.3,31.8,25.3,57.1,457.0,1199.0,1.1,0.74,1.84,0.94,1.68,1638.0,485.0,482.0,50.2
Lens,27,26.7,52.9,34,374,3060,34.0,45,29,74,39,6,7,78,4.0,1.32,0.85,2.18,1.15,2.0,1.0,445.0,424.0,75.0,736.0,298.0,339.0,5.0,8.0,1.0,2023-2024,Ligue-1,54.1,48.8,37.2,86.0,609.0,1624.0,1.59,1.09,2.68,1.44,2.53,1775.0,451.0,388.0,53.8
Lille,28,25.1,56.6,34,374,3060,34.0,50,32,82,48,2,3,67,3.0,1.47,0.94,2.41,1.41,2.35,1.0,376.0,489.0,46.0,533.0,292.0,370.0,3.0,5.0,2.0,2023-2024,Ligue-1,48.6,46.2,34.8,81.0,650.0,1468.0,1.43,1.02,2.45,1.36,2.38,1642.0,355.0,346.0,50.6
Lorient,38,24.7,46.3,34,374,3060,34.0,41,27,68,40,1,1,66,1.0,1.21,0.79,2.0,1.18,1.97,0.0,403.0,416.0,56.0,565.0,337.0,326.0,1.0,8.0,1.0,2023-2024,Ligue-1,37.1,36.4,27.1,63.5,632.0,1293.0,1.09,0.8,1.89,1.07,1.87,1684.0,410.0,394.0,51.0
Lyon,35,26.6,51.8,34,374,3060,34.0,48,32,80,44,4,4,57,6.0,1.41,0.94,2.35,1.29,2.24,1.0,425.0,367.0,52.0,560.0,304.0,331.0,4.0,6.0,1.0,2023-2024,Ligue-1,49.8,46.9,36.3,83.2,683.0,1600.0,1.47,1.07,2.53,1.38,2.45,1715.0,396.0,367.0,51.9
Marseille,33,27.3,53.7,34,374,3060,34.0,50,32,82,46,4,4,61,5.0,1.47,0.94,2.41,1.35,2.29,2.0,374.0,426.0,69.0,713.0,332.0,371.0,4.0,3.0,1.0,2023-2024,Ligue-1,54.9,51.8,40.3,92.1,635.0,1613.0,1.61,1.19,2.8,1.52,2.71,1753.0,372.0,365.0,50.5
Metz,30,26.5,35.6,34,374,3060,34.0,35,25,60,31,4,6,54,3.0,1.03,0.74,1.76,0.91,1.65,0.0,419.0,374.0,45.0,563.0,348.0,334.0,5.0,6.0,0.0,2023-2024,Ligue-1,34.2,29.7,23.2,52.9,458.0,910.0,1.01,0.68,1.69,0.87,1.56,1574.0,390.0,534.0,42.2
Monaco,30,25.0,53.6,34,374,3060,34.0,66,45,111,64,2,5,79,8.0,1.94,1.32,3.26,1.88,3.21,4.0,481.0,400.0,73.0,517.0,394.0,412.0,5.0,6.0,2.0,2023-2024,Ligue-1,55.0,50.9,37.7,88.6,614.0,1726.0,1.62,1.11,2.73,1.5,2.61,1949.0,402.0,394.0,50.5
Montpellier,31,26.1,44.6,34,374,3060,34.0,41,26,67,34,7,7,68,4.0,1.21,0.76,1.97,1.0,1.76,0.0,432.0,447.0,55.0,601.0,308.0,379.0,4.0,5.0,3.0,2023-2024,Ligue-1,46.0,40.9,31.1,72.0,553.0,1174.0,1.35,0.91,2.27,1.2,2.12,1784.0,426.0,449.0,48.7
Nantes,35,26.8,44.8,34,374,3060,34.0,30,17,47,26,4,5,67,3.0,0.88,0.5,1.38,0.76,1.26,0.0,448.0,375.0,51.0,627.0,332.0,352.0,5.0,10.0,0.0,2023-2024,Ligue-1,37.6,33.6,25.5,59.1,569.0,1243.0,1.11,0.75,1.85,0.99,1.74,1621.0,387.0,424.0,47.7
Nice,27,25.8,52.4,34,374,3060,34.0,39,23,62,33,6,7,62,4.0,1.15,0.68,1.82,0.97,1.65,0.0,402.0,373.0,52.0,605.0,292.0,308.0,7.0,8.0,1.0,2023-2024,Ligue-1,49.9,44.4,34.6,79.0,661.0,1245.0,1.47,1.02,2.49,1.31,2.32,1707.0,374.0,360.0,51.0
Paris S-G,29,24.7,65.2,34,374,3060,34.0,78,61,139,71,7,9,51,3.0,2.29,1.79,4.09,2.09,3.88,1.0,353.0,362.0,53.0,513.0,268.0,360.0,9.0,5.0,0.0,2023-2024,Ligue-1,68.8,61.6,51.6,113.2,845.0,1915.0,2.02,1.52,3.54,1.81,3.33,1761.0,275.0,267.0,50.7
Reims,29,25.9,50.4,34,374,3060,34.0,40,28,68,37,3,4,70,3.0,1.18,0.82,2.0,1.09,1.91,2.0,444.0,324.0,84.0,618.0,342.0,392.0,4.0,7.0,1.0,2023-2024,Ligue-1,44.5,41.3,33.3,74.6,625.0,1425.0,1.31,0.98,2.29,1.22,2.19,1825.0,395.0,390.0,50.3
Rennes,29,25.2,52.1,34,374,3060,34.0,53,29,82,43,10,11,66,4.0,1.56,0.85,2.41,1.26,2.12,0.0,424.0,438.0,36.0,554.0,328.0,311.0,10.0,3.0,3.0,2023-2024,Ligue-1,53.1,44.5,31.8,76.3,606.0,1639.0,1.56,0.93,2.5,1.31,2.24,1669.0,386.0,424.0,47.7
Strasbourg,30,24.1,44.3,34,374,3060,34.0,36,24,60,33,3,4,59,2.0,1.06,0.71,1.76,0.97,1.68,1.0,462.0,413.0,35.0,554.0,347.0,383.0,4.0,5.0,3.0,2023-2024,Ligue-1,41.9,38.8,31.7,70.5,548.0,1152.0,1.23,0.93,2.17,1.14,2.07,1568.0,374.0,413.0,47.5
Toulouse,26,23.8,48.4,34,374,3060,34.0,42,30,72,36,6,9,77,1.0,1.24,0.88,2.12,1.06,1.94,1.0,501.0,448.0,50.0,526.0,294.0,358.0,9.0,4.0,0.0,2023-2024,Ligue-1,40.3,33.3,26.4,59.7,549.0,1405.0,1.18,0.78,1.96,0.98,1.75,1759.0,472.0,421.0,52.9
Auxerre,25,24.2,,34,373,3060,34.0,30,11,41,25,5,5,63,2.0,0.88,0.32,1.21,0.74,1.06,,,,,,,,,,,2000-2001,Ligue-1,,,,,,,,,,,,,,,
Bastia,26,27.8,,34,374,3060,34.0,42,25,67,40,2,3,54,2.0,1.24,0.74,1.97,1.18,1.91,,,,,,,,,,,2000-2001,Ligue-1,,,,,,,,,,,,,,,
Bordeaux,22,27.1,,34,373,3060,34.0,47,25,72,44,3,5,79,6.0,1.38,0.74,2.12,1.29,2.03,,,,,,,,,,,2000-2001,Ligue-1,,,,,,,,,,,,,,,
Guingamp,23,27.6,,34,375,3060,34.0,39,24,63,33,6,7,75,1.0,1.15,0.71,1.85,0.97,1.68,,,,,,,,,,,2000-2001,Ligue-1,,,,,,,,,,,,,,,
Lens,22,26.9,,34,374,3060,34.0,36,22,58,35,1,2,77,5.0,1.06,0.65,1.71,1.03,1.68,,,,,,,,,,,2000-2001,Ligue-1,,,,,,,,,,,,,,,
Lille,26,25.8,,34,374,3060,34.0,42,27,69,41,1,2,56,3.0,1.24,0.79,2.03,1.21,2.0,,,,,,,,,,,2000-2001,Ligue-1,,,,,,,,,,,,,,,
Lyon,24,26.6,,34,375,3060,34.0,56,37,93,52,4,5,48,7.0,1.65,1.09,2.74,1.53,2.62,,,,,,,,,,,2000-2001,Ligue-1,,,,,,,,,,,,,,,
Marseille,34,25.7,,34,375,3060,34.0,31,17,48,30,1,3,80,3.0,0.91,0.5,1.41,0.88,1.38,,,,,,,,,,,2000-2001,Ligue-1,,,,,,,,,,,,,,,
Metz,31,28.2,,34,374,3060,34.0,36,16,52,34,2,5,68,2.0,1.06,0.47,1.53,1.0,1.47,,,,,,,,,,,2000-2001,Ligue-1,,,,,,,,,,,,,,,
Monaco,29,25.0,,34,371,3060,34.0,53,35,88,53,0,2,81,5.0,1.56,1.03,2.59,1.56,2.59,,,,,,,,,,,2000-2001,Ligue-1,,,,,,,,,,,,,,,
Nantes,26,24.8,,34,374,3060,34.0,57,31,88,53,4,5,43,1.0,1.68,0.91,2.59,1.56,2.47,,,,,,,,,,,2000-2001,Ligue-1,,,,,,,,,,,,,,,
Paris S-G,30,24.7,,34,373,3060,34.0,41,27,68,38,3,3,63,3.0,1.21,0.79,2.0,1.12,1.91,,,,,,,,,,,2000-2001,Ligue-1,,,,,,,,,,,,,,,
Rennes,24,25.8,,34,374,3060,34.0,46,22,68,46,0,0,52,2.0,1.35,0.65,2.0,1.35,2.0,,,,,,,,,,,2000-2001,Ligue-1,,,,,,,,,,,,,,,
Saint-Étienne,30,26.2,,34,374,3060,34.0,42,22,64,41,1,3,59,1.0,1.24,0.65,1.88,1.21,1.85,,,,,,,,,,,2000-2001,Ligue-1,,,,,,,,,,,,,,,
Sedan,23,27.2,,34,377,3060,34.0,47,26,73,43,4,4,72,5.0,1.38,0.76,2.15,1.26,2.03,,,,,,,,,,,2000-2001,Ligue-1,,,,,,,,,,,,,,,
Strasbourg,30,25.6,,34,374,3060,34.0,28,15,43,26,2,4,63,6.0,0.82,0.44,1.26,0.76,1.21,,,,,,,,,,,2000-2001,Ligue-1,,,,,,,,,,,,,,,
Toulouse,31,26.9,,34,372,3060,34.0,34,20,54,31,3,3,78,4.0,1.0,0.59,1.59,0.91,1.5,,,,,,,,,,,2000-2001,Ligue-1,,,,,,,,,,,,,,,
Troyes,24,26.9,,34,374,3060,34.0,42,25,67,39,3,3,83,7.0,1.24,0.74,1.97,1.15,1.88,,,,,,,,,,,2000-2001,Ligue-1,,,,,,,,,,,,,,,
Almería,29,26.4,45.1,38,418,3420,38.0,49,33,82,47,2,3,98,4.0,1.29,0.87,2.16,1.24,2.11,2.0,443.0,401.0,83.0,605.0,322.0,322.0,2.0,6.0,1.0,2022-2023,La-Liga,45.5,43.2,32.5,75.6,569.0,1090.0,1.2,0.85,2.05,1.14,1.99,1890.0,482.0,530.0,47.6
Athletic Club,26,27.4,51.6,38,418,3420,38.0,46,33,79,41,5,7,81,5.0,1.21,0.87,2.08,1.08,1.95,1.0,512.0,421.0,96.0,918.0,310.0,369.0,3.0,3.0,3.0,2022-2023,La-Liga,54.2,48.7,38.9,87.6,864.0,1816.0,1.43,1.02,2.45,1.28,2.31,2194.0,532.0,487.0,52.2
Atlético Madrid,27,28.5,50.6,38,418,3420,38.0,68,51,119,67,1,1,92,8.0,1.79,1.34,3.13,1.76,3.11,3.0,440.0,418.0,79.0,625.0,304.0,408.0,0.0,5.0,0.0,2022-2023,La-Liga,61.9,61.1,48.0,109.1,730.0,1571.0,1.63,1.26,2.89,1.61,2.87,1977.0,445.0,399.0,52.7
Barcelona,29,25.9,64.3,38,418,3420,38.0,69,56,125,69,0,2,84,6.0,1.82,1.47,3.29,1.82,3.29,3.0,433.0,452.0,98.0,744.0,253.0,324.0,0.0,3.0,3.0,2022-2023,La-Liga,75.5,74.0,60.1,134.1,961.0,2182.0,1.99,1.58,3.57,1.95,3.53,1995.0,467.0,359.0,56.5
Betis,30,28.6,50.6,38,418,3420,38.0,43,26,69,35,8,9,83,15.0,1.13,0.68,1.82,0.92,1.61,3.0,414.0,535.0,74.0,514.0,364.0,421.0,4.0,3.0,1.0,2022-2023,La-Liga,51.3,44.3,34.6,78.9,621.0,1272.0,1.35,0.91,2.26,1.17,2.08,1918.0,453.0,502.0,47.4
Cádiz,38,29.1,41.9,38,418,3420,38.0,29,20,49,25,4,5,116,7.0,0.76,0.53,1.29,0.66,1.18,4.0,532.0,482.0,75.0,633.0,270.0,410.0,2.0,10.0,0.0,2022-2023,La-Liga,41.5,37.7,27.7,65.4,475.0,969.0,1.09,0.73,1.82,0.99,1.72,1953.0,606.0,651.0,48.2
Celta Vigo,26,26.7,50.2,38,418,3420,38.0,41,31,72,39,2,3,85,6.0,1.08,0.82,1.89,1.03,1.84,3.0,469.0,493.0,81.0,705.0,368.0,413.0,2.0,8.0,1.0,2022-2023,La-Liga,42.6,40.3,30.8,71.1,704.0,1403.0,1.12,0.81,1.93,1.06,1.87,2031.0,458.0,539.0,45.9
Elche,32,28.3,45.5,38,418,3420,38.0,30,21,51,26,4,5,99,12.0,0.79,0.55,1.34,0.68,1.24,3.0,525.0,394.0,81.0,750.0,323.0,363.0,4.0,10.0,2.0,2022-2023,La-Liga,37.5,33.6,27.1,60.7,561.0,1197.0,0.99,0.71,1.7,0.88,1.6,1924.0,484.0,465.0,51.0
Espanyol,33,27.6,43.1,38,418,3420,38.0,51,31,82,46,5,5,99,10.0,1.34,0.82,2.16,1.21,2.03,4.0,457.0,493.0,62.0,713.0,338.0,379.0,3.0,6.0,2.0,2022-2023,La-Liga,48.3,44.4,35.0,79.4,528.0,1146.0,1.27,0.92,2.19,1.17,2.09,1791.0,647.0,596.0,52.1
Getafe,25,27.4,39.9,38,418,3420,38.0,34,21,55,29,5,8,126,9.0,0.89,0.55,1.45,0.76,1.32,6.0,600.0,437.0,79.0,649.0,320.0,339.0,3.0,8.0,2.0,2022-2023,La-Liga,36.7,30.4,22.5,53.0,365.0,1003.0,0.96,0.59,1.56,0.8,1.39,1871.0,714.0,697.0,50.6
Girona,29,26.0,51.3,38,418,3420,38.0,55,41,96,47,8,9,92,3.0,1.45,1.08,2.53,1.24,2.32,2.0,440.0,507.0,87.0,713.0,266.0,321.0,7.0,8.0,0.0,2022-2023,La-Liga,50.6,43.8,37.5,81.3,725.0,1378.0,1.33,0.99,2.32,1.15,2.14,1836.0,428.0,435.0,49.6
Mallorca,31,27.7,41.1,38,418,3420,38.0,36,27,63,32,4,5,120,5.0,0.95,0.71,1.66,0.84,1.55,0.0,611.0,457.0,77.0,635.0,318.0,344.0,4.0,7.0,0.0,2022-2023,La-Liga,35.2,31.1,26.5,57.7,476.0,948.0,0.93,0.7,1.62,0.82,1.52,1833.0,674.0,629.0,51.7
Osasuna,26,27.5,48.0,38,418,3420,38.0,36,30,66,32,4,5,93,7.0,0.95,0.79,1.74,0.84,1.63,1.0,544.0,410.0,60.0,794.0,315.0,328.0,5.0,4.0,2.0,2022-2023,La-Liga,39.8,35.9,28.4,64.3,545.0,1356.0,1.05,0.75,1.8,0.94,1.69,1930.0,613.0,628.0,49.4
Rayo Vallecano,28,27.9,51.2,38,418,3420,38.0,41,29,70,37,4,8,90,6.0,1.08,0.76,1.84,0.97,1.74,2.0,544.0,490.0,98.0,832.0,309.0,393.0,2.0,5.0,4.0,2022-2023,La-Liga,43.9,37.8,30.0,67.8,703.0,1390.0,1.16,0.79,1.95,0.99,1.78,2085.0,437.0,527.0,45.3
Real Madrid,26,27.4,60.9,38,418,3420,38.0,73,56,129,64,9,12,72,3.0,1.92,1.47,3.39,1.68,3.16,2.0,367.0,530.0,89.0,574.0,296.0,353.0,8.0,5.0,1.0,2022-2023,La-Liga,75.5,66.1,56.8,122.9,1008.0,2017.0,1.99,1.49,3.48,1.74,3.23,1843.0,339.0,231.0,59.5
Real Sociedad,30,25.9,54.6,38,418,3420,38.0,47,36,83,45,2,4,90,2.0,1.24,0.95,2.18,1.18,2.13,0.0,621.0,452.0,91.0,538.0,271.0,395.0,4.0,2.0,2.0,2022-2023,La-Liga,52.9,49.7,39.7,89.4,692.0,1483.0,1.39,1.04,2.44,1.31,2.35,2018.0,664.0,557.0,54.4
Sevilla,35,28.7,52.6,38,418,3420,38.0,47,31,78,43,4,5,121,13.0,1.24,0.82,2.05,1.13,1.95,4.0,474.0,460.0,106.0,827.0,339.0,367.0,4.0,3.0,3.0,2022-2023,La-Liga,46.3,42.4,32.0,74.5,558.0,1513.0,1.22,0.84,2.06,1.12,1.96,1973.0,497.0,475.0,51.1
Valencia,28,24.2,52.0,38,418,3420,38.0,40,23,63,35,5,8,93,8.0,1.05,0.61,1.66,0.92,1.53,3.0,504.0,510.0,80.0,924.0,288.0,428.0,6.0,5.0,2.0,2022-2023,La-Liga,49.3,43.0,32.5,75.5,786.0,1472.0,1.3,0.86,2.15,1.13,1.99,2015.0,492.0,561.0,46.7
Valladolid,36,27.4,48.7,38,418,3420,38.0,32,24,56,29,3,4,94,6.0,0.84,0.63,1.47,0.76,1.39,2.0,460.0,516.0,98.0,683.0,345.0,396.0,4.0,10.0,1.0,2022-2023,La-Liga,38.5,35.4,28.4,63.7,610.0,1244.0,1.01,0.75,1.76,0.93,1.68,1966.0,471.0,617.0,43.3
Villarreal,32,28.4,56.9,38,418,3420,38.0,57,33,90,53,4,7,91,4.0,1.5,0.87,2.37,1.39,2.26,2.0,450.0,482.0,87.0,520.0,262.0,370.0,5.0,4.0,1.0,2022-2023,La-Liga,61.6,56.1,43.2,99.3,846.0,1622.0,1.62,1.14,2.76,1.48,2.61,1819.0,357.0,375.0,48.8
Albacete,36,26.6,,38,418,3420,38.0,33,22,55,31,2,3,100,9.0,0.87,0.58,1.45,0.82,1.39,,641.0,,,,,,,,,2004-2005,La-Liga,,,,,,,,,,,,,,,
Athletic Club,28,25.1,,38,421,3420,38.0,59,39,98,56,3,4,103,4.0,1.55,1.03,2.58,1.47,2.5,,648.0,,,,,,,,,2004-2005,La-Liga,,,,,,,,,,,,,,,
Atlético Madrid,27,25.7,,38,418,3420,38.0,40,24,64,36,4,5,104,7.0,1.05,0.63,1.68,0.95,1.58,,709.0,,,,,,,,,2004-2005,La-Liga,,,,,,,,,,,,,,,
Barcelona,26,25.5,,38,418,3420,38.0,71,47,118,64,7,9,78,2.0,1.87,1.24,3.11,1.68,2.92,,636.0,,,,,,,,,2004-2005,La-Liga,,,,,,,,,,,,,,,
Betis,25,25.9,,38,417,3420,38.0,61,42,103,60,1,1,98,7.0,1.61,1.11,2.71,1.58,2.68,,656.0,,,,,,,,,2004-2005,La-Liga,,,,,,,,,,,,,,,
Espanyol,25,26.1,,38,418,3420,38.0,52,34,86,45,7,8,91,9.0,1.37,0.89,2.26,1.18,2.08,,636.0,,,,,,,,,2004-2005,La-Liga,,,,,,,,,,,,,,,
Getafe,29,27.3,,38,422,3420,38.0,36,25,61,34,2,4,102,4.0,0.95,0.66,1.61,0.89,1.55,,711.0,,,,,,,,,2004-2005,La-Liga,,,,,,,,,,,,,,,
La Coruña,26,28.4,,38,418,3420,38.0,43,30,73,39,4,5,85,3.0,1.13,0.79,1.92,1.03,1.82,,606.0,,,,,,,,,2004-2005,La-Liga,,,,,,,,,,,,,,,
Levante,23,27.5,,38,418,3420,38.0,39,25,64,37,2,3,96,4.0,1.03,0.66,1.68,0.97,1.63,,711.0,,,,,,,,,2004-2005,La-Liga,,,,,,,,,,,,,,,
Málaga,26,26.8,,38,417,3420,38.0,40,27,67,39,1,3,112,9.0,1.05,0.71,1.76,1.03,1.74,,718.0,,,,,,,,,2004-2005,La-Liga,,,,,,,,,,,,,,,
Mallorca,29,25.3,,38,418,3420,38.0,40,27,67,37,3,5,99,6.0,1.05,0.71,1.76,0.97,1.68,,651.0,,,,,,,,,2004-2005,La-Liga,,,,,,,,,,,,,,,
Numancia,30,27.6,,38,410,3420,38.0,29,22,51,26,3,3,102,6.0,0.76,0.58,1.34,0.68,1.26,,626.0,,,,,,,,,2004-2005,La-Liga,,,,,,,,,,,,,,,
Osasuna,25,26.2,,38,418,3420,38.0,44,33,77,42,2,3,125,9.0,1.16,0.87,2.03,1.11,1.97,,732.0,,,,,,,,,2004-2005,La-Liga,,,,,,,,,,,,,,,
Racing Sant,29,25.0,,38,418,3420,38.0,40,25,65,39,1,2,128,7.0,1.05,0.66,1.71,1.03,1.68,,763.0,,,,,,,,,2004-2005,La-Liga,,,,,,,,,,,,,,,
Real Madrid,27,27.9,,38,418,3420,38.0,71,51,122,67,4,5,99,5.0,1.87,1.34,3.21,1.76,3.11,,645.0,,,,,,,,,2004-2005,La-Liga,,,,,,,,,,,,,,,
Real Sociedad,27,25.9,,38,418,3420,38.0,46,30,76,42,4,5,71,4.0,1.21,0.79,2.0,1.11,1.89,,630.0,,,,,,,,,2004-2005,La-Liga,,,,,,,,,,,,,,,
Sevilla,29,26.1,,38,422,3420,38.0,44,27,71,41,3,0,108,6.0,1.16,0.71,1.87,1.08,1.79,,783.0,,,,,,,,,2004-2005,La-Liga,,,,,,,,,,,,,,,
Valencia,28,27.5,,38,418,3420,38.0,53,36,89,50,3,5,101,6.0,1.39,0.95,2.34,1.32,2.26,,693.0,,,,,,,,,2004-2005,La-Liga,,,,,,,,,,,,,,,
Villarreal,25,25.8,,38,418,3420,38.0,68,42,110,59,9,9,81,7.0,1.79,1.11,2.89,1.55,2.66,,564.0,,,,,,,,,2004-2005,La-Liga,,,,,,,,,,,,,,,
Zaragoza,25,25.5,,38,418,3420,38.0,49,32,81,46,3,4,102,5.0,1.29,0.84,2.13,1.21,2.05,,685.0,,,,,,,,,2004-2005,La-Liga,,,,,,,,,,,,,,,
Angers,30,27.4,48.4,38,418,3420,38.0,41,25,66,32,9,9,70,4.0,1.08,0.66,1.74,0.84,1.5,3.0,471.0,461.0,46.0,572.0,423.0,370.0,7.0,5.0,3.0,2021-2022,Ligue-1,46.5,39.5,28.4,67.9,659.0,1349.0,1.22,0.75,1.97,1.04,1.79,2051.0,408.0,509.0,44.5
Bordeaux,39,25.7,47.4,38,418,3420,38.0,50,39,89,48,2,4,91,5.0,1.32,1.03,2.34,1.26,2.29,2.0,460.0,391.0,58.0,611.0,454.0,377.0,2.0,9.0,3.0,2021-2022,Ligue-1,44.9,41.9,33.9,75.8,609.0,1271.0,1.18,0.89,2.07,1.1,2.0,2134.0,488.0,506.0,49.1
Brest,25,25.4,43.9,38,418,3420,38.0,48,32,80,41,7,8,59,2.0,1.26,0.84,2.11,1.08,1.92,0.0,427.0,417.0,47.0,710.0,469.0,400.0,4.0,4.0,2.0,2021-2022,Ligue-1,43.4,37.0,28.7,65.7,666.0,1349.0,1.14,0.76,1.9,0.97,1.73,2006.0,618.0,540.0,53.4
Clermont Foot,28,26.9,50.0,38,418,3420,38.0,36,25,61,34,2,3,65,8.0,0.95,0.66,1.61,0.89,1.55,3.0,387.0,482.0,53.0,713.0,386.0,361.0,2.0,5.0,3.0,2021-2022,Ligue-1,44.4,41.9,32.6,74.4,617.0,1370.0,1.17,0.86,2.03,1.1,1.96,2137.0,432.0,466.0,48.1
Lens,28,26.1,50.7,38,418,3420,38.0,60,39,99,55,5,5,73,7.0,1.58,1.03,2.61,1.45,2.47,1.0,421.0,357.0,58.0,699.0,455.0,359.0,3.0,5.0,0.0,2021-2022,Ligue-1,50.2,46.4,34.9,81.3,763.0,1692.0,1.32,0.92,2.24,1.22,2.14,2051.0,427.0,366.0,53.8
Lille,26,26.1,50.8,38,418,3420,38.0,45,29,74,41,4,5,98,6.0,1.18,0.76,1.95,1.08,1.84,3.0,446.0,441.0,89.0,621.0,377.0,359.0,5.0,6.0,2.0,2021-2022,Ligue-1,50.5,46.6,33.7,80.4,725.0,1487.0,1.33,0.89,2.22,1.23,2.11,2145.0,525.0,492.0,51.6
Lorient,29,26.2,44.4,38,418,3420,38.0,35,20,55,32,3,3,69,4.0,0.92,0.53,1.45,0.84,1.37,3.0,475.0,423.0,55.0,588.0,412.0,412.0,3.0,6.0,3.0,2021-2022,Ligue-1,41.3,39.0,29.7,68.7,569.0,1258.0,1.09,0.78,1.87,1.03,1.81,2044.0,433.0,524.0,45.2
Lyon,30,25.6,58.4,38,418,3420,38.0,64,45,109,56,8,8,65,6.0,1.68,1.18,2.87,1.47,2.66,2.0,436.0,424.0,62.0,571.0,396.0,367.0,6.0,8.0,3.0,2021-2022,Ligue-1,66.9,60.7,48.3,109.0,781.0,1756.0,1.76,1.27,3.03,1.6,2.87,2129.0,470.0,409.0,53.5
Marseille,27,25.0,61.7,38,418,3420,38.0,61,40,101,51,10,10,61,3.0,1.61,1.05,2.66,1.34,2.39,1.0,347.0,459.0,60.0,619.0,327.0,319.0,10.0,4.0,1.0,2021-2022,Ligue-1,58.2,50.5,41.1,91.6,762.0,1866.0,1.53,1.08,2.61,1.33,2.41,1862.0,368.0,323.0,53.3
Metz,36,25.9,42.9,38,418,3420,38.0,33,24,57,32,1,1,94,9.0,0.87,0.63,1.5,0.84,1.47,2.0,514.0,417.0,48.0,581.0,507.0,442.0,1.0,5.0,2.0,2021-2022,Ligue-1,29.2,28.4,21.5,49.9,572.0,1015.0,0.77,0.57,1.33,0.75,1.31,2092.0,527.0,529.0,49.9
Monaco,27,24.4,54.1,38,418,3420,38.0,62,45,107,53,9,9,85,4.0,1.63,1.18,2.82,1.39,2.58,3.0,496.0,408.0,94.0,705.0,424.0,435.0,5.0,9.0,3.0,2021-2022,Ligue-1,59.4,52.3,44.1,96.4,750.0,1871.0,1.56,1.16,2.72,1.38,2.54,2287.0,546.0,498.0,52.3
Montpellier,27,25.8,48.2,38,418,3420,38.0,48,31,79,45,3,4,77,8.0,1.26,0.82,2.08,1.18,2.0,4.0,411.0,465.0,53.0,697.0,356.0,380.0,3.0,6.0,1.0,2021-2022,Ligue-1,42.7,39.6,28.6,68.2,604.0,1282.0,1.12,0.75,1.88,1.04,1.79,2018.0,437.0,560.0,43.8
Nantes,26,26.1,43.9,38,418,3420,38.0,53,37,90,48,5,5,80,4.0,1.39,0.97,2.37,1.26,2.24,2.0,500.0,372.0,55.0,731.0,415.0,405.0,2.0,7.0,1.0,2021-2022,Ligue-1,45.5,41.6,34.7,76.3,607.0,1330.0,1.2,0.91,2.11,1.1,2.01,2057.0,598.0,566.0,51.4
Nice,27,25.0,51.5,38,418,3420,38.0,52,35,87,44,8,10,77,6.0,1.37,0.92,2.29,1.16,2.08,2.0,456.0,371.0,53.0,742.0,441.0,369.0,6.0,5.0,0.0,2021-2022,Ligue-1,55.6,48.0,39.0,86.9,732.0,1474.0,1.46,1.03,2.49,1.26,2.29,2064.0,526.0,471.0,52.8
Paris S-G,36,27.8,63.0,38,418,3420,38.0,88,65,153,81,7,8,79,4.0,2.32,1.71,4.03,2.13,3.84,1.0,357.0,416.0,93.0,459.0,303.0,360.0,6.0,3.0,1.0,2021-2022,Ligue-1,76.7,70.6,55.9,126.6,877.0,2055.0,2.02,1.47,3.49,1.86,3.33,1824.0,262.0,221.0,54.2
Reims,35,24.0,42.2,38,418,3420,38.0,42,27,69,38,4,6,68,7.0,1.11,0.71,1.82,1.0,1.71,4.0,449.0,451.0,76.0,629.0,493.0,365.0,5.0,7.0,0.0,2021-2022,Ligue-1,37.7,32.8,26.0,58.8,614.0,1185.0,0.99,0.68,1.68,0.86,1.55,2074.0,453.0,495.0,47.8
Rennes,28,25.3,55.9,38,418,3420,38.0,81,61,142,77,4,4,56,2.0,2.13,1.61,3.74,2.03,3.63,1.0,434.0,377.0,59.0,698.0,315.0,318.0,4.0,6.0,1.0,2021-2022,Ligue-1,62.8,59.6,47.1,106.7,676.0,1737.0,1.65,1.24,2.89,1.57,2.81,1904.0,547.0,534.0,50.6
Saint-Étienne,39,25.1,48.5,38,418,3420,38.0,41,25,66,36,5,5,81,5.0,1.08,0.66,1.74,0.95,1.61,1.0,464.0,441.0,51.0,697.0,452.0,397.0,4.0,8.0,4.0,2021-2022,Ligue-1,38.3,34.5,26.2,60.7,685.0,1400.0,1.01,0.69,1.7,0.91,1.6,2152.0,463.0,611.0,43.1
Strasbourg,26,27.0,49.5,38,418,3420,38.0,56,40,96,50,6,8,72,3.0,1.47,1.05,2.53,1.32,2.37,1.0,497.0,400.0,61.0,797.0,433.0,392.0,6.0,4.0,1.0,2021-2022,Ligue-1,55.6,49.4,39.6,89.0,573.0,1589.0,1.46,1.04,2.51,1.3,2.34,2092.0,654.0,521.0,55.7
Troyes,35,27.1,44.4,38,418,3420,38.0,35,23,58,29,6,7,75,6.0,0.92,0.61,1.53,0.76,1.37,3.0,442.0,473.0,53.0,708.0,430.0,351.0,7.0,10.0,2.0,2021-2022,Ligue-1,39.2,33.8,27.0,60.8,598.0,1216.0,1.03,0.71,1.74,0.89,1.6,1987.0,417.0,460.0,47.5
Arsenal,28,24.1,,38,418,3420,38.0,65,48,113,60,5,5,63,3.0,1.71,1.26,2.97,1.58,2.84,,449.0,,,,,,,,,2008-2009,Premier-League,,,,,,,,,,,,,,,
Aston Villa,21,27.1,,38,418,3420,38.0,48,35,83,44,4,5,53,2.0,1.26,0.92,2.18,1.16,2.08,,462.0,,,,,,,,,2008-2009,Premier-League,,,,,,,,,,,,,,,
Blackburn,28,28.3,,38,418,3420,38.0,40,28,68,36,4,7,80,4.0,1.05,0.74,1.79,0.95,1.68,,546.0,,,,,,,,,2008-2009,Premier-League,,,,,,,,,,,,,,,
Bolton,24,27.3,,38,418,3420,38.0,40,28,68,40,0,1,61,1.0,1.05,0.74,1.79,1.05,1.79,,527.0,,,,,,,,,2008-2009,Premier-League,,,,,,,,,,,,,,,
Chelsea,29,27.5,,38,418,3420,38.0,65,45,110,63,2,2,48,2.0,1.71,1.18,2.89,1.66,2.84,,438.0,,,,,,,,,2008-2009,Premier-League,,,,,,,,,,,,,,,
Everton,25,26.4,,38,417,3420,38.0,54,38,92,50,4,5,49,1.0,1.42,1.0,2.42,1.32,2.32,,512.0,,,,,,,,,2008-2009,Premier-League,,,,,,,,,,,,,,,
Fulham,26,28.8,,38,418,3420,38.0,39,24,63,34,5,5,42,1.0,1.03,0.63,1.66,0.89,1.53,,446.0,,,,,,,,,2008-2009,Premier-League,,,,,,,,,,,,,,,
Hull City,29,27.7,,38,418,3420,38.0,35,17,52,32,3,3,71,3.0,0.92,0.45,1.37,0.84,1.29,,568.0,,,,,,,,,2008-2009,Premier-League,,,,,,,,,,,,,,,
Liverpool,23,26.5,,38,418,3420,38.0,73,50,123,68,5,6,50,0.0,1.92,1.32,3.24,1.79,3.11,,447.0,,,,,,,,,2008-2009,Premier-League,,,,,,,,,,,,,,,
Manchester City,34,24.5,,38,418,3420,38.0,56,35,91,50,6,7,52,4.0,1.47,0.92,2.39,1.32,2.24,,492.0,,,,,,,,,2008-2009,Premier-League,,,,,,,,,,,,,,,
Manchester Utd,33,27.1,,38,418,3420,38.0,68,51,119,64,4,4,67,5.0,1.79,1.34,3.13,1.68,3.03,,425.0,,,,,,,,,2008-2009,Premier-League,,,,,,,,,,,,,,,
Middlesbrough,28,24.5,,38,418,3420,38.0,26,17,43,25,1,3,57,3.0,0.68,0.45,1.13,0.66,1.11,,450.0,,,,,,,,,2008-2009,Premier-League,,,,,,,,,,,,,,,
Newcastle Utd,29,26.8,,38,417,3420,38.0,39,23,62,35,4,5,62,8.0,1.03,0.61,1.63,0.92,1.53,,438.0,,,,,,,,,2008-2009,Premier-League,,,,,,,,,,,,,,,
Portsmouth,29,28.6,,38,417,3420,38.0,36,25,61,34,2,3,66,5.0,0.95,0.66,1.61,0.89,1.55,,460.0,,,,,,,,,2008-2009,Premier-League,,,,,,,,,,,,,,,
Stoke City,29,28.5,,38,418,3420,38.0,36,23,59,31,5,6,75,5.0,0.95,0.61,1.55,0.82,1.42,,515.0,,,,,,,,,2008-2009,Premier-League,,,,,,,,,,,,,,,
Sunderland,30,26.1,,38,418,3420,38.0,32,19,51,31,1,1,69,1.0,0.84,0.5,1.34,0.82,1.32,,399.0,,,,,,,,,2008-2009,Premier-League,,,,,,,,,,,,,,,
Tottenham,29,24.9,,38,418,3420,38.0,43,30,73,40,3,4,56,5.0,1.13,0.79,1.92,1.05,1.84,,460.0,,,,,,,,,2008-2009,Premier-League,,,,,,,,,,,,,,,
West Brom,30,25.2,,38,418,3420,38.0,34,23,57,31,3,5,65,1.0,0.89,0.61,1.5,0.82,1.42,,466.0,,,,,,,,,2008-2009,Premier-League,,,,,,,,,,,,,,,
West Ham,30,26.6,,38,418,3420,38.0,41,25,66,40,1,3,70,4.0,1.08,0.66,1.74,1.05,1.71,,500.0,,,,,,,,,2008-2009,Premier-League,,,,,,,,,,,,,,,
Wigan Athletic,29,26.5,,38,418,3420,38.0,33,15,48,28,5,5,65,4.0,0.87,0.39,1.26,0.74,1.13,,465.0,,,,,,,,,2008-2009,Premier-League,,,,,,,,,,,,,,,
Ancona,41,28.8,,34,336,3060,34.0,21,14,35,18,3,4,84,6.0,0.62,0.41,1.03,0.53,0.94,,586.0,,,,,,,,,2003-2004,Serie-A,,,,,,,,,,,,,,,
Bologna,24,27.7,,34,364,3060,34.0,43,25,68,40,3,4,85,4.0,1.26,0.74,2.0,1.18,1.91,,725.0,,,,,,,,,2003-2004,Serie-A,,,,,,,,,,,,,,,
Brescia,25,25.9,,34,374,3060,34.0,51,32,83,50,1,4,67,9.0,1.5,0.94,2.44,1.47,2.41,,704.0,,,,,,,,,2003-2004,Serie-A,,,,,,,,,,,,,,,
Chievo,25,27.0,,34,376,3060,34.0,36,22,58,32,4,4,74,6.0,1.06,0.65,1.71,0.94,1.59,,731.0,,,,,,,,,2003-2004,Serie-A,,,,,,,,,,,,,,,
Empoli,25,26.5,,34,375,3060,34.0,26,18,44,26,0,2,62,7.0,0.76,0.53,1.29,0.76,1.29,,687.0,,,,,,,,,2003-2004,Serie-A,,,,,,,,,,,,,,,
Inter,28,27.8,,34,372,3060,34.0,58,32,90,54,4,4,59,6.0,1.71,0.94,2.65,1.59,2.53,,656.0,,,,,,,,,2003-2004,Serie-A,,,,,,,,,,,,,,,
Juventus,25,28.0,,34,374,3060,34.0,66,46,112,61,5,7,51,4.0,1.94,1.35,3.29,1.79,3.15,,631.0,,,,,,,,,2003-2004,Serie-A,,,,,,,,,,,,,,,
Lazio,22,29.5,,34,375,3060,34.0,50,28,78,48,2,4,68,7.0,1.47,0.82,2.29,1.41,2.24,,656.0,,,,,,,,,2003-2004,Serie-A,,,,,,,,,,,,,,,
Lecce,28,24.9,,34,378,3060,34.0,41,26,67,37,4,6,87,4.0,1.21,0.76,1.97,1.09,1.85,,820.0,,,,,,,,,2003-2004,Serie-A,,,,,,,,,,,,,,,
Milan,23,28.8,,34,374,3060,34.0,65,51,116,60,5,6,41,6.0,1.91,1.5,3.41,1.76,3.26,,587.0,,,,,,,,,2003-2004,Serie-A,,,,,,,,,,,,,,,
Modena,27,28.6,,34,372,3060,34.0,27,19,46,24,3,6,80,6.0,0.79,0.56,1.35,0.71,1.26,,721.0,,,,,,,,,2003-2004,Serie-A,,,,,,,,,,,,,,,
Parma,27,24.3,,34,354,3060,34.0,57,34,91,52,5,7,77,7.0,1.68,1.0,2.68,1.53,2.53,,810.0,,,,,,,,,2003-2004,Serie-A,,,,,,,,,,,,,,,
Perugia,35,26.8,,34,368,3060,34.0,42,21,63,36,6,9,83,8.0,1.24,0.62,1.85,1.06,1.68,,782.0,,,,,,,,,2003-2004,Serie-A,,,,,,,,,,,,,,,
Reggina,24,26.6,,34,373,3060,34.0,29,16,45,23,6,7,60,4.0,0.85,0.47,1.32,0.68,1.15,,724.0,,,,,,,,,2003-2004,Serie-A,,,,,,,,,,,,,,,
Roma,25,25.9,,34,372,3060,34.0,67,41,108,60,7,8,63,4.0,1.97,1.21,3.18,1.76,2.97,,754.0,,,,,,,,,2003-2004,Serie-A,,,,,,,,,,,,,,,
Sampdoria,25,27.9,,34,355,3060,34.0,39,27,66,36,3,6,78,3.0,1.15,0.79,1.94,1.06,1.85,,739.0,,,,,,,,,2003-2004,Serie-A,,,,,,,,,,,,,,,
Siena,25,28.1,,34,403,3060,34.0,40,30,70,35,5,6,105,6.0,1.18,0.88,2.06,1.03,1.91,,902.0,,,,,,,,,2003-2004,Serie-A,,,,,,,,,,,,,,,
Udinese,26,26.0,,34,368,3060,34.0,42,32,74,39,3,5,60,6.0,1.24,0.94,2.18,1.15,2.09,,718.0,,,,,,,,,2003-2004,Serie-A,,,,,,,,,,,,,,,
Alavés,30,28.7,42.8,38,418,3420,38.0,35,21,56,30,5,8,96,8.0,0.92,0.55,1.47,0.79,1.34,5.0,513.0,487.0,73.0,645.0,428.0,292.0,5.0,3.0,0.0,2020-2021,La-Liga,42.6,36.4,27.4,63.7,404.0,939.0,1.12,0.72,1.84,0.96,1.68,1737.0,831.0,602.0,58.0
Athletic Club,27,26.6,49.9,38,418,3420,38.0,43,31,74,39,4,5,82,3.0,1.13,0.82,1.95,1.03,1.84,1.0,483.0,477.0,77.0,811.0,344.0,269.0,5.0,6.0,1.0,2020-2021,La-Liga,42.8,38.9,31.0,70.0,685.0,1496.0,1.13,0.82,1.94,1.02,1.84,1836.0,656.0,601.0,52.2
Atlético Madrid,25,27.3,52.3,38,418,3420,38.0,65,54,119,60,5,7,100,0.0,1.71,1.42,3.13,1.58,3.0,0.0,489.0,443.0,96.0,597.0,386.0,367.0,6.0,4.0,3.0,2020-2021,La-Liga,52.8,47.2,40.6,87.8,694.0,1604.0,1.39,1.07,2.46,1.24,2.31,1951.0,530.0,482.0,52.4
Barcelona,25,26.4,65.5,38,418,3420,38.0,80,51,131,76,4,8,72,2.0,2.11,1.34,3.45,2.0,3.34,2.0,357.0,523.0,90.0,494.0,361.0,293.0,6.0,5.0,2.0,2020-2021,La-Liga,73.5,67.1,53.2,120.2,972.0,2157.0,1.94,1.4,3.33,1.77,3.16,1937.0,395.0,317.0,55.5
Betis,25,27.9,53.6,38,418,3420,38.0,50,35,85,42,8,11,93,8.0,1.32,0.92,2.24,1.11,2.03,4.0,521.0,483.0,65.0,586.0,452.0,314.0,9.0,10.0,3.0,2020-2021,La-Liga,49.1,40.6,33.4,74.0,694.0,1442.0,1.29,0.88,2.17,1.07,1.95,1938.0,613.0,628.0,49.4
Cádiz,34,28.8,34.8,38,418,3420,38.0,33,16,49,29,4,4,81,3.0,0.87,0.42,1.29,0.76,1.18,2.0,436.0,483.0,56.0,731.0,437.0,317.0,3.0,10.0,1.0,2020-2021,La-Liga,34.7,31.6,20.4,52.0,455.0,854.0,0.91,0.54,1.45,0.83,1.37,1809.0,687.0,753.0,47.7
Celta Vigo,30,26.6,53.3,38,418,3420,38.0,55,39,94,48,7,7,109,5.0,1.45,1.03,2.47,1.26,2.29,3.0,631.0,492.0,65.0,521.0,405.0,368.0,7.0,8.0,1.0,2020-2021,La-Liga,50.4,44.9,36.7,81.6,514.0,1308.0,1.33,0.97,2.29,1.18,2.15,1988.0,609.0,669.0,47.7
Eibar,30,28.2,49.3,38,418,3420,38.0,29,20,49,25,4,9,71,3.0,0.76,0.53,1.29,0.66,1.18,2.0,494.0,387.0,67.0,1052.0,434.0,309.0,4.0,5.0,0.0,2020-2021,La-Liga,45.2,38.3,29.9,68.2,507.0,1295.0,1.19,0.79,1.98,1.01,1.79,2179.0,908.0,917.0,49.8
Elche,30,28.1,47.5,38,418,3420,38.0,33,25,58,31,2,3,99,3.0,0.87,0.66,1.53,0.82,1.47,2.0,527.0,456.0,51.0,672.0,386.0,335.0,1.0,10.0,1.0,2020-2021,La-Liga,29.9,27.5,21.8,49.4,501.0,929.0,0.79,0.57,1.36,0.72,1.3,1811.0,488.0,539.0,47.5
Getafe,31,26.7,43.3,38,418,3420,38.0,27,14,41,24,3,5,120,7.0,0.71,0.37,1.08,0.63,1.0,2.0,631.0,520.0,74.0,815.0,393.0,352.0,3.0,8.0,3.0,2020-2021,La-Liga,34.4,30.5,23.6,54.1,443.0,1090.0,0.91,0.62,1.53,0.8,1.42,1943.0,840.0,946.0,47.0
Granada,34,27.4,41.4,38,418,3420,38.0,47,30,77,44,3,5,97,6.0,1.24,0.79,2.03,1.16,1.95,1.0,533.0,469.0,82.0,613.0,392.0,279.0,4.0,12.0,1.0,2020-2021,La-Liga,41.1,37.3,26.8,64.0,411.0,975.0,1.08,0.7,1.79,0.98,1.68,1800.0,675.0,851.0,44.2
Huesca,27,28.0,48.3,38,418,3420,38.0,32,23,55,29,3,4,69,2.0,0.84,0.61,1.45,0.76,1.37,1.0,528.0,518.0,101.0,824.0,437.0,322.0,2.0,5.0,2.0,2020-2021,La-Liga,38.7,35.9,26.6,62.5,617.0,1185.0,1.02,0.7,1.72,0.94,1.64,1876.0,580.0,598.0,49.2
Levante,29,28.0,52.2,38,418,3420,38.0,45,35,80,42,3,6,68,1.0,1.18,0.92,2.11,1.11,2.03,0.0,509.0,397.0,69.0,697.0,432.0,283.0,5.0,4.0,2.0,2020-2021,La-Liga,40.4,35.7,29.6,65.3,621.0,1537.0,1.06,0.78,1.84,0.94,1.72,2023.0,455.0,522.0,46.6
Osasuna,28,27.9,43.2,38,418,3420,38.0,36,25,61,31,5,6,80,5.0,0.95,0.66,1.61,0.82,1.47,3.0,535.0,407.0,67.0,700.0,392.0,281.0,3.0,8.0,2.0,2020-2021,La-Liga,38.7,34.7,24.9,59.7,345.0,1220.0,1.02,0.66,1.68,0.91,1.57,2071.0,996.0,806.0,55.3
Real Madrid,30,27.9,59.3,38,418,3420,38.0,64,53,117,61,3,3,59,2.0,1.68,1.39,3.08,1.61,3.0,1.0,407.0,474.0,86.0,771.0,398.0,318.0,2.0,8.0,1.0,2020-2021,La-Liga,61.5,59.2,47.4,106.5,963.0,1920.0,1.62,1.25,2.87,1.56,2.8,1901.0,444.0,381.0,53.8
Real Sociedad,30,25.0,54.9,38,418,3420,38.0,58,39,97,49,9,12,81,1.0,1.53,1.03,2.55,1.29,2.32,0.0,566.0,459.0,86.0,712.0,315.0,322.0,8.0,5.0,1.0,2020-2021,La-Liga,60.7,51.5,39.6,91.1,626.0,1554.0,1.6,1.04,2.64,1.36,2.4,1941.0,663.0,669.0,49.8
Sevilla,26,28.1,60.9,38,418,3420,38.0,52,36,88,46,6,7,79,2.0,1.37,0.95,2.32,1.21,2.16,2.0,491.0,488.0,69.0,731.0,362.0,297.0,4.0,6.0,2.0,2020-2021,La-Liga,54.4,48.9,41.0,90.0,691.0,1627.0,1.43,1.08,2.51,1.29,2.37,1944.0,615.0,534.0,53.5
Valencia,30,25.2,46.9,38,418,3420,38.0,48,35,83,40,8,10,82,5.0,1.26,0.92,2.18,1.05,1.97,3.0,459.0,525.0,90.0,613.0,392.0,277.0,6.0,8.0,2.0,2020-2021,La-Liga,42.6,34.8,27.2,62.1,576.0,1180.0,1.12,0.72,1.84,0.92,1.63,1832.0,602.0,575.0,51.1
Valladolid,32,28.1,45.2,38,418,3420,38.0,34,21,55,27,7,8,93,4.0,0.89,0.55,1.45,0.71,1.26,0.0,510.0,510.0,75.0,744.0,431.0,321.0,8.0,7.0,0.0,2020-2021,La-Liga,40.1,33.8,24.2,58.0,564.0,1101.0,1.05,0.64,1.69,0.89,1.53,1922.0,628.0,818.0,43.4
Villarreal,29,28.0,55.2,38,418,3420,38.0,57,33,90,45,12,13,67,5.0,1.5,0.87,2.37,1.18,2.05,1.0,449.0,465.0,88.0,579.0,371.0,313.0,7.0,9.0,2.0,2020-2021,La-Liga,56.4,46.4,40.5,86.9,737.0,1628.0,1.48,1.06,2.55,1.22,2.29,1878.0,489.0,496.0,49.6
Athletic Club,26,25.7,,38,418,3420,38.0,42,27,69,36,6,7,93,7.0,1.11,0.71,1.82,0.95,1.66,,614.0,,,,,,,,,2006-2007,La-Liga,,,,,,,,,,,,,,,
Atlético Madrid,26,25.4,,38,418,3420,38.0,44,33,77,38,6,10,118,10.0,1.16,0.87,2.03,1.0,1.87,,698.0,,,,,,,,,2006-2007,La-Liga,,,,,,,,,,,,,,,
Barcelona,22,27.3,,38,418,3420,38.0,76,45,121,69,7,8,85,7.0,2.0,1.18,3.18,1.82,3.0,,538.0,,,,,,,,,2006-2007,La-Liga,,,,,,,,,,,,,,,
Betis,29,26.8,,38,417,3420,38.0,36,24,60,31,5,8,101,10.0,0.95,0.63,1.58,0.82,1.45,,587.0,,,,,,,,,2006-2007,La-Liga,,,,,,,,,,,,,,,
Celta Vigo,26,26.9,,38,418,3420,38.0,40,27,67,33,7,8,113,11.0,1.05,0.71,1.76,0.87,1.58,,630.0,,,,,,,,,2006-2007,La-Liga,,,,,,,,,,,,,,,
Espanyol,28,25.3,,38,417,3420,38.0,46,31,77,43,3,3,110,7.0,1.21,0.82,2.03,1.13,1.95,,623.0,,,,,,,,,2006-2007,La-Liga,,,,,,,,,,,,,,,
Getafe,24,28.2,,38,418,3420,38.0,39,29,68,38,1,3,103,5.0,1.03,0.76,1.79,1.0,1.76,,663.0,,,,,,,,,2006-2007,La-Liga,,,,,,,,,,,,,,,
Gimnàstic,29,27.5,,38,419,3420,38.0,33,22,55,29,4,4,93,6.0,0.87,0.58,1.45,0.76,1.34,,674.0,,,,,,,,,2006-2007,La-Liga,,,,,,,,,,,,,,,
La Coruña,27,25.6,,38,418,3420,38.0,31,18,49,28,3,4,121,11.0,0.82,0.47,1.29,0.74,1.21,,622.0,,,,,,,,,2006-2007,La-Liga,,,,,,,,,,,,,,,
Levante,27,29.4,,38,418,3420,38.0,36,26,62,34,2,3,122,13.0,0.95,0.68,1.63,0.89,1.58,,709.0,,,,,,,,,2006-2007,La-Liga,,,,,,,,,,,,,,,
Mallorca,23,26.9,,38,418,3420,38.0,41,24,65,40,1,2,101,5.0,1.08,0.63,1.71,1.05,1.68,,606.0,,,,,,,,,2006-2007,La-Liga,,,,,,,,,,,,,,,
Osasuna,28,25.9,,38,418,3420,38.0,50,33,83,46,4,4,114,5.0,1.32,0.87,2.18,1.21,2.08,,580.0,,,,,,,,,2006-2007,La-Liga,,,,,,,,,,,,,,,
Racing Sant,27,26.2,,38,418,3420,38.0,39,26,65,30,9,11,126,8.0,1.03,0.68,1.71,0.79,1.47,,688.0,,,,,,,,,2006-2007,La-Liga,,,,,,,,,,,,,,,
Real Madrid,25,27.0,,38,418,3420,38.0,66,43,109,64,2,3,127,10.0,1.74,1.13,2.87,1.68,2.82,,747.0,,,,,,,,,2006-2007,La-Liga,,,,,,,,,,,,,,,
Real Sociedad,30,26.5,,38,418,3420,38.0,31,19,50,28,3,5,98,4.0,0.82,0.5,1.32,0.74,1.24,,659.0,,,,,,,,,2006-2007,La-Liga,,,,,,,,,,,,,,,
Recreativo,24,27.1,,38,418,3420,38.0,52,31,83,47,5,8,66,3.0,1.37,0.82,2.18,1.24,2.05,,537.0,,,,,,,,,2006-2007,La-Liga,,,,,,,,,,,,,,,
Sevilla,24,27.0,,38,417,3420,38.0,63,39,102,56,7,11,106,8.0,1.66,1.03,2.68,1.47,2.5,,466.0,,,,,,,,,2006-2007,La-Liga,,,,,,,,,,,,,,,
Valencia,29,26.9,,38,418,3420,38.0,57,38,95,53,4,5,109,8.0,1.5,1.0,2.5,1.39,2.39,,551.0,,,,,,,,,2006-2007,La-Liga,,,,,,,,,,,,,,,
Villarreal,27,27.2,,38,418,3420,38.0,47,32,79,45,2,2,100,4.0,1.24,0.84,2.08,1.18,2.03,,602.0,,,,,,,,,2006-2007,La-Liga,,,,,,,,,,,,,,,
Zaragoza,22,26.5,,38,418,3420,38.0,54,34,88,50,4,5,117,7.0,1.42,0.89,2.32,1.32,2.21,,640.0,,,,,,,,,2006-2007,La-Liga,,,,,,,,,,,,,,,
Arsenal,27,26.2,,38,418,3420,38.0,66,46,112,62,4,7,56,2.0,1.74,1.21,2.95,1.63,2.84,,479.0,,,,,,,,,2005-2006,Premier-League,,,,,,,,,,,,,,,
Aston Villa,27,25.2,,38,416,3420,38.0,41,35,76,40,1,4,62,2.0,1.08,0.92,2.0,1.05,1.97,,522.0,,,,,,,,,2005-2006,Premier-League,,,,,,,,,,,,,,,
Birmingham City,30,28.0,,38,417,3420,38.0,26,19,45,24,2,2,56,7.0,0.68,0.5,1.18,0.63,1.13,,484.0,,,,,,,,,2005-2006,Premier-League,,,,,,,,,,,,,,,
Blackburn,25,28.0,,38,418,3420,38.0,49,29,78,45,4,4,78,6.0,1.29,0.76,2.05,1.18,1.95,,568.0,,,,,,,,,2005-2006,Premier-League,,,,,,,,,,,,,,,
Bolton,24,28.0,,38,419,3420,38.0,47,33,80,45,2,4,68,3.0,1.24,0.87,2.11,1.18,2.05,,506.0,,,,,,,,,2005-2006,Premier-League,,,,,,,,,,,,,,,
Charlton Ath,28,27.9,,38,422,3420,38.0,41,29,70,37,4,4,45,2.0,1.08,0.76,1.84,0.97,1.74,,500.0,,,,,,,,,2005-2006,Premier-League,,,,,,,,,,,,,,,
Chelsea,25,25.9,,38,418,3420,38.0,71,50,121,67,4,4,65,5.0,1.87,1.32,3.18,1.76,3.08,,435.0,,,,,,,,,2005-2006,Premier-League,,,,,,,,,,,,,,,
Everton,28,27.8,,38,422,3420,38.0,32,25,57,31,1,3,68,7.0,0.84,0.66,1.5,0.82,1.47,,538.0,,,,,,,,,2005-2006,Premier-League,,,,,,,,,,,,,,,
Fulham,27,27.9,,38,417,3420,38.0,47,35,82,43,4,4,66,2.0,1.24,0.92,2.16,1.13,2.05,,467.0,,,,,,,,,2005-2006,Premier-League,,,,,,,,,,,,,,,
Liverpool,24,26.3,,38,415,3420,38.0,54,42,96,50,4,5,53,5.0,1.42,1.11,2.53,1.32,2.42,,446.0,,,,,,,,,2005-2006,Premier-League,,,,,,,,,,,,,,,
Manchester City,26,27.3,,38,418,3420,38.0,42,31,73,41,1,2,72,4.0,1.11,0.82,1.92,1.08,1.89,,513.0,,,,,,,,,2005-2006,Premier-League,,,,,,,,,,,,,,,
Manchester Utd,26,26.4,,38,417,3420,38.0,68,50,118,66,2,3,61,2.0,1.79,1.32,3.11,1.74,3.05,,483.0,,,,,,,,,2005-2006,Premier-League,,,,,,,,,,,,,,,
Middlesbrough,37,26.5,,38,413,3420,38.0,48,34,82,43,5,5,56,3.0,1.26,0.89,2.16,1.13,2.03,,490.0,,,,,,,,,2005-2006,Premier-League,,,,,,,,,,,,,,,
Newcastle Utd,26,26.7,,38,414,3420,38.0,45,31,76,40,5,5,68,6.0,1.18,0.82,2.0,1.05,1.87,,593.0,,,,,,,,,2005-2006,Premier-League,,,,,,,,,,,,,,,
Portsmouth,34,26.7,,38,419,3420,38.0,36,22,58,34,2,2,53,1.0,0.95,0.58,1.53,0.89,1.47,,499.0,,,,,,,,,2005-2006,Premier-League,,,,,,,,,,,,,,,
Sunderland,28,25.0,,38,410,3420,38.0,24,15,39,22,2,2,73,4.0,0.63,0.39,1.03,0.58,0.97,,536.0,,,,,,,,,2005-2006,Premier-League,,,,,,,,,,,,,,,
Tottenham,29,24.9,,38,414,3420,38.0,52,38,90,48,4,6,55,5.0,1.37,1.0,2.37,1.26,2.26,,455.0,,,,,,,,,2005-2006,Premier-League,,,,,,,,,,,,,,,
West Brom,29,26.4,,38,418,3420,38.0,31,18,49,30,1,2,47,2.0,0.82,0.47,1.29,0.79,1.26,,466.0,,,,,,,,,2005-2006,Premier-League,,,,,,,,,,,,,,,
West Ham,28,26.0,,38,415,3420,38.0,48,29,77,45,3,5,50,2.0,1.26,0.76,2.03,1.18,1.95,,478.0,,,,,,,,,2005-2006,Premier-League,,,,,,,,,,,,,,,
Wigan Athletic,25,28.3,,38,420,3420,38.0,44,30,74,43,1,1,54,4.0,1.16,0.79,1.95,1.13,1.92,,497.0,,,,,,,,,2005-2006,Premier-League,,,,,,,,,,,,,,,
Ajaccio,30,26.8,,38,418,3420,38.0,26,15,41,25,1,1,71,2.0,0.68,0.39,1.08,0.66,1.05,,,,,,,,,,,2005-2006,Ligue-1,,,,,,,,,,,,,,,
Auxerre,24,26.7,,38,418,3420,38.0,49,32,81,45,4,4,47,2.0,1.29,0.84,2.13,1.18,2.03,,,,,,,,,,,2005-2006,Ligue-1,,,,,,,,,,,,,,,
Bordeaux,25,26.5,,38,418,3420,38.0,43,30,73,40,3,3,81,3.0,1.13,0.79,1.92,1.05,1.84,,,,,,,,,,,2005-2006,Ligue-1,,,,,,,,,,,,,,,
Le Mans,27,24.7,,38,417,3420,38.0,32,22,54,29,3,3,65,3.0,0.84,0.58,1.42,0.76,1.34,,,,,,,,,,,2005-2006,Ligue-1,,,,,,,,,,,,,,,
Lens,22,25.5,,38,418,3420,38.0,48,28,76,45,3,4,66,8.0,1.26,0.74,2.0,1.18,1.92,,,,,,,,,,,2005-2006,Ligue-1,,,,,,,,,,,,,,,
Lille,27,24.4,,38,418,3420,38.0,54,35,89,52,2,3,80,3.0,1.42,0.92,2.34,1.37,2.29,,,,,,,,,,,2005-2006,Ligue-1,,,,,,,,,,,,,,,
Lyon,24,26.6,,38,418,3420,38.0,72,48,120,70,2,2,65,1.0,1.89,1.26,3.16,1.84,3.11,,,,,,,,,,,2005-2006,Ligue-1,,,,,,,,,,,,,,,
Marseille,38,26.6,,38,415,3420,38.0,44,24,68,44,0,2,73,4.0,1.16,0.63,1.79,1.16,1.79,,,,,,,,,,,2005-2006,Ligue-1,,,,,,,,,,,,,,,
Metz,37,24.7,,38,418,3420,38.0,24,15,39,23,1,2,71,6.0,0.63,0.39,1.03,0.61,1.0,,,,,,,,,,,2005-2006,Ligue-1,,,,,,,,,,,,,,,
Monaco,31,26.2,,38,418,3420,38.0,42,28,70,41,1,3,82,8.0,1.11,0.74,1.84,1.08,1.82,,,,,,,,,,,2005-2006,Ligue-1,,,,,,,,,,,,,,,
Nancy,26,25.0,,38,418,3420,38.0,33,22,55,28,5,6,79,7.0,0.87,0.58,1.45,0.74,1.32,,,,,,,,,,,2005-2006,Ligue-1,,,,,,,,,,,,,,,
Nantes,28,24.4,,38,421,3420,38.0,37,25,62,36,1,3,73,4.0,0.97,0.66,1.63,0.95,1.61,,,,,,,,,,,2005-2006,Ligue-1,,,,,,,,,,,,,,,
Nice,24,26.5,,38,418,3420,38.0,35,24,59,33,2,2,79,3.0,0.92,0.63,1.55,0.87,1.5,,,,,,,,,,,2005-2006,Ligue-1,,,,,,,,,,,,,,,
Paris S-G,25,27.5,,38,418,3420,38.0,43,30,73,41,2,2,84,5.0,1.13,0.79,1.92,1.08,1.87,,,,,,,,,,,2005-2006,Ligue-1,,,,,,,,,,,,,,,
Rennes,25,23.8,,38,418,3420,38.0,47,32,79,45,2,2,68,3.0,1.24,0.84,2.08,1.18,2.03,,,,,,,,,,,2005-2006,Ligue-1,,,,,,,,,,,,,,,
Saint-Étienne,25,25.2,,38,418,3420,38.0,28,17,45,28,0,0,55,4.0,0.74,0.45,1.18,0.74,1.18,,,,,,,,,,,2005-2006,Ligue-1,,,,,,,,,,,,,,,
Sochaux,30,25.1,,38,417,3420,38.0,32,21,53,28,4,4,61,4.0,0.84,0.55,1.39,0.74,1.29,,,,,,,,,,,2005-2006,Ligue-1,,,,,,,,,,,,,,,
Strasbourg,31,24.9,,38,418,3420,38.0,30,19,49,25,5,5,62,7.0,0.79,0.5,1.29,0.66,1.16,,,,,,,,,,,2005-2006,Ligue-1,,,,,,,,,,,,,,,
Toulouse,26,25.3,,38,418,3420,38.0,36,17,53,36,0,1,64,2.0,0.95,0.45,1.39,0.95,1.39,,,,,,,,,,,2005-2006,Ligue-1,,,,,,,,,,,,,,,
Troyes,26,27.9,,38,418,3420,38.0,37,21,58,32,5,5,73,4.0,0.97,0.55,1.53,0.84,1.39,,,,,,,,,,,2005-2006,Ligue-1,,,,,,,,,,,,,,,
Alavés,22,27.5,,38,418,3420,38.0,39,22,61,35,4,4,135,8.0,1.03,0.58,1.61,0.92,1.5,,699.0,,,,,,,,,2001-2002,La-Liga,,,,,,,,,,,,,,,
Athletic Club,26,26.6,,38,418,3420,38.0,54,31,85,50,4,5,108,6.0,1.42,0.82,2.24,1.32,2.13,,657.0,,,,,,,,,2001-2002,La-Liga,,,,,,,,,,,,,,,
Barcelona,27,25.7,,38,418,3420,38.0,63,35,98,60,3,4,88,3.0,1.66,0.92,2.58,1.58,2.5,,636.0,,,,,,,,,2001-2002,La-Liga,,,,,,,,,,,,,,,
Betis,28,25.6,,38,417,3420,38.0,40,26,66,33,7,9,110,7.0,1.05,0.68,1.74,0.87,1.55,,701.0,,,,,,,,,2001-2002,La-Liga,,,,,,,,,,,,,,,
Celta Vigo,25,27.6,,38,418,3420,38.0,63,31,94,58,5,8,123,10.0,1.66,0.82,2.47,1.53,2.34,,744.0,,,,,,,,,2001-2002,La-Liga,,,,,,,,,,,,,,,
Espanyol,30,24.0,,38,418,3420,38.0,47,28,75,42,5,7,122,8.0,1.24,0.74,1.97,1.11,1.84,,703.0,,,,,,,,,2001-2002,La-Liga,,,,,,,,,,,,,,,
La Coruña,25,28.1,,38,418,3420,38.0,64,42,106,60,4,6,80,4.0,1.68,1.11,2.79,1.58,2.68,,657.0,,,,,,,,,2001-2002,La-Liga,,,,,,,,,,,,,,,
Las Palmas,25,27.0,,38,418,3420,38.0,40,18,58,29,11,12,118,7.0,1.05,0.47,1.53,0.76,1.24,,580.0,,,,,,,,,2001-2002,La-Liga,,,,,,,,,,,,,,,
Málaga,25,27.2,,38,418,3420,38.0,43,25,68,38,5,5,129,8.0,1.13,0.66,1.79,1.0,1.66,,689.0,,,,,,,,,2001-2002,La-Liga,,,,,,,,,,,,,,,
Mallorca,24,28.3,,38,418,3420,38.0,40,24,64,35,5,6,95,5.0,1.05,0.63,1.68,0.92,1.55,,459.0,,,,,,,,,2001-2002,La-Liga,,,,,,,,,,,,,,,
Osasuna,26,27.4,,38,418,3420,38.0,34,22,56,33,1,2,98,4.0,0.89,0.58,1.47,0.87,1.45,,561.0,,,,,,,,,2001-2002,La-Liga,,,,,,,,,,,,,,,
Rayo Vallecano,28,28.1,,38,412,3420,38.0,41,26,67,35,6,7,103,10.0,1.08,0.68,1.76,0.92,1.61,,609.0,,,,,,,,,2001-2002,La-Liga,,,,,,,,,,,,,,,
Real Madrid,27,26.5,,38,413,3420,38.0,66,39,105,62,4,4,86,2.0,1.74,1.03,2.76,1.63,2.66,,611.0,,,,,,,,,2001-2002,La-Liga,,,,,,,,,,,,,,,
Real Sociedad,28,26.4,,38,418,3420,38.0,48,31,79,45,3,3,89,4.0,1.26,0.82,2.08,1.18,2.0,,626.0,,,,,,,,,2001-2002,La-Liga,,,,,,,,,,,,,,,
Sevilla,26,26.7,,38,425,3420,38.0,51,29,80,43,8,8,126,8.0,1.34,0.76,2.11,1.13,1.89,,647.0,,,,,,,,,2001-2002,La-Liga,,,,,,,,,,,,,,,
Tenerife,30,26.5,,38,418,3420,38.0,32,18,50,29,3,4,126,8.0,0.84,0.47,1.32,0.76,1.24,,721.0,,,,,,,,,2001-2002,La-Liga,,,,,,,,,,,,,,,
Valencia,27,26.8,,38,418,3420,38.0,50,31,81,49,1,2,112,5.0,1.32,0.82,2.13,1.29,2.11,,817.0,,,,,,,,,2001-2002,La-Liga,,,,,,,,,,,,,,,
Valladolid,25,26.5,,38,418,3420,38.0,45,24,69,38,7,9,97,3.0,1.18,0.63,1.82,1.0,1.63,,499.0,,,,,,,,,2001-2002,La-Liga,,,,,,,,,,,,,,,
Villarreal,21,26.9,,38,418,3420,38.0,46,27,73,42,4,4,118,4.0,1.21,0.71,1.92,1.11,1.82,,603.0,,,,,,,,,2001-2002,La-Liga,,,,,,,,,,,,,,,
Zaragoza,27,28.3,,38,416,3420,38.0,35,19,54,32,3,5,98,6.0,0.92,0.5,1.42,0.84,1.34,,613.0,,,,,,,,,2001-2002,La-Liga,,,,,,,,,,,,,,,
Ajaccio,30,27.6,,38,419,3420,38.0,28,18,46,27,1,1,96,6.0,0.74,0.47,1.21,0.71,1.18,,,,,,,,,,,2002-2003,Ligue-1,,,,,,,,,,,,,,,
Auxerre,25,24.6,,38,418,3420,38.0,38,31,69,38,0,0,61,4.0,1.0,0.82,1.82,1.0,1.82,,,,,,,,,,,2002-2003,Ligue-1,,,,,,,,,,,,,,,
Bastia,33,25.8,,38,420,3420,38.0,40,26,66,37,3,4,96,8.0,1.05,0.68,1.74,0.97,1.66,,,,,,,,,,,2002-2003,Ligue-1,,,,,,,,,,,,,,,
Bordeaux,24,25.7,,38,418,3420,38.0,56,34,90,52,4,7,92,9.0,1.47,0.89,2.37,1.37,2.26,,,,,,,,,,,2002-2003,Ligue-1,,,,,,,,,,,,,,,
Guingamp,22,27.5,,38,418,3420,38.0,57,33,90,52,5,5,76,9.0,1.5,0.87,2.37,1.37,2.24,,,,,,,,,,,2002-2003,Ligue-1,,,,,,,,,,,,,,,
Le Havre,25,24.7,,38,418,3420,38.0,27,18,45,24,3,5,81,9.0,0.71,0.47,1.18,0.63,1.11,,,,,,,,,,,2002-2003,Ligue-1,,,,,,,,,,,,,,,
Lens,26,25.8,,38,418,3420,38.0,42,25,67,38,4,5,75,3.0,1.11,0.66,1.76,1.0,1.66,,,,,,,,,,,2002-2003,Ligue-1,,,,,,,,,,,,,,,
Lille,24,25.6,,38,418,3420,38.0,28,18,46,25,3,5,76,6.0,0.74,0.47,1.21,0.66,1.13,,,,,,,,,,,2002-2003,Ligue-1,,,,,,,,,,,,,,,
Lyon,25,27.3,,38,418,3420,38.0,61,40,101,61,0,1,60,3.0,1.61,1.05,2.66,1.61,2.66,,,,,,,,,,,2002-2003,Ligue-1,,,,,,,,,,,,,,,
Marseille,27,25.7,,38,418,3420,38.0,40,26,66,37,3,4,91,7.0,1.05,0.68,1.74,0.97,1.66,,,,,,,,,,,2002-2003,Ligue-1,,,,,,,,,,,,,,,
Monaco,29,24.7,,38,419,3420,38.0,65,48,113,62,3,3,76,6.0,1.71,1.26,2.97,1.63,2.89,,,,,,,,,,,2002-2003,Ligue-1,,,,,,,,,,,,,,,
Montpellier,30,24.4,,38,418,3420,38.0,35,20,55,30,5,3,100,10.0,0.92,0.53,1.45,0.79,1.32,,,,,,,,,,,2002-2003,Ligue-1,,,,,,,,,,,,,,,
Nantes,27,24.7,,38,418,3420,38.0,37,23,60,33,4,5,85,10.0,0.97,0.61,1.58,0.87,1.47,,,,,,,,,,,2002-2003,Ligue-1,,,,,,,,,,,,,,,
Nice,26,26.1,,38,418,3420,38.0,38,19,57,36,2,2,84,4.0,1.0,0.5,1.5,0.95,1.45,,,,,,,,,,,2002-2003,Ligue-1,,,,,,,,,,,,,,,
Paris S-G,28,27.5,,38,418,3420,38.0,46,27,73,42,4,6,98,13.0,1.21,0.71,1.92,1.11,1.82,,,,,,,,,,,2002-2003,Ligue-1,,,,,,,,,,,,,,,
Rennes,30,24.4,,38,418,3420,38.0,32,22,54,27,5,6,86,8.0,0.84,0.58,1.42,0.71,1.29,,,,,,,,,,,2002-2003,Ligue-1,,,,,,,,,,,,,,,
Sedan,29,26.4,,38,418,3420,38.0,40,22,62,37,3,5,82,6.0,1.05,0.58,1.63,0.97,1.55,,,,,,,,,,,2002-2003,Ligue-1,,,,,,,,,,,,,,,
Sochaux,28,25.9,,38,417,3420,38.0,45,31,76,42,3,4,77,1.0,1.18,0.82,2.0,1.11,1.92,,,,,,,,,,,2002-2003,Ligue-1,,,,,,,,,,,,,,,
Strasbourg,32,26.3,,38,418,3420,38.0,37,25,62,32,5,7,83,2.0,0.97,0.66,1.63,0.84,1.5,,,,,,,,,,,2002-2003,Ligue-1,,,,,,,,,,,,,,,
Troyes,33,27.6,,38,418,3420,38.0,23,14,37,21,2,3,78,4.0,0.61,0.37,0.97,0.55,0.92,,,,,,,,,,,2002-2003,Ligue-1,,,,,,,,,,,,,,,
Angers,30,27.5,41.2,34,374,3060,34.0,31,17,48,26,5,6,49,2.0,0.91,0.5,1.41,0.76,1.26,0.0,380.0,398.0,69.0,575.0,336.0,392.0,6.0,5.0,0.0,2024-2025,Ligue-1,36.0,31.3,23.5,54.7,502.0,953.0,1.06,0.69,1.75,0.92,1.61,1414.0,334.0,428.0,43.8
Auxerre,29,25.9,42.5,34,374,3060,34.0,47,35,82,43,4,5,68,4.0,1.38,1.03,2.41,1.26,2.29,1.0,404.0,362.0,48.0,542.0,350.0,403.0,4.0,8.0,3.0,2024-2025,Ligue-1,41.0,37.3,32.0,69.3,484.0,1084.0,1.21,0.94,2.15,1.1,2.04,1492.0,412.0,422.0,49.4
Brest,30,28.2,48.4,34,374,3060,34.0,52,32,84,45,7,9,69,3.0,1.53,0.94,2.47,1.32,2.26,1.0,430.0,413.0,42.0,641.0,316.0,426.0,5.0,10.0,2.0,2024-2025,Ligue-1,45.4,38.3,29.4,67.8,470.0,1096.0,1.33,0.87,2.2,1.13,1.99,1471.0,534.0,508.0,51.2
Le Havre,31,26.9,43.1,34,374,3060,34.0,37,21,58,28,9,10,56,4.0,1.09,0.62,1.71,0.82,1.44,1.0,379.0,403.0,50.0,695.0,324.0,387.0,6.0,6.0,1.0,2024-2025,Ligue-1,41.3,33.3,24.3,57.5,538.0,1051.0,1.21,0.71,1.93,0.98,1.69,1399.0,451.0,436.0,50.8
Lens,33,27.1,54.1,34,374,3060,34.0,40,26,66,35,5,5,86,8.0,1.18,0.76,1.94,1.03,1.79,3.0,499.0,360.0,84.0,706.0,321.0,365.0,2.0,9.0,0.0,2024-2025,Ligue-1,51.8,48.3,36.2,84.4,570.0,1451.0,1.52,1.06,2.59,1.42,2.48,1576.0,450.0,414.0,52.1
Lille,27,26.1,57.6,34,374,3060,34.0,52,29,81,45,7,10,77,2.0,1.53,0.85,2.38,1.32,2.18,1.0,410.0,376.0,48.0,535.0,271.0,356.0,8.0,4.0,1.0,2024-2025,Ligue-1,54.7,47.5,35.1,82.6,669.0,1616.0,1.61,1.03,2.64,1.4,2.43,1535.0,392.0,350.0,52.8
Lyon,31,27.4,56.4,34,374,3060,34.0,62,46,108,54,8,10,60,0.0,1.82,1.35,3.18,1.59,2.94,0.0,407.0,357.0,71.0,598.0,282.0,340.0,6.0,3.0,0.0,2024-2025,Ligue-1,60.3,52.5,44.4,96.9,709.0,1615.0,1.77,1.31,3.08,1.54,2.85,1422.0,305.0,332.0,47.9
Marseille,32,26.7,63.3,34,374,3060,34.0,70,49,119,62,8,10,64,6.0,2.06,1.44,3.5,1.82,3.26,4.0,394.0,371.0,53.0,609.0,280.0,358.0,5.0,6.0,2.0,2024-2025,Ligue-1,63.8,55.8,44.6,100.5,664.0,1714.0,1.88,1.31,3.19,1.64,2.96,1485.0,312.0,249.0,55.6
Monaco,28,24.4,55.0,34,374,3060,34.0,63,49,112,57,6,7,60,4.0,1.85,1.44,3.29,1.68,3.12,2.0,462.0,444.0,69.0,563.0,357.0,429.0,3.0,3.0,0.0,2024-2025,Ligue-1,72.8,67.7,55.3,123.0,670.0,1638.0,2.14,1.63,3.77,1.99,3.62,1763.0,426.0,421.0,50.3
Montpellier,35,26.1,45.3,34,374,3060,34.0,23,13,36,20,3,4,87,7.0,0.68,0.38,1.06,0.59,0.97,2.0,427.0,438.0,65.0,646.0,273.0,389.0,3.0,9.0,3.0,2024-2025,Ligue-1,33.5,30.4,23.0,53.4,529.0,1039.0,0.98,0.68,1.66,0.89,1.57,1349.0,374.0,442.0,45.8
Nantes,30,26.7,40.4,34,374,3060,34.0,39,27,66,34,5,5,71,4.0,1.15,0.79,1.94,1.0,1.79,0.0,413.0,389.0,31.0,611.0,283.0,376.0,3.0,8.0,3.0,2024-2025,Ligue-1,39.1,35.3,27.8,63.1,502.0,1053.0,1.15,0.82,1.97,1.04,1.86,1289.0,426.0,439.0,49.2
Nice,31,26.4,47.5,34,374,3060,34.0,62,43,105,56,6,6,59,5.0,1.82,1.26,3.09,1.65,2.91,2.0,391.0,417.0,56.0,599.0,365.0,399.0,5.0,3.0,1.0,2024-2025,Ligue-1,61.6,56.9,42.9,99.8,701.0,1320.0,1.81,1.26,3.07,1.67,2.93,1608.0,427.0,402.0,51.5
Paris S-G,28,23.6,68.0,34,374,3060,34.0,89,69,158,83,6,7,37,0.0,2.62,2.03,4.65,2.44,4.47,0.0,307.0,336.0,54.0,562.0,265.0,386.0,6.0,3.0,1.0,2024-2025,Ligue-1,88.9,83.3,70.8,154.1,936.0,2123.0,2.61,2.08,4.7,2.45,4.53,1654.0,262.0,214.0,55.0
Reims,34,24.5,44.1,34,374,3060,34.0,32,19,51,31,1,2,66,6.0,0.94,0.56,1.5,0.91,1.47,2.0,392.0,372.0,59.0,611.0,289.0,359.0,1.0,5.0,0.0,2024-2025,Ligue-1,37.4,35.9,26.5,62.3,586.0,1156.0,1.1,0.78,1.88,1.06,1.83,1407.0,378.0,430.0,46.8
Rennes,35,25.1,50.9,34,374,3060,34.0,51,32,83,46,5,8,67,2.0,1.5,0.94,2.44,1.35,2.29,0.0,445.0,382.0,48.0,580.0,337.0,363.0,4.0,6.0,2.0,2024-2025,Ligue-1,48.6,42.7,29.6,72.4,663.0,1440.0,1.43,0.87,2.3,1.26,2.13,1458.0,443.0,393.0,53.0
Saint-Étienne,32,25.9,47.1,34,374,3060,34.0,39,28,67,36,3,4,65,3.0,1.15,0.82,1.97,1.06,1.88,1.0,449.0,361.0,46.0,402.0,328.0,382.0,4.0,15.0,2.0,2024-2025,Ligue-1,36.4,33.2,24.6,57.8,529.0,1262.0,1.07,0.72,1.79,0.98,1.7,1428.0,342.0,386.0,47.0
Strasbourg,30,21.4,50.1,34,374,3060,34.0,54,43,97,52,2,2,71,3.0,1.59,1.26,2.85,1.53,2.79,1.0,393.0,417.0,48.0,496.0,282.0,335.0,2.0,9.0,2.0,2024-2025,Ligue-1,49.3,47.7,38.5,86.2,563.0,1204.0,1.45,1.13,2.58,1.4,2.53,1436.0,339.0,324.0,51.1
Toulouse,27,25.2,45.0,34,374,3060,34.0,42,34,76,39,3,4,54,3.0,1.24,1.0,2.24,1.15,2.15,0.0,441.0,415.0,46.0,580.0,281.0,364.0,4.0,2.0,3.0,2024-2025,Ligue-1,49.1,46.0,34.7,80.6,543.0,1219.0,1.45,1.02,2.46,1.35,2.37,1531.0,426.0,443.0,49.0
Alavés,33,27.9,42.0,38,418,3420,38.0,29,20,49,23,6,7,93,4.0,0.76,0.53,1.29,0.61,1.13,3.0,529.0,455.0,72.0,758.0,376.0,324.0,6.0,9.0,0.0,2021-2022,La-Liga,37.3,31.8,25.5,57.3,420.0,984.0,0.98,0.67,1.65,0.84,1.51,1910.0,869.0,674.0,56.3
Athletic Club,26,26.9,48.1,38,418,3420,38.0,40,34,74,37,3,7,90,4.0,1.05,0.89,1.95,0.97,1.87,3.0,487.0,483.0,89.0,798.0,339.0,292.0,5.0,3.0,1.0,2021-2022,La-Liga,49.6,44.0,37.5,81.6,653.0,1572.0,1.31,0.99,2.29,1.16,2.15,2098.0,585.0,572.0,50.6
Atlético Madrid,26,28.1,50.6,38,418,3420,38.0,63,45,108,59,4,5,111,7.0,1.66,1.18,2.84,1.55,2.74,3.0,473.0,503.0,85.0,703.0,365.0,346.0,4.0,8.0,3.0,2021-2022,La-Liga,54.4,50.6,40.2,90.8,705.0,1463.0,1.43,1.06,2.49,1.33,2.39,2002.0,559.0,539.0,50.9
Barcelona,38,26.2,64.2,38,418,3420,38.0,68,52,120,62,6,7,97,5.0,1.79,1.37,3.16,1.63,3.0,3.0,499.0,489.0,99.0,798.0,325.0,331.0,6.0,3.0,0.0,2021-2022,La-Liga,63.4,57.9,47.6,105.5,961.0,2079.0,1.67,1.25,2.92,1.52,2.78,2066.0,454.0,410.0,52.5
Betis,31,28.9,53.7,38,418,3420,38.0,60,45,105,54,6,6,87,6.0,1.58,1.18,2.76,1.42,2.61,1.0,485.0,470.0,71.0,547.0,361.0,392.0,4.0,3.0,2.0,2021-2022,La-Liga,53.5,48.8,37.7,86.5,666.0,1518.0,1.41,0.99,2.4,1.29,2.28,1908.0,505.0,511.0,49.7
Cádiz,33,28.5,41.3,38,418,3420,38.0,35,21,56,32,3,6,105,3.0,0.92,0.55,1.47,0.84,1.39,3.0,488.0,449.0,69.0,865.0,413.0,380.0,5.0,13.0,0.0,2021-2022,La-Liga,39.5,34.8,24.6,59.4,571.0,1080.0,1.04,0.65,1.69,0.91,1.56,2077.0,601.0,693.0,46.4
Celta Vigo,25,28.4,55.2,38,418,3420,38.0,43,29,72,40,3,6,87,3.0,1.13,0.76,1.89,1.05,1.82,1.0,507.0,463.0,83.0,768.0,376.0,409.0,3.0,8.0,2.0,2021-2022,La-Liga,43.1,38.3,28.8,67.2,665.0,1447.0,1.13,0.76,1.89,1.01,1.77,2144.0,603.0,696.0,46.4
Elche,28,29.1,48.4,38,418,3420,38.0,39,29,68,38,1,1,104,6.0,1.03,0.76,1.79,1.0,1.76,1.0,518.0,471.0,74.0,720.0,305.0,325.0,1.0,10.0,0.0,2021-2022,La-Liga,33.7,32.9,27.6,60.5,531.0,1102.0,0.89,0.73,1.61,0.86,1.59,1982.0,527.0,515.0,50.6
Espanyol,34,27.7,46.9,38,418,3420,38.0,39,25,64,34,5,5,99,7.0,1.03,0.66,1.68,0.89,1.55,3.0,440.0,516.0,70.0,627.0,326.0,338.0,3.0,5.0,2.0,2021-2022,La-Liga,36.7,32.9,25.8,58.7,610.0,1212.0,0.97,0.68,1.65,0.87,1.55,1736.0,447.0,574.0,43.8
Getafe,31,26.6,41.5,38,418,3420,38.0,31,26,57,28,3,5,121,8.0,0.82,0.68,1.5,0.74,1.42,1.0,559.0,481.0,53.0,621.0,401.0,360.0,1.0,4.0,1.0,2021-2022,La-Liga,29.3,25.3,19.4,44.7,399.0,917.0,0.77,0.51,1.28,0.67,1.18,1924.0,721.0,717.0,50.1
Granada,32,28.1,44.7,38,418,3420,38.0,43,28,71,40,3,5,105,4.0,1.13,0.74,1.87,1.05,1.79,1.0,477.0,466.0,62.0,691.0,326.0,343.0,2.0,9.0,2.0,2021-2022,La-Liga,39.0,35.1,26.7,61.8,435.0,1047.0,1.03,0.7,1.73,0.92,1.63,1867.0,602.0,743.0,44.8
Levante,31,28.0,47.2,38,418,3420,38.0,51,34,85,43,8,13,109,6.0,1.34,0.89,2.24,1.13,2.03,2.0,550.0,403.0,77.0,624.0,377.0,305.0,6.0,6.0,0.0,2021-2022,La-Liga,55.1,45.1,31.7,76.9,569.0,1343.0,1.45,0.84,2.28,1.19,2.02,2054.0,441.0,492.0,47.3
Mallorca,33,27.9,45.3,38,418,3420,38.0,33,23,56,27,6,7,114,7.0,0.87,0.61,1.47,0.71,1.32,4.0,554.0,535.0,67.0,597.0,344.0,332.0,6.0,8.0,4.0,2021-2022,La-Liga,38.8,33.3,25.7,59.0,575.0,1129.0,1.02,0.68,1.7,0.88,1.55,2007.0,651.0,703.0,48.1
Osasuna,29,27.7,46.9,38,418,3420,38.0,37,23,60,31,6,8,84,2.0,0.97,0.61,1.58,0.82,1.42,1.0,498.0,391.0,66.0,864.0,368.0,331.0,3.0,7.0,2.0,2021-2022,La-Liga,36.7,30.7,22.9,53.6,417.0,1328.0,0.96,0.6,1.57,0.81,1.41,2118.0,808.0,743.0,52.1
Rayo Vallecano,28,27.5,49.9,38,418,3420,38.0,38,28,66,34,4,4,101,3.0,1.0,0.74,1.74,0.89,1.63,1.0,537.0,511.0,83.0,862.0,365.0,359.0,4.0,9.0,1.0,2021-2022,La-Liga,42.8,39.7,30.7,70.3,697.0,1312.0,1.13,0.81,1.93,1.04,1.85,2110.0,652.0,655.0,49.9
Real Madrid,31,27.7,59.9,38,418,3420,38.0,80,59,139,72,8,12,76,0.0,2.11,1.55,3.66,1.89,3.45,0.0,394.0,474.0,106.0,611.0,334.0,345.0,10.0,5.0,0.0,2021-2022,La-Liga,71.7,62.2,50.7,112.9,1029.0,2078.0,1.89,1.33,3.22,1.64,2.97,1941.0,397.0,319.0,55.4
Real Sociedad,32,25.7,54.3,38,418,3420,38.0,40,22,62,31,9,10,77,4.0,1.05,0.58,1.63,0.82,1.39,1.0,491.0,465.0,76.0,638.0,348.0,339.0,8.0,6.0,0.0,2021-2022,La-Liga,51.5,43.8,32.9,76.7,667.0,1462.0,1.36,0.87,2.22,1.15,2.02,2012.0,678.0,597.0,53.2
Sevilla,33,28.6,59.4,38,418,3420,38.0,51,40,91,49,2,3,97,4.0,1.34,1.05,2.39,1.29,2.34,2.0,462.0,462.0,80.0,787.0,270.0,302.0,3.0,4.0,0.0,2021-2022,La-Liga,42.4,40.0,32.5,72.5,625.0,1596.0,1.12,0.86,1.97,1.05,1.91,2064.0,595.0,561.0,51.5
Valencia,34,24.8,43.6,38,418,3420,38.0,45,30,75,37,8,9,134,8.0,1.18,0.79,1.97,0.97,1.76,6.0,641.0,586.0,52.0,765.0,339.0,364.0,8.0,8.0,3.0,2021-2022,La-Liga,39.0,32.2,25.4,57.6,554.0,1202.0,1.03,0.67,1.69,0.85,1.52,2079.0,564.0,599.0,48.5
Villarreal,29,28.0,56.8,38,418,3420,38.0,62,51,113,57,5,6,81,1.0,1.63,1.34,2.97,1.5,2.84,1.0,472.0,459.0,91.0,574.0,329.0,312.0,3.0,5.0,1.0,2021-2022,La-Liga,64.2,60.0,50.9,110.9,790.0,1698.0,1.69,1.34,3.03,1.58,2.92,1946.0,491.0,437.0,52.9
Arsenal,27,24.4,52.8,38,418,3420,38.0,60,41,101,55,5,8,67,4.0,1.58,1.08,2.66,1.45,2.53,3.0,365.0,357.0,66.0,633.0,296.0,311.0,6.0,6.0,1.0,2021-2022,Premier-League,60.5,55.1,40.2,95.4,734.0,1655.0,1.59,1.06,2.65,1.45,2.51,1861.0,463.0,572.0,44.7
Aston Villa,31,26.1,46.5,38,418,3420,38.0,50,42,92,47,3,3,81,2.0,1.32,1.11,2.42,1.24,2.34,1.0,401.0,504.0,52.0,670.0,339.0,382.0,2.0,6.0,2.0,2021-2022,Premier-League,44.0,42.0,34.8,76.8,653.0,1300.0,1.16,0.92,2.08,1.1,2.02,1850.0,538.0,561.0,49.0
Brentford,29,25.4,44.8,38,418,3420,38.0,46,33,79,40,6,6,65,3.0,1.21,0.87,2.08,1.05,1.92,2.0,371.0,363.0,66.0,640.0,393.0,342.0,6.0,5.0,2.0,2021-2022,Premier-League,45.8,41.1,33.0,74.1,450.0,1189.0,1.21,0.87,2.07,1.08,1.95,2061.0,717.0,728.0,49.6
Brighton,26,26.2,54.4,38,418,3420,38.0,40,30,70,36,4,7,72,2.0,1.05,0.79,1.84,0.95,1.74,0.0,393.0,355.0,53.0,728.0,358.0,403.0,4.0,4.0,0.0,2021-2022,Premier-League,46.2,40.7,32.3,72.9,676.0,1547.0,1.21,0.85,2.06,1.07,1.92,2154.0,569.0,498.0,53.3
Burnley,23,28.5,40.2,38,418,3420,38.0,32,26,58,31,1,2,68,2.0,0.84,0.68,1.53,0.82,1.5,0.0,394.0,332.0,101.0,747.0,410.0,324.0,2.0,5.0,2.0,2021-2022,Premier-League,39.7,38.1,31.2,69.3,388.0,972.0,1.05,0.82,1.87,1.0,1.82,2027.0,827.0,733.0,53.0
Chelsea,26,27.4,61.8,38,418,3420,38.0,75,52,127,67,8,9,63,1.0,1.97,1.37,3.34,1.76,3.13,0.0,409.0,392.0,69.0,745.0,347.0,348.0,8.0,6.0,1.0,2021-2022,Premier-League,63.4,56.6,44.9,101.5,894.0,1967.0,1.67,1.18,2.85,1.49,2.67,2084.0,538.0,486.0,52.5
Crystal Palace,24,27.1,51.1,38,418,3420,38.0,50,31,81,44,6,8,69,1.0,1.32,0.82,2.13,1.16,1.97,1.0,414.0,481.0,63.0,643.0,333.0,374.0,6.0,4.0,2.0,2021-2022,Premier-League,46.4,40.1,31.0,71.1,592.0,1229.0,1.22,0.82,2.04,1.06,1.87,2103.0,610.0,618.0,49.7
Everton,33,26.7,40.0,38,418,3420,38.0,42,29,71,36,6,7,82,6.0,1.11,0.76,1.87,0.95,1.71,2.0,368.0,388.0,53.0,653.0,365.0,402.0,7.0,2.0,5.0,2021-2022,Premier-League,41.2,35.8,28.5,64.3,512.0,1100.0,1.09,0.75,1.83,0.94,1.69,2023.0,634.0,725.0,46.7
Leeds United,29,26.1,52.3,38,418,3420,38.0,42,26,68,37,5,5,101,3.0,1.11,0.68,1.79,0.97,1.66,0.0,469.0,368.0,63.0,648.0,395.0,437.0,4.0,5.0,1.0,2021-2022,Premier-League,44.4,40.4,31.3,71.8,671.0,1483.0,1.17,0.82,1.99,1.06,1.89,2260.0,470.0,626.0,42.9
Leicester City,28,26.5,52.0,38,418,3420,38.0,62,46,108,60,2,2,55,1.0,1.63,1.21,2.84,1.58,2.79,0.0,356.0,396.0,60.0,556.0,367.0,384.0,1.0,9.0,1.0,2021-2022,Premier-League,47.8,46.2,34.2,80.4,622.0,1356.0,1.26,0.9,2.16,1.22,2.12,2015.0,530.0,553.0,48.9
Liverpool,27,27.7,62.7,38,418,3420,38.0,94,71,165,87,7,8,50,1.0,2.47,1.87,4.34,2.29,4.16,0.0,363.0,286.0,63.0,897.0,340.0,320.0,5.0,0.0,1.0,2021-2022,Premier-League,88.7,82.7,63.5,146.2,885.0,2243.0,2.33,1.67,4.0,2.18,3.85,2265.0,571.0,467.0,55.0
Manchester City,26,27.0,67.9,38,418,3420,38.0,96,63,159,89,7,9,42,1.0,2.53,1.66,4.18,2.34,4.0,0.0,321.0,330.0,66.0,869.0,279.0,284.0,7.0,1.0,0.0,2021-2022,Premier-League,88.7,81.4,65.5,146.9,1145.0,2421.0,2.33,1.72,4.06,2.14,3.87,1967.0,482.0,397.0,54.8
Manchester Utd,29,27.2,52.7,38,418,3420,38.0,56,46,102,53,3,5,77,2.0,1.47,1.21,2.68,1.39,2.61,1.0,396.0,320.0,88.0,659.0,340.0,358.0,3.0,5.0,3.0,2021-2022,Premier-League,55.8,51.9,42.5,94.3,784.0,1568.0,1.47,1.12,2.59,1.36,2.48,2071.0,555.0,443.0,55.6
Newcastle Utd,29,27.5,40.4,38,418,3420,38.0,41,23,64,38,3,3,81,2.0,1.08,0.61,1.68,1.0,1.61,1.0,392.0,366.0,71.0,592.0,360.0,383.0,1.0,6.0,2.0,2021-2022,Premier-League,38.1,35.9,25.8,61.7,544.0,923.0,1.0,0.68,1.68,0.94,1.62,1835.0,677.0,619.0,52.2
Norwich City,28,26.2,42.9,38,418,3420,38.0,21,16,37,18,3,3,57,1.0,0.55,0.42,0.97,0.47,0.89,1.0,356.0,431.0,55.0,568.0,381.0,368.0,2.0,12.0,2.0,2021-2022,Premier-League,32.3,30.0,24.3,54.3,566.0,1031.0,0.85,0.64,1.49,0.79,1.43,1887.0,493.0,598.0,45.2
Southampton,25,25.7,47.7,38,418,3420,38.0,41,26,67,37,4,4,65,2.0,1.08,0.68,1.76,0.97,1.66,1.0,402.0,363.0,42.0,711.0,446.0,340.0,4.0,2.0,2.0,2021-2022,Premier-League,44.8,41.6,32.5,74.1,728.0,1326.0,1.18,0.85,2.03,1.1,1.95,2224.0,672.0,726.0,48.1
Tottenham,25,26.5,51.8,38,418,3420,38.0,63,50,113,58,5,5,69,1.0,1.66,1.32,2.97,1.53,2.84,1.0,386.0,406.0,62.0,632.0,355.0,349.0,3.0,2.0,1.0,2021-2022,Premier-League,61.2,57.3,47.0,104.4,791.0,1459.0,1.61,1.24,2.85,1.51,2.75,1893.0,560.0,500.0,52.8
Watford,30,28.4,40.7,38,418,3420,38.0,33,26,59,32,1,2,63,3.0,0.87,0.68,1.55,0.84,1.53,3.0,442.0,352.0,53.0,610.0,444.0,356.0,2.0,7.0,3.0,2021-2022,Premier-League,40.0,38.4,32.5,70.9,557.0,1070.0,1.05,0.86,1.91,1.01,1.87,2154.0,711.0,749.0,48.7
West Ham,25,28.2,47.9,38,418,3420,38.0,58,46,104,54,4,6,52,3.0,1.53,1.21,2.74,1.42,2.63,2.0,323.0,276.0,59.0,802.0,374.0,301.0,3.0,6.0,2.0,2021-2022,Premier-League,51.4,46.8,37.4,84.2,646.0,1449.0,1.35,0.99,2.34,1.23,2.22,1970.0,639.0,628.0,50.4
Wolves,26,27.3,49.5,38,418,3420,38.0,35,22,57,34,1,1,62,2.0,0.92,0.58,1.5,0.89,1.47,2.0,366.0,335.0,61.0,587.0,389.0,377.0,1.0,10.0,1.0,2021-2022,Premier-League,37.5,36.8,26.4,63.2,723.0,1283.0,0.99,0.69,1.68,0.97,1.66,2104.0,461.0,490.0,48.5
Bari,23,24.7,,34,374,3060,34.0,34,19,53,31,3,3,72,3.0,1.0,0.56,1.56,0.91,1.47,,,,,,,,,,,1999-2000,Serie-A,,,,,,,,,,,,,,,
Bologna,27,29.0,,34,394,3060,34.0,31,20,51,30,1,1,105,7.0,0.91,0.59,1.5,0.88,1.47,,,,,,,,,,,1999-2000,Serie-A,,,,,,,,,,,,,,,
Cagliari,26,26.1,,34,370,3060,34.0,27,15,42,23,4,5,89,10.0,0.79,0.44,1.24,0.68,1.12,,,,,,,,,,,1999-2000,Serie-A,,,,,,,,,,,,,,,
Fiorentina,24,28.3,,34,373,3060,34.0,48,37,85,48,0,1,72,4.0,1.41,1.09,2.5,1.41,2.5,,,,,,,,,,,1999-2000,Serie-A,,,,,,,,,,,,,,,
Hellas Verona,27,25.7,,34,372,3060,34.0,39,25,64,37,2,2,63,6.0,1.15,0.74,1.88,1.09,1.82,,,,,,,,,,,1999-2000,Serie-A,,,,,,,,,,,,,,,
Inter,26,27.8,,34,381,3060,34.0,58,40,98,55,3,4,61,3.0,1.71,1.18,2.88,1.62,2.79,,,,,,,,,,,1999-2000,Serie-A,,,,,,,,,,,,,,,
Juventus,21,26.9,,34,374,3060,34.0,43,31,74,34,9,9,72,9.0,1.26,0.91,2.18,1.0,1.91,,,,,,,,,,,1999-2000,Serie-A,,,,,,,,,,,,,,,
Lazio,23,27.8,,34,374,3060,34.0,63,39,102,55,8,9,66,3.0,1.85,1.15,3.0,1.62,2.76,,,,,,,,,,,1999-2000,Serie-A,,,,,,,,,,,,,,,
Lecce,24,26.4,,34,373,3060,34.0,33,14,47,28,5,5,80,7.0,0.97,0.41,1.38,0.82,1.24,,,,,,,,,,,1999-2000,Serie-A,,,,,,,,,,,,,,,
Milan,26,27.1,,34,375,3060,34.0,61,39,100,50,11,13,84,5.0,1.79,1.15,2.94,1.47,2.62,,,,,,,,,,,1999-2000,Serie-A,,,,,,,,,,,,,,,
Parma,27,26.0,,34,360,3060,34.0,49,39,88,44,5,6,64,6.0,1.44,1.15,2.59,1.29,2.44,,,,,,,,,,,1999-2000,Serie-A,,,,,,,,,,,,,,,
Perugia,26,28.0,,34,373,3060,34.0,35,19,54,32,3,4,60,7.0,1.03,0.56,1.59,0.94,1.5,,,,,,,,,,,1999-2000,Serie-A,,,,,,,,,,,,,,,
Piacenza,28,27.7,,34,374,3060,34.0,19,10,29,15,4,7,83,9.0,0.56,0.29,0.85,0.44,0.74,,,,,,,,,,,1999-2000,Serie-A,,,,,,,,,,,,,,,
Reggina,27,24.4,,34,361,3060,34.0,30,18,48,25,5,5,75,8.0,0.88,0.53,1.41,0.74,1.26,,,,,,,,,,,1999-2000,Serie-A,,,,,,,,,,,,,,,
Roma,25,27.3,,34,374,3060,34.0,54,34,88,46,8,8,74,5.0,1.59,1.0,2.59,1.35,2.35,,,,,,,,,,,1999-2000,Serie-A,,,,,,,,,,,,,,,
Torino,34,27.3,,34,374,3060,34.0,35,20,55,27,8,8,108,13.0,1.03,0.59,1.62,0.79,1.38,,,,,,,,,,,1999-2000,Serie-A,,,,,,,,,,,,,,,
Udinese,28,24.9,,34,372,3060,34.0,53,41,94,51,2,4,71,1.0,1.56,1.21,2.76,1.5,2.71,,,,,,,,,,,1999-2000,Serie-A,,,,,,,,,,,,,,,
Venezia,31,27.7,,34,365,3060,34.0,30,23,53,28,2,3,89,7.0,0.88,0.68,1.56,0.82,1.5,,,,,,,,,,,1999-2000,Serie-A,,,,,,,,,,,,,,,
Ajaccio,36,29.1,43.2,38,418,3420,38.0,22,12,34,16,6,9,86,10.0,0.58,0.32,0.89,0.42,0.74,2.0,541.0,495.0,63.0,631.0,420.0,382.0,8.0,10.0,2.0,2022-2023,Ligue-1,36.1,29.5,22.8,52.3,487.0,1169.0,0.95,0.6,1.55,0.78,1.38,2053.0,602.0,711.0,45.8
Angers,33,25.7,46.9,38,418,3420,38.0,31,18,49,27,4,4,69,5.0,0.82,0.47,1.29,0.71,1.18,3.0,492.0,422.0,47.0,584.0,375.0,386.0,4.0,11.0,4.0,2022-2023,Ligue-1,40.9,37.8,28.0,65.7,632.0,1393.0,1.08,0.74,1.81,0.99,1.73,2025.0,436.0,441.0,49.7
Auxerre,33,27.3,43.3,38,418,3420,38.0,32,17,49,25,7,9,54,6.0,0.84,0.45,1.29,0.66,1.11,4.0,462.0,419.0,48.0,617.0,454.0,378.0,6.0,6.0,1.0,2022-2023,Ligue-1,42.8,35.8,27.3,63.1,531.0,1284.0,1.13,0.72,1.84,0.94,1.66,2078.0,487.0,566.0,46.2
Brest,29,26.6,44.9,38,418,3420,38.0,43,28,71,36,7,8,63,2.0,1.13,0.74,1.87,0.95,1.68,0.0,499.0,462.0,59.0,755.0,475.0,417.0,7.0,9.0,2.0,2022-2023,Ligue-1,43.4,37.1,29.5,66.7,592.0,1311.0,1.14,0.78,1.92,0.98,1.75,2115.0,633.0,569.0,52.7
Clermont Foot,28,27.2,48.3,38,418,3420,38.0,44,26,70,37,7,10,72,5.0,1.16,0.68,1.84,0.97,1.66,2.0,426.0,592.0,52.0,564.0,440.0,398.0,7.0,12.0,0.0,2022-2023,Ligue-1,47.5,39.6,27.7,67.4,532.0,1304.0,1.25,0.73,1.98,1.04,1.77,2051.0,410.0,427.0,49.0
Lens,29,26.4,55.6,38,418,3420,38.0,66,49,115,60,6,9,63,3.0,1.74,1.29,3.03,1.58,2.87,0.0,492.0,481.0,62.0,791.0,339.0,323.0,7.0,3.0,1.0,2022-2023,Ligue-1,66.7,59.8,47.4,107.2,738.0,1829.0,1.76,1.25,3.0,1.57,2.82,1975.0,406.0,369.0,52.4
Lille,26,26.0,60.5,38,418,3420,38.0,65,40,105,54,11,12,82,1.0,1.71,1.05,2.76,1.42,2.47,0.0,497.0,480.0,64.0,624.0,301.0,370.0,10.0,5.0,3.0,2022-2023,Ligue-1,68.7,60.0,46.4,106.5,798.0,1982.0,1.81,1.22,3.03,1.58,2.8,2138.0,440.0,463.0,48.7
Lorient,30,25.2,46.6,38,418,3420,38.0,49,32,81,45,4,6,48,4.0,1.29,0.84,2.13,1.18,2.03,3.0,397.0,501.0,49.0,434.0,369.0,420.0,5.0,2.0,1.0,2022-2023,Ligue-1,44.5,39.8,29.4,69.2,753.0,1329.0,1.17,0.77,1.94,1.05,1.82,2019.0,407.0,479.0,45.9
Lyon,29,25.5,58.1,38,418,3420,38.0,63,45,108,57,6,8,61,3.0,1.66,1.18,2.84,1.5,2.68,1.0,500.0,453.0,57.0,649.0,481.0,423.0,5.0,11.0,3.0,2022-2023,Ligue-1,61.1,54.8,45.1,99.9,709.0,1883.0,1.61,1.19,2.8,1.44,2.63,2144.0,452.0,438.0,50.8
Marseille,30,27.3,56.7,38,418,3420,38.0,61,38,99,55,6,7,63,4.0,1.61,1.0,2.61,1.45,2.45,1.0,533.0,419.0,68.0,751.0,420.0,404.0,3.0,5.0,3.0,2022-2023,Ligue-1,65.3,60.0,47.0,107.0,759.0,1919.0,1.72,1.24,2.95,1.58,2.82,2291.0,491.0,484.0,50.4
Monaco,27,24.7,48.2,38,418,3420,38.0,69,47,116,64,5,8,64,5.0,1.82,1.24,3.05,1.68,2.92,3.0,488.0,411.0,84.0,661.0,426.0,400.0,8.0,5.0,3.0,2022-2023,Ligue-1,62.1,55.7,42.2,97.9,719.0,1820.0,1.63,1.11,2.74,1.47,2.58,2203.0,515.0,457.0,53.0
Montpellier,31,26.0,45.8,38,418,3420,38.0,64,41,105,57,7,7,68,10.0,1.68,1.08,2.76,1.5,2.58,1.0,488.0,523.0,71.0,673.0,404.0,413.0,6.0,11.0,2.0,2022-2023,Ligue-1,52.2,46.7,34.3,80.9,556.0,1250.0,1.37,0.9,2.27,1.23,2.13,2095.0,480.0,553.0,46.5
Nantes,29,26.7,45.9,38,418,3420,38.0,35,27,62,32,3,5,65,4.0,0.92,0.71,1.63,0.84,1.55,2.0,481.0,414.0,54.0,820.0,431.0,431.0,3.0,9.0,4.0,2022-2023,Ligue-1,42.8,39.0,31.8,70.8,705.0,1565.0,1.13,0.84,1.96,1.03,1.86,2075.0,592.0,598.0,49.7
Nice,34,26.5,51.5,38,418,3420,38.0,47,32,79,41,6,7,53,3.0,1.24,0.84,2.08,1.08,1.92,1.0,383.0,376.0,51.0,690.0,413.0,467.0,5.0,5.0,0.0,2022-2023,Ligue-1,57.2,51.7,39.3,91.1,774.0,1534.0,1.51,1.04,2.54,1.36,2.4,2143.0,392.0,365.0,51.8
Paris S-G,26,26.9,60.7,38,418,3420,38.0,86,62,148,81,5,7,57,5.0,2.26,1.63,3.89,2.13,3.76,2.0,380.0,416.0,77.0,399.0,296.0,362.0,5.0,5.0,1.0,2022-2023,Ligue-1,78.2,72.6,56.8,129.3,810.0,2029.0,2.06,1.49,3.55,1.91,3.4,1938.0,245.0,201.0,54.9
Reims,34,24.9,48.7,38,418,3420,38.0,45,31,76,38,7,8,70,9.0,1.18,0.82,2.0,1.0,1.82,2.0,507.0,423.0,85.0,707.0,397.0,407.0,7.0,3.0,2.0,2022-2023,Ligue-1,61.5,55.2,43.4,98.6,712.0,1717.0,1.62,1.14,2.76,1.45,2.59,2368.0,472.0,465.0,50.4
Rennes,32,25.2,55.4,38,418,3420,38.0,66,47,113,63,3,3,58,6.0,1.74,1.24,2.97,1.66,2.89,2.0,465.0,379.0,54.0,564.0,341.0,335.0,3.0,5.0,1.0,2022-2023,Ligue-1,61.4,59.0,45.4,104.4,774.0,1922.0,1.62,1.2,2.81,1.55,2.75,2035.0,538.0,520.0,50.9
Strasbourg,29,27.3,45.9,38,418,3420,38.0,48,28,76,43,5,7,73,7.0,1.26,0.74,2.0,1.13,1.87,2.0,529.0,474.0,43.0,647.0,437.0,409.0,6.0,11.0,0.0,2022-2023,Ligue-1,48.5,42.8,32.1,74.8,610.0,1351.0,1.28,0.84,2.12,1.13,1.97,2132.0,677.0,573.0,54.2
Toulouse,29,25.1,51.3,38,418,3420,38.0,50,33,83,46,4,4,62,3.0,1.32,0.87,2.18,1.21,2.08,3.0,473.0,413.0,74.0,660.0,409.0,406.0,2.0,7.0,3.0,2022-2023,Ligue-1,52.5,49.4,35.8,85.2,648.0,1737.0,1.38,0.94,2.33,1.3,2.24,2168.0,483.0,460.0,51.2
Troyes,32,25.8,42.6,38,418,3420,38.0,43,26,69,38,5,5,55,5.0,1.13,0.68,1.82,1.0,1.68,1.0,402.0,404.0,57.0,517.0,398.0,361.0,4.0,8.0,2.0,2022-2023,Ligue-1,39.1,35.6,27.9,63.5,638.0,1235.0,1.03,0.73,1.76,0.94,1.67,1986.0,476.0,495.0,49.0
Ajaccio,25,26.9,,38,417,3420,38.0,36,24,60,34,2,3,84,5.0,0.95,0.63,1.58,0.89,1.53,,,,,,,,,,,2004-2005,Ligue-1,,,,,,,,,,,,,,,
Auxerre,24,26.5,,38,417,3420,38.0,48,32,80,47,1,1,59,,1.26,0.84,2.11,1.24,2.08,,,,,,,,,,,2004-2005,Ligue-1,,,,,,,,,,,,,,,
Bastia,27,25.1,,38,418,3420,38.0,32,21,53,32,0,0,71,6.0,0.84,0.55,1.39,0.84,1.39,,,,,,,,,,,2004-2005,Ligue-1,,,,,,,,,,,,,,,
Bordeaux,24,25.4,,38,418,3420,38.0,35,24,59,31,4,4,69,8.0,0.92,0.63,1.55,0.82,1.45,,,,,,,,,,,2004-2005,Ligue-1,,,,,,,,,,,,,,,
Caen,31,25.4,,38,418,3420,38.0,35,22,57,32,3,4,84,2.0,0.92,0.58,1.5,0.84,1.42,,,,,,,,,,,2004-2005,Ligue-1,,,,,,,,,,,,,,,
Istres,31,27.7,,38,420,3420,38.0,25,17,42,23,2,2,96,8.0,0.66,0.45,1.11,0.61,1.05,,,,,,,,,,,2004-2005,Ligue-1,,,,,,,,,,,,,,,
Lens,23,25.4,,38,418,3420,38.0,44,33,77,40,4,4,71,3.0,1.16,0.87,2.03,1.05,1.92,,,,,,,,,,,2004-2005,Ligue-1,,,,,,,,,,,,,,,
Lille,25,24.7,,38,418,3420,38.0,50,34,84,45,5,6,76,7.0,1.32,0.89,2.21,1.18,2.08,,,,,,,,,,,2004-2005,Ligue-1,,,,,,,,,,,,,,,
Lyon,22,25.5,,38,419,3420,38.0,54,40,94,52,2,4,54,1.0,1.42,1.05,2.47,1.37,2.42,,,,,,,,,,,2004-2005,Ligue-1,,,,,,,,,,,,,,,
Marseille,26,26.4,,38,420,3420,38.0,47,26,73,46,1,1,83,2.0,1.24,0.68,1.92,1.21,1.89,,,,,,,,,,,2004-2005,Ligue-1,,,,,,,,,,,,,,,
Metz,28,24.3,,38,419,3420,38.0,33,19,52,29,4,4,69,3.0,0.87,0.5,1.37,0.76,1.26,,,,,,,,,,,2004-2005,Ligue-1,,,,,,,,,,,,,,,
Monaco,24,24.8,,38,418,3420,38.0,52,32,84,48,4,4,87,3.0,1.37,0.84,2.21,1.26,2.11,,,,,,,,,,,2004-2005,Ligue-1,,,,,,,,,,,,,,,
Nantes,32,24.5,,38,413,3420,38.0,33,23,56,31,2,2,63,6.0,0.87,0.61,1.47,0.82,1.42,,,,,,,,,,,2004-2005,Ligue-1,,,,,,,,,,,,,,,
Nice,26,26.9,,38,416,3420,38.0,38,22,60,32,6,7,97,6.0,1.0,0.58,1.58,0.84,1.42,,,,,,,,,,,2004-2005,Ligue-1,,,,,,,,,,,,,,,
Paris S-G,27,26.7,,38,415,3420,38.0,36,27,63,30,6,8,81,7.0,0.95,0.71,1.66,0.79,1.5,,,,,,,,,,,2004-2005,Ligue-1,,,,,,,,,,,,,,,
Rennes,23,24.1,,38,418,3420,38.0,48,38,86,43,5,5,73,5.0,1.26,1.0,2.26,1.13,2.13,,,,,,,,,,,2004-2005,Ligue-1,,,,,,,,,,,,,,,
Saint-Étienne,23,24.9,,38,418,3420,38.0,47,27,74,42,5,5,72,3.0,1.24,0.71,1.95,1.11,1.82,,,,,,,,,,,2004-2005,Ligue-1,,,,,,,,,,,,,,,
Sochaux,28,25.9,,38,420,3420,38.0,41,27,68,40,1,2,67,4.0,1.08,0.71,1.79,1.05,1.76,,,,,,,,,,,2004-2005,Ligue-1,,,,,,,,,,,,,,,
Strasbourg,23,25.5,,38,418,3420,38.0,42,24,66,38,4,4,73,7.0,1.11,0.63,1.74,1.0,1.63,,,,,,,,,,,2004-2005,Ligue-1,,,,,,,,,,,,,,,
Toulouse,26,24.7,,38,418,3420,38.0,34,21,55,33,1,1,75,4.0,0.89,0.55,1.45,0.87,1.42,,,,,,,,,,,2004-2005,Ligue-1,,,,,,,,,,,,,,,
Alavés,23,27.4,,38,416,3420,38.0,55,36,91,47,8,9,113,5.0,1.45,0.95,2.39,1.24,2.18,,731.0,,,,,,,,,2000-2001,La-Liga,,,,,,,,,,,,,,,
Athletic Club,26,26.0,,38,418,3420,38.0,44,27,71,40,4,5,111,11.0,1.16,0.71,1.87,1.05,1.76,,800.0,,,,,,,,,2000-2001,La-Liga,,,,,,,,,,,,,,,
Barcelona,24,26.4,,38,418,3420,38.0,79,46,125,74,5,6,91,9.0,2.08,1.21,3.29,1.95,3.16,,681.0,,,,,,,,,2000-2001,La-Liga,,,,,,,,,,,,,,,
Celta Vigo,24,27.1,,38,418,3420,38.0,49,29,78,44,5,5,125,11.0,1.29,0.76,2.05,1.16,1.92,,786.0,,,,,,,,,2000-2001,La-Liga,,,,,,,,,,,,,,,
Espanyol,28,25.8,,38,416,3420,38.0,44,27,71,40,4,5,89,5.0,1.16,0.71,1.87,1.05,1.76,,852.0,,,,,,,,,2000-2001,La-Liga,,,,,,,,,,,,,,,
La Coruña,23,28.3,,38,417,3420,38.0,73,40,113,69,4,6,103,7.0,1.92,1.05,2.97,1.82,2.87,,607.0,,,,,,,,,2000-2001,La-Liga,,,,,,,,,,,,,,,
Las Palmas,29,26.6,,38,418,3420,38.0,42,24,66,37,5,6,117,9.0,1.11,0.63,1.74,0.97,1.61,,724.0,,,,,,,,,2000-2001,La-Liga,,,,,,,,,,,,,,,
Málaga,27,27.0,,38,418,3420,38.0,60,36,96,56,4,4,95,6.0,1.58,0.95,2.53,1.47,2.42,,720.0,,,,,,,,,2000-2001,La-Liga,,,,,,,,,,,,,,,
Mallorca,27,28.2,,38,418,3420,38.0,59,40,99,58,1,3,93,5.0,1.55,1.05,2.61,1.53,2.58,,689.0,,,,,,,,,2000-2001,La-Liga,,,,,,,,,,,,,,,
Numancia,26,27.3,,38,418,3420,38.0,38,27,65,34,4,4,103,5.0,1.0,0.71,1.71,0.89,1.61,,729.0,,,,,,,,,2000-2001,La-Liga,,,,,,,,,,,,,,,
Osasuna,27,26.9,,38,418,3420,38.0,40,25,65,36,4,8,91,3.0,1.05,0.66,1.71,0.95,1.61,,665.0,,,,,,,,,2000-2001,La-Liga,,,,,,,,,,,,,,,
Oviedo,28,25.0,,38,417,3420,38.0,51,32,83,49,2,4,109,6.0,1.34,0.84,2.18,1.29,2.13,,641.0,,,,,,,,,2000-2001,La-Liga,,,,,,,,,,,,,,,
Racing Sant,28,27.2,,38,418,3420,38.0,47,22,69,43,4,4,98,6.0,1.24,0.58,1.82,1.13,1.71,,738.0,,,,,,,,,2000-2001,La-Liga,,,,,,,,,,,,,,,
Rayo Vallecano,24,28.2,,38,418,3420,38.0,54,31,85,49,5,6,109,9.0,1.42,0.82,2.24,1.29,2.11,,667.0,,,,,,,,,2000-2001,La-Liga,,,,,,,,,,,,,,,
Real Madrid,23,25.8,,38,418,3420,38.0,78,50,128,74,4,8,78,2.0,2.05,1.32,3.37,1.95,3.26,,594.0,,,,,,,,,2000-2001,La-Liga,,,,,,,,,,,,,,,
Real Sociedad,30,26.6,,38,418,3420,38.0,51,28,79,42,9,9,95,12.0,1.34,0.74,2.08,1.11,1.84,,634.0,,,,,,,,,2000-2001,La-Liga,,,,,,,,,,,,,,,
Valencia,24,27.6,,38,418,3420,38.0,53,39,92,47,6,9,117,7.0,1.39,1.03,2.42,1.24,2.26,,818.0,,,,,,,,,2000-2001,La-Liga,,,,,,,,,,,,,,,
Valladolid,24,26.2,,38,418,3420,38.0,41,26,67,36,5,6,109,6.0,1.08,0.68,1.76,0.95,1.63,,739.0,,,,,,,,,2000-2001,La-Liga,,,,,,,,,,,,,,,
Villarreal,24,26.5,,38,422,3420,38.0,57,29,86,54,3,3,116,10.0,1.5,0.76,2.26,1.42,2.18,,782.0,,,,,,,,,2000-2001,La-Liga,,,,,,,,,,,,,,,
Zaragoza,25,28.3,,38,419,3420,38.0,53,37,90,51,2,3,86,6.0,1.39,0.97,2.37,1.34,2.32,,653.0,,,,,,,,,2000-2001,La-Liga,,,,,,,,,,,,,,,
1860 Munich,23,27.8,,34,372,3060,34.0,50,32,82,45,5,6,87,4.0,1.47,0.94,2.41,1.32,2.26,,,,,,,,,,,1999-2000,Bundesliga,,,,,,,,,,,,,,,
Arminia,27,27.9,,34,374,3060,34.0,39,27,66,35,4,5,69,7.0,1.15,0.79,1.94,1.03,1.82,,,,,,,,,,,1999-2000,Bundesliga,,,,,,,,,,,,,,,
Bayern Munich,24,27.9,,34,374,3060,34.0,72,55,127,67,5,6,81,2.0,2.12,1.62,3.74,1.97,3.59,,,,,,,,,,,1999-2000,Bundesliga,,,,,,,,,,,,,,,
Dortmund,25,28.0,,34,374,3060,34.0,39,35,74,37,2,2,97,1.0,1.15,1.03,2.18,1.09,2.12,,,,,,,,,,,1999-2000,Bundesliga,,,,,,,,,,,,,,,
Eint Frankfurt,26,28.2,,34,374,3060,34.0,42,34,76,38,4,4,68,4.0,1.24,1.0,2.24,1.12,2.12,,,,,,,,,,,1999-2000,Bundesliga,,,,,,,,,,,,,,,
Freiburg,25,25.4,,34,374,3060,34.0,45,31,76,40,5,9,72,8.0,1.32,0.91,2.24,1.18,2.09,,,,,,,,,,,1999-2000,Bundesliga,,,,,,,,,,,,,,,
Hamburger SV,26,27.2,,34,373,3060,34.0,60,42,102,50,10,10,64,2.0,1.76,1.24,3.0,1.47,2.71,,,,,,,,,,,1999-2000,Bundesliga,,,,,,,,,,,,,,,
Hansa Rostock,23,28.0,,34,373,3060,34.0,42,27,69,38,4,4,79,4.0,1.24,0.79,2.03,1.12,1.91,,,,,,,,,,,1999-2000,Bundesliga,,,,,,,,,,,,,,,
Hertha BSC,27,27.5,,34,374,3060,34.0,38,30,68,38,0,1,79,3.0,1.12,0.88,2.0,1.12,2.0,,,,,,,,,,,1999-2000,Bundesliga,,,,,,,,,,,,,,,
Kaiserslautern,23,29.2,,34,373,3060,34.0,52,40,92,47,5,7,73,5.0,1.53,1.18,2.71,1.38,2.56,,,,,,,,,,,1999-2000,Bundesliga,,,,,,,,,,,,,,,
Leverkusen,25,26.2,,34,374,3060,34.0,74,55,129,70,4,5,82,4.0,2.18,1.62,3.79,2.06,3.68,,,,,,,,,,,1999-2000,Bundesliga,,,,,,,,,,,,,,,
MSV Duisburg,27,29.0,,34,378,3060,34.0,37,24,61,32,5,5,82,1.0,1.09,0.71,1.79,0.94,1.65,,,,,,,,,,,1999-2000,Bundesliga,,,,,,,,,,,,,,,
Schalke 04,27,28.2,,34,370,3060,34.0,40,31,71,37,3,5,78,7.0,1.18,0.91,2.09,1.09,2.0,,,,,,,,,,,1999-2000,Bundesliga,,,,,,,,,,,,,,,
Stuttgart,26,27.6,,34,373,3060,34.0,43,30,73,41,2,3,74,6.0,1.26,0.88,2.15,1.21,2.09,,,,,,,,,,,1999-2000,Bundesliga,,,,,,,,,,,,,,,
Ulm,21,27.1,,34,374,3060,34.0,35,29,64,33,2,2,69,7.0,1.03,0.85,1.88,0.97,1.82,,,,,,,,,,,1999-2000,Bundesliga,,,,,,,,,,,,,,,
Unterhaching,22,28.0,,34,374,3060,34.0,40,23,63,35,5,7,53,4.0,1.18,0.68,1.85,1.03,1.71,,,,,,,,,,,1999-2000,Bundesliga,,,,,,,,,,,,,,,
Werder Bremen,23,26.9,,34,373,3060,34.0,65,51,116,60,5,5,67,3.0,1.91,1.5,3.41,1.76,3.26,,,,,,,,,,,1999-2000,Bundesliga,,,,,,,,,,,,,,,
Wolfsburg,27,28.4,,34,374,3060,34.0,51,43,94,50,1,2,70,1.0,1.5,1.26,2.76,1.47,2.74,,,,,,,,,,,1999-2000,Bundesliga,,,,,,,,,,,,,,,
Atalanta,29,26.3,51.0,38,418,3420,38.0,72,57,129,67,5,5,76,1.0,1.89,1.5,3.39,1.76,3.26,1.0,486.0,367.0,63.0,710.0,340.0,369.0,4.0,9.0,1.0,2023-2024,Serie-A,57.8,53.9,43.9,97.8,715.0,1754.0,1.52,1.16,2.68,1.42,2.57,2023.0,627.0,491.0,56.1
Bologna,28,25.2,58.1,38,418,3420,38.0,52,32,84,48,4,5,85,2.0,1.37,0.84,2.21,1.26,2.11,2.0,458.0,456.0,55.0,510.0,258.0,385.0,3.0,7.0,1.0,2023-2024,Serie-A,47.9,44.0,32.1,76.1,660.0,1453.0,1.26,0.84,2.11,1.16,2.0,1769.0,416.0,413.0,50.2
Cagliari,29,26.1,42.1,38,418,3420,38.0,41,30,71,37,4,6,77,4.0,1.08,0.79,1.87,0.97,1.76,2.0,464.0,418.0,64.0,852.0,265.0,315.0,3.0,5.0,3.0,2023-2024,Serie-A,42.9,38.4,29.1,67.5,529.0,1109.0,1.13,0.77,1.9,1.01,1.78,1774.0,571.0,613.0,48.2
Empoli,34,26.0,44.0,38,418,3420,38.0,26,19,45,21,5,5,88,1.0,0.68,0.5,1.18,0.55,1.05,1.0,524.0,514.0,82.0,672.0,263.0,378.0,4.0,8.0,1.0,2023-2024,Serie-A,36.2,32.4,25.8,58.3,524.0,1056.0,0.95,0.68,1.63,0.85,1.53,1623.0,509.0,628.0,44.8
Fiorentina,30,27.0,57.4,38,418,3420,38.0,60,41,101,56,4,8,80,0.0,1.58,1.08,2.66,1.47,2.55,0.0,459.0,450.0,57.0,748.0,236.0,320.0,6.0,9.0,0.0,2023-2024,Serie-A,51.7,45.4,35.3,80.7,621.0,1656.0,1.36,0.93,2.29,1.19,2.12,1720.0,626.0,603.0,50.9
Frosinone,34,24.3,49.7,38,418,3420,38.0,44,29,73,36,8,10,68,2.0,1.16,0.76,1.92,0.95,1.71,1.0,388.0,442.0,48.0,524.0,241.0,322.0,8.0,8.0,2.0,2023-2024,Serie-A,45.8,37.9,30.2,68.1,563.0,1326.0,1.2,0.79,2.0,1.0,1.79,1780.0,518.0,602.0,46.3
Genoa,34,26.7,44.1,38,418,3420,38.0,43,27,70,38,5,6,79,3.0,1.13,0.71,1.84,1.0,1.71,3.0,450.0,406.0,47.0,610.0,332.0,352.0,3.0,4.0,1.0,2023-2024,Serie-A,35.7,31.0,22.8,53.8,468.0,1079.0,0.94,0.6,1.54,0.82,1.42,1643.0,610.0,543.0,52.9
Hellas Verona,36,25.7,44.4,38,418,3420,38.0,38,29,67,35,3,7,88,6.0,1.0,0.76,1.76,0.92,1.68,2.0,541.0,447.0,61.0,724.0,302.0,387.0,4.0,2.0,1.0,2023-2024,Serie-A,38.0,32.4,27.2,59.6,539.0,1122.0,1.0,0.72,1.72,0.85,1.57,1842.0,750.0,644.0,53.8
Inter,27,29.1,57.1,38,418,3420,38.0,87,60,147,74,13,14,46,1.0,2.29,1.58,3.87,1.95,3.53,0.0,405.0,408.0,77.0,804.0,280.0,321.0,11.0,4.0,0.0,2023-2024,Serie-A,78.2,67.4,55.6,123.0,720.0,1620.0,2.06,1.46,3.52,1.77,3.24,1602.0,535.0,370.0,59.1
Juventus,31,26.5,48.5,38,418,3420,38.0,52,37,89,49,3,5,87,2.0,1.37,0.97,2.34,1.29,2.26,1.0,478.0,376.0,72.0,708.0,253.0,369.0,3.0,3.0,2.0,2023-2024,Serie-A,54.6,50.6,39.6,90.2,709.0,1473.0,1.44,1.04,2.48,1.33,2.37,1656.0,486.0,434.0,52.8
Lazio,22,28.2,53.3,38,418,3420,38.0,46,30,76,42,4,4,101,5.0,1.21,0.79,2.0,1.11,1.89,2.0,473.0,435.0,72.0,624.0,295.0,348.0,3.0,3.0,0.0,2023-2024,Serie-A,46.5,43.4,32.9,76.4,716.0,1528.0,1.22,0.87,2.09,1.14,2.01,1764.0,399.0,453.0,46.8
Lecce,26,24.9,44.9,38,418,3420,38.0,30,23,53,27,3,5,89,5.0,0.79,0.61,1.39,0.71,1.32,2.0,504.0,481.0,56.0,650.0,308.0,374.0,4.0,6.0,1.0,2023-2024,Serie-A,43.1,39.2,30.6,69.9,638.0,1183.0,1.14,0.81,1.94,1.03,1.84,1779.0,548.0,616.0,47.1
Milan,35,26.6,56.9,38,418,3420,38.0,76,56,132,70,6,8,82,8.0,2.0,1.47,3.47,1.84,3.32,2.0,429.0,410.0,57.0,660.0,252.0,333.0,6.0,8.0,1.0,2023-2024,Serie-A,66.2,60.0,46.0,106.0,899.0,1569.0,1.74,1.21,2.95,1.58,2.79,1616.0,432.0,410.0,51.3
Monza,31,26.8,53.5,38,418,3420,38.0,38,29,67,34,4,5,88,5.0,1.0,0.76,1.76,0.89,1.66,4.0,458.0,408.0,40.0,584.0,279.0,334.0,2.0,9.0,0.0,2023-2024,Serie-A,39.5,35.9,27.8,63.8,723.0,1248.0,1.04,0.73,1.77,0.95,1.68,1468.0,442.0,462.0,48.9
Napoli,29,27.2,60.9,38,418,3420,38.0,54,36,90,48,6,10,77,5.0,1.42,0.95,2.37,1.26,2.21,3.0,381.0,451.0,71.0,737.0,241.0,326.0,8.0,4.0,0.0,2023-2024,Serie-A,61.4,53.3,42.9,96.2,802.0,1758.0,1.62,1.13,2.74,1.4,2.53,1707.0,470.0,483.0,49.3
Roma,30,27.7,54.9,38,418,3420,38.0,64,44,108,53,11,12,95,3.0,1.68,1.16,2.84,1.39,2.55,1.0,455.0,430.0,66.0,654.0,242.0,336.0,7.0,5.0,3.0,2023-2024,Serie-A,51.4,42.3,34.4,76.7,682.0,1469.0,1.35,0.91,2.26,1.11,2.02,1602.0,478.0,443.0,51.9
Salernitana,39,27.2,44.5,38,418,3420,38.0,32,25,57,30,2,2,91,3.0,0.84,0.66,1.5,0.79,1.45,1.0,450.0,470.0,61.0,596.0,279.0,327.0,1.0,10.0,2.0,2023-2024,Serie-A,30.3,28.7,22.4,51.1,499.0,1119.0,0.8,0.59,1.39,0.76,1.34,1634.0,520.0,662.0,44.0
Sassuolo,30,26.4,43.8,38,418,3420,38.0,42,28,70,35,7,8,71,4.0,1.11,0.74,1.84,0.92,1.66,2.0,387.0,398.0,26.0,661.0,267.0,310.0,6.0,11.0,4.0,2023-2024,Serie-A,39.8,33.8,25.9,59.7,636.0,1301.0,1.05,0.68,1.73,0.89,1.57,1600.0,452.0,607.0,42.7
Torino,30,26.4,51.6,38,418,3420,38.0,35,29,64,33,2,2,75,2.0,0.92,0.76,1.68,0.87,1.63,1.0,471.0,419.0,63.0,761.0,329.0,275.0,2.0,7.0,0.0,2023-2024,Serie-A,37.7,36.1,30.1,66.2,710.0,1333.0,0.99,0.79,1.78,0.95,1.74,1679.0,588.0,594.0,49.7
Udinese,32,25.7,39.3,38,418,3420,38.0,36,23,59,33,3,4,94,5.0,0.95,0.61,1.55,0.87,1.47,3.0,496.0,418.0,57.0,556.0,327.0,381.0,4.0,9.0,1.0,2023-2024,Serie-A,39.1,36.8,28.0,64.9,602.0,1022.0,1.03,0.74,1.77,0.97,1.71,1752.0,561.0,467.0,54.6
Alavés,23,29.1,,38,418,3420,38.0,38,26,64,35,3,7,104,8.0,1.0,0.68,1.68,0.92,1.61,,776.0,,,,,,,,,2002-2003,La-Liga,,,,,,,,,,,,,,,
Athletic Club,27,25.8,,38,418,3420,38.0,62,42,104,56,6,7,101,2.0,1.63,1.11,2.74,1.47,2.58,,754.0,,,,,,,,,2002-2003,La-Liga,,,,,,,,,,,,,,,
Atlético Madrid,25,27.2,,38,418,3420,38.0,49,37,86,44,5,9,129,10.0,1.29,0.97,2.26,1.16,2.13,,780.0,,,,,,,,,2002-2003,La-Liga,,,,,,,,,,,,,,,
Barcelona,28,26.1,,38,419,3420,38.0,61,47,108,55,6,7,91,8.0,1.61,1.24,2.84,1.45,2.68,,604.0,,,,,,,,,2002-2003,La-Liga,,,,,,,,,,,,,,,
Betis,28,25.5,,38,410,3420,38.0,52,38,90,47,5,6,112,8.0,1.37,1.0,2.37,1.24,2.24,,720.0,,,,,,,,,2002-2003,La-Liga,,,,,,,,,,,,,,,
Celta Vigo,28,27.8,,38,418,3420,38.0,44,32,76,41,3,8,98,6.0,1.16,0.84,2.0,1.08,1.92,,645.0,,,,,,,,,2002-2003,La-Liga,,,,,,,,,,,,,,,
Espanyol,30,25.7,,38,412,3420,38.0,47,32,79,40,7,8,105,9.0,1.24,0.84,2.08,1.05,1.89,,734.0,,,,,,,,,2002-2003,La-Liga,,,,,,,,,,,,,,,
La Coruña,24,28.7,,38,418,3420,38.0,67,50,117,62,5,6,71,4.0,1.76,1.32,3.08,1.63,2.95,,590.0,,,,,,,,,2002-2003,La-Liga,,,,,,,,,,,,,,,
Málaga,31,27.8,,38,417,3420,38.0,43,30,73,39,4,6,118,11.0,1.13,0.79,1.92,1.03,1.82,,768.0,,,,,,,,,2002-2003,La-Liga,,,,,,,,,,,,,,,
Mallorca,26,26.5,,38,418,3420,38.0,47,30,77,39,8,8,100,7.0,1.24,0.79,2.03,1.03,1.82,,686.0,,,,,,,,,2002-2003,La-Liga,,,,,,,,,,,,,,,
Osasuna,27,26.7,,38,415,3420,38.0,39,26,65,33,6,6,107,7.0,1.03,0.68,1.71,0.87,1.55,,705.0,,,,,,,,,2002-2003,La-Liga,,,,,,,,,,,,,,,
Racing Sant,32,25.7,,38,417,3420,38.0,53,31,84,48,5,7,103,7.0,1.39,0.82,2.21,1.26,2.08,,775.0,,,,,,,,,2002-2003,La-Liga,,,,,,,,,,,,,,,
Rayo Vallecano,28,26.9,,38,418,3420,38.0,30,19,49,23,7,7,103,7.0,0.79,0.5,1.29,0.61,1.11,,670.0,,,,,,,,,2002-2003,La-Liga,,,,,,,,,,,,,,,
Real Madrid,23,26.9,,38,418,3420,38.0,86,62,148,80,6,8,67,4.0,2.26,1.63,3.89,2.11,3.74,,635.0,,,,,,,,,2002-2003,La-Liga,,,,,,,,,,,,,,,
Real Sociedad,22,27.1,,38,418,3420,38.0,70,49,119,65,5,6,69,3.0,1.84,1.29,3.13,1.71,3.0,,678.0,,,,,,,,,2002-2003,La-Liga,,,,,,,,,,,,,,,
Recreativo,28,26.8,,38,427,3420,38.0,35,25,60,33,2,5,89,8.0,0.92,0.66,1.58,0.87,1.53,,655.0,,,,,,,,,2002-2003,La-Liga,,,,,,,,,,,,,,,
Sevilla,28,26.6,,38,418,3420,38.0,34,24,58,28,6,6,104,9.0,0.89,0.63,1.53,0.74,1.37,,711.0,,,,,,,,,2002-2003,La-Liga,,,,,,,,,,,,,,,
Valencia,31,26.7,,38,418,3420,38.0,53,34,87,48,5,9,104,9.0,1.39,0.89,2.29,1.26,2.16,,805.0,,,,,,,,,2002-2003,La-Liga,,,,,,,,,,,,,,,
Valladolid,27,25.3,,38,417,3420,38.0,35,25,60,32,3,4,86,7.0,0.92,0.66,1.58,0.84,1.5,,726.0,,,,,,,,,2002-2003,La-Liga,,,,,,,,,,,,,,,
Villarreal,30,25.8,,38,418,3420,38.0,43,26,69,36,7,8,100,7.0,1.13,0.68,1.82,0.95,1.63,,701.0,,,,,,,,,2002-2003,La-Liga,,,,,,,,,,,,,,,
1860 Munich,28,26.5,,34,374,3060,34.0,32,22,54,28,4,5,86,4.0,0.94,0.65,1.59,0.82,1.47,,,,,,,,,,,2003-2004,Bundesliga,,,,,,,,,,,,,,,
Bayern Munich,26,27.5,,34,367,3060,34.0,70,56,126,67,3,4,67,5.0,2.06,1.65,3.71,1.97,3.62,,,,,,,,,,,2003-2004,Bundesliga,,,,,,,,,,,,,,,
Bochum,21,28.6,,34,374,3060,34.0,56,42,98,56,0,0,64,0.0,1.65,1.24,2.88,1.65,2.88,,,,,,,,,,,2003-2004,Bundesliga,,,,,,,,,,,,,,,
Dortmund,27,27.0,,34,367,3060,34.0,57,36,93,52,5,7,67,3.0,1.68,1.06,2.74,1.53,2.59,,,,,,,,,,,2003-2004,Bundesliga,,,,,,,,,,,,,,,
Eint Frankfurt,27,27.7,,34,374,3060,34.0,36,25,61,32,4,7,72,4.0,1.06,0.74,1.79,0.94,1.68,,,,,,,,,,,2003-2004,Bundesliga,,,,,,,,,,,,,,,
Freiburg,23,25.5,,34,380,3060,34.0,41,29,70,35,6,6,57,4.0,1.21,0.85,2.06,1.03,1.88,,,,,,,,,,,2003-2004,Bundesliga,,,,,,,,,,,,,,,
Gladbach,32,27.6,,34,374,3060,34.0,38,30,68,34,4,7,68,3.0,1.12,0.88,2.0,1.0,1.88,,,,,,,,,,,2003-2004,Bundesliga,,,,,,,,,,,,,,,
Hamburger SV,25,27.2,,34,375,3060,34.0,45,34,79,43,2,2,82,3.0,1.32,1.0,2.32,1.26,2.26,,,,,,,,,,,2003-2004,Bundesliga,,,,,,,,,,,,,,,
Hannover 96,31,26.4,,34,377,3060,34.0,49,38,87,46,3,3,76,7.0,1.44,1.12,2.56,1.35,2.47,,,,,,,,,,,2003-2004,Bundesliga,,,,,,,,,,,,,,,
Hansa Rostock,23,27.7,,34,374,3060,34.0,53,42,95,50,3,5,83,5.0,1.56,1.24,2.79,1.47,2.71,,,,,,,,,,,2003-2004,Bundesliga,,,,,,,,,,,,,,,
Hertha BSC,28,26.9,,34,374,3060,34.0,40,31,71,38,2,2,88,8.0,1.18,0.91,2.09,1.12,2.03,,,,,,,,,,,2003-2004,Bundesliga,,,,,,,,,,,,,,,
Kaiserslautern,31,27.2,,34,374,3060,34.0,39,26,65,38,1,3,99,7.0,1.15,0.76,1.91,1.12,1.88,,,,,,,,,,,2003-2004,Bundesliga,,,,,,,,,,,,,,,
Köln,30,26.1,,34,372,3060,34.0,31,20,51,30,1,2,74,4.0,0.91,0.59,1.5,0.88,1.47,,,,,,,,,,,2003-2004,Bundesliga,,,,,,,,,,,,,,,
Leverkusen,21,26.4,,34,374,3060,34.0,70,55,125,68,2,4,75,4.0,2.06,1.62,3.68,2.0,3.62,,,,,,,,,,,2003-2004,Bundesliga,,,,,,,,,,,,,,,
Schalke 04,28,27.0,,34,374,3060,34.0,48,36,84,44,4,5,70,5.0,1.41,1.06,2.47,1.29,2.35,,,,,,,,,,,2003-2004,Bundesliga,,,,,,,,,,,,,,,
Stuttgart,24,25.4,,34,374,3060,34.0,52,37,89,50,2,3,67,3.0,1.53,1.09,2.62,1.47,2.56,,,,,,,,,,,2003-2004,Bundesliga,,,,,,,,,,,,,,,
Werder Bremen,24,27.5,,34,374,3060,34.0,78,63,141,70,8,9,60,4.0,2.29,1.85,4.15,2.06,3.91,,,,,,,,,,,2003-2004,Bundesliga,,,,,,,,,,,,,,,
Wolfsburg,25,27.0,,34,370,3060,34.0,56,45,101,54,2,2,98,4.0,1.65,1.32,2.97,1.59,2.91,,,,,,,,,,,2003-2004,Bundesliga,,,,,,,,,,,,,,,
Alavés,29,26.6,45.3,38,418,3420,38.0,38,20,58,29,9,11,107,5.0,1.0,0.53,1.53,0.76,1.29,2.0,623.0,476.0,77.0,798.0,309.0,459.0,8.0,11.0,2.0,2024-2025,La-Liga,42.8,34.1,25.4,59.5,449.0,1160.0,1.13,0.67,1.79,0.9,1.57,1499.0,639.0,694.0,47.9
Athletic Club,31,26.9,48.4,38,418,3420,38.0,53,40,93,50,3,6,64,3.0,1.39,1.05,2.45,1.32,2.37,1.0,483.0,386.0,68.0,772.0,344.0,345.0,5.0,5.0,1.0,2024-2025,La-Liga,53.0,48.2,36.7,84.9,682.0,1579.0,1.39,0.97,2.36,1.27,2.23,1735.0,496.0,514.0,49.1
Atlético Madrid,24,28.4,52.6,38,418,3420,38.0,68,51,119,62,6,7,75,3.0,1.79,1.34,3.13,1.63,2.97,0.0,412.0,427.0,72.0,675.0,260.0,375.0,4.0,5.0,2.0,2024-2025,La-Liga,64.6,59.3,47.9,107.2,760.0,1559.0,1.7,1.26,2.96,1.56,2.82,1563.0,445.0,420.0,51.4
Barcelona,28,24.7,68.3,38,418,3420,38.0,99,72,171,92,7,8,63,3.0,2.61,1.89,4.5,2.42,4.32,1.0,368.0,465.0,65.0,709.0,227.0,332.0,8.0,4.0,0.0,2024-2025,La-Liga,91.5,85.2,67.5,152.7,860.0,2212.0,2.41,1.78,4.18,2.24,4.02,1673.0,380.0,339.0,52.9
Betis,36,27.5,52.4,38,418,3420,38.0,55,37,92,48,7,10,75,4.0,1.45,0.97,2.42,1.26,2.24,0.0,433.0,524.0,56.0,627.0,356.0,397.0,9.0,4.0,1.0,2024-2025,La-Liga,54.7,46.9,37.5,84.5,679.0,1486.0,1.44,0.99,2.43,1.23,2.22,1679.0,464.0,478.0,49.3
Celta Vigo,30,26.8,53.6,38,418,3420,38.0,58,40,98,50,8,9,84,6.0,1.53,1.05,2.58,1.32,2.37,3.0,462.0,436.0,67.0,501.0,282.0,340.0,6.0,4.0,2.0,2024-2025,La-Liga,54.2,47.3,38.4,85.7,709.0,1659.0,1.43,1.01,2.44,1.24,2.26,1532.0,375.0,439.0,46.1
Espanyol,27,25.2,39.8,38,418,3420,38.0,38,27,65,33,5,5,88,1.0,1.0,0.71,1.71,0.87,1.58,0.0,498.0,432.0,61.0,619.0,315.0,397.0,5.0,6.0,1.0,2024-2025,La-Liga,34.4,30.5,24.5,55.0,497.0,1000.0,0.91,0.65,1.55,0.8,1.45,1364.0,493.0,504.0,49.4
Getafe,30,27.7,41.8,38,418,3420,38.0,34,21,55,29,5,5,110,7.0,0.89,0.55,1.45,0.76,1.32,3.0,602.0,506.0,90.0,721.0,276.0,393.0,3.0,9.0,0.0,2024-2025,La-Liga,36.8,33.0,23.9,56.9,368.0,981.0,0.97,0.63,1.6,0.87,1.5,1436.0,771.0,738.0,51.1
Girona,30,27.5,56.3,38,418,3420,38.0,43,31,74,39,4,5,76,2.0,1.13,0.82,1.95,1.03,1.84,0.0,437.0,439.0,79.0,804.0,279.0,348.0,4.0,6.0,1.0,2024-2025,La-Liga,42.5,38.6,31.6,70.2,765.0,1691.0,1.12,0.83,1.95,1.02,1.85,1443.0,321.0,344.0,48.3
Las Palmas,34,26.8,50.7,38,418,3420,38.0,38,27,65,35,3,4,110,4.0,1.0,0.71,1.71,0.92,1.63,2.0,452.0,462.0,59.0,674.0,321.0,370.0,1.0,10.0,3.0,2024-2025,La-Liga,36.3,33.2,26.3,59.4,499.0,1210.0,0.96,0.69,1.65,0.87,1.56,1454.0,529.0,561.0,48.5
Leganés,26,27.8,42.6,38,418,3420,38.0,38,27,65,33,5,7,82,6.0,1.0,0.71,1.71,0.87,1.58,0.0,503.0,470.0,84.0,495.0,332.0,384.0,7.0,8.0,3.0,2024-2025,La-Liga,36.0,30.6,23.3,53.8,417.0,1030.0,0.95,0.61,1.56,0.8,1.42,1500.0,472.0,614.0,43.5
Mallorca,28,28.7,46.8,38,418,3420,38.0,34,24,58,30,4,5,81,6.0,0.89,0.63,1.53,0.79,1.42,1.0,466.0,432.0,78.0,735.0,326.0,361.0,4.0,3.0,1.0,2024-2025,La-Liga,38.8,34.9,26.5,61.3,479.0,1184.0,1.02,0.7,1.72,0.92,1.61,1523.0,672.0,609.0,52.5
Osasuna,25,27.4,46.1,38,418,3420,38.0,46,28,74,37,9,9,88,0.0,1.21,0.74,1.95,0.97,1.71,0.0,508.0,379.0,66.0,819.0,266.0,365.0,9.0,7.0,1.0,2024-2025,La-Liga,44.0,37.8,29.8,67.6,567.0,1221.0,1.16,0.78,1.94,0.99,1.78,1461.0,617.0,515.0,54.5
Rayo Vallecano,26,29.3,51.7,38,418,3420,38.0,38,27,65,38,0,1,96,3.0,1.0,0.71,1.71,1.0,1.71,0.0,522.0,391.0,79.0,769.0,334.0,396.0,1.0,8.0,1.0,2024-2025,La-Liga,45.4,44.6,36.2,80.9,589.0,1362.0,1.2,0.95,2.15,1.17,2.13,1688.0,485.0,540.0,47.3
Real Madrid,30,26.6,60.4,38,418,3420,38.0,78,55,133,68,10,14,57,4.0,2.05,1.45,3.5,1.79,3.24,0.0,332.0,518.0,85.0,578.0,331.0,359.0,11.0,3.0,1.0,2024-2025,La-Liga,75.3,64.5,54.6,119.0,983.0,1967.0,1.98,1.44,3.42,1.7,3.13,1541.0,334.0,267.0,55.6
Real Sociedad,31,25.1,53.8,38,418,3420,38.0,34,22,56,30,4,4,85,4.0,0.89,0.58,1.47,0.79,1.37,0.0,501.0,417.0,82.0,740.0,283.0,401.0,3.0,7.0,0.0,2024-2025,La-Liga,42.5,39.3,30.9,70.3,645.0,1341.0,1.12,0.81,1.93,1.03,1.85,1569.0,578.0,606.0,48.8
Sevilla,35,26.1,50.5,38,418,3420,38.0,39,32,71,37,2,3,98,8.0,1.03,0.84,1.87,0.97,1.82,3.0,494.0,402.0,70.0,612.0,367.0,390.0,1.0,6.0,1.0,2024-2025,La-Liga,42.7,40.3,30.8,71.1,594.0,1193.0,1.12,0.81,1.93,1.06,1.87,1551.0,531.0,442.0,54.6
Valencia,32,24.7,48.4,38,418,3420,38.0,43,26,69,38,5,5,86,1.0,1.13,0.68,1.82,1.0,1.68,0.0,442.0,446.0,72.0,763.0,302.0,415.0,4.0,9.0,3.0,2024-2025,La-Liga,43.3,39.3,30.0,69.3,572.0,1340.0,1.14,0.79,1.93,1.03,1.82,1550.0,449.0,540.0,45.4
Valladolid,38,25.6,42.8,38,418,3420,38.0,26,15,41,21,5,5,91,5.0,0.68,0.39,1.08,0.55,0.95,2.0,459.0,486.0,67.0,671.0,311.0,357.0,3.0,7.0,1.0,2024-2025,La-Liga,34.6,30.7,25.7,56.4,476.0,991.0,0.91,0.68,1.59,0.81,1.48,1355.0,544.0,524.0,50.9
Villarreal,31,26.7,47.6,38,418,3420,38.0,69,51,120,64,5,7,96,4.0,1.82,1.34,3.16,1.68,3.03,1.0,442.0,463.0,77.0,674.0,281.0,396.0,6.0,8.0,1.0,2024-2025,La-Liga,64.8,59.1,49.7,108.8,693.0,1522.0,1.71,1.31,3.01,1.56,2.86,1547.0,492.0,399.0,55.2
Auxerre,25,23.8,,34,374,3060,34.0,47,29,76,42,5,6,58,3.0,1.38,0.85,2.24,1.24,2.09,,,,,,,,,,,2001-2002,Ligue-1,,,,,,,,,,,,,,,
Bastia,30,25.5,,34,374,3060,34.0,37,22,59,31,6,8,72,9.0,1.09,0.65,1.74,0.91,1.56,,,,,,,,,,,2001-2002,Ligue-1,,,,,,,,,,,,,,,
Bordeaux,29,26.4,,34,374,3060,34.0,33,21,54,28,5,5,57,6.0,0.97,0.62,1.59,0.82,1.44,,,,,,,,,,,2001-2002,Ligue-1,,,,,,,,,,,,,,,
Guingamp,27,26.9,,34,374,3060,34.0,34,20,54,33,1,2,80,6.0,1.0,0.59,1.59,0.97,1.56,,,,,,,,,,,2001-2002,Ligue-1,,,,,,,,,,,,,,,
Lens,24,27.4,,34,376,3060,34.0,54,30,84,50,4,4,68,2.0,1.59,0.88,2.47,1.47,2.35,,,,,,,,,,,2001-2002,Ligue-1,,,,,,,,,,,,,,,
Lille,27,25.5,,34,374,3060,34.0,36,22,58,33,3,3,70,5.0,1.06,0.65,1.71,0.97,1.62,,,,,,,,,,,2001-2002,Ligue-1,,,,,,,,,,,,,,,
Lorient,27,25.9,,34,374,3060,34.0,42,22,64,39,3,3,60,1.0,1.24,0.65,1.88,1.15,1.79,,,,,,,,,,,2001-2002,Ligue-1,,,,,,,,,,,,,,,
Lyon,22,27.2,,34,375,3060,34.0,56,38,94,53,3,4,47,4.0,1.65,1.12,2.76,1.56,2.68,,,,,,,,,,,2001-2002,Ligue-1,,,,,,,,,,,,,,,
Marseille,36,25.7,,34,370,3060,34.0,34,17,51,30,4,5,75,4.0,1.0,0.5,1.5,0.88,1.38,,,,,,,,,,,2001-2002,Ligue-1,,,,,,,,,,,,,,,
Metz,30,27.0,,34,373,3060,34.0,30,20,50,28,2,2,72,7.0,0.88,0.59,1.47,0.82,1.41,,,,,,,,,,,2001-2002,Ligue-1,,,,,,,,,,,,,,,
Monaco,35,25.3,,34,378,3060,34.0,36,20,56,31,5,5,92,5.0,1.06,0.59,1.65,0.91,1.5,,,,,,,,,,,2001-2002,Ligue-1,,,,,,,,,,,,,,,
Montpellier,29,25.4,,34,374,3060,34.0,26,14,40,25,1,1,74,6.0,0.76,0.41,1.18,0.74,1.15,,,,,,,,,,,2001-2002,Ligue-1,,,,,,,,,,,,,,,
Nantes,30,25.4,,34,373,3060,34.0,34,26,60,31,3,5,66,5.0,1.0,0.76,1.76,0.91,1.68,,,,,,,,,,,2001-2002,Ligue-1,,,,,,,,,,,,,,,
Paris S-G,29,25.8,,34,375,3060,34.0,43,26,69,39,4,4,82,5.0,1.26,0.76,2.03,1.15,1.91,,,,,,,,,,,2001-2002,Ligue-1,,,,,,,,,,,,,,,
Rennes,29,26.0,,34,374,3060,34.0,39,17,56,32,7,7,63,3.0,1.15,0.5,1.65,0.94,1.44,,,,,,,,,,,2001-2002,Ligue-1,,,,,,,,,,,,,,,
Sedan,31,26.6,,34,375,3060,34.0,32,18,50,30,2,2,75,8.0,0.94,0.53,1.47,0.88,1.41,,,,,,,,,,,2001-2002,Ligue-1,,,,,,,,,,,,,,,
Sochaux,24,26.4,,34,374,3060,34.0,38,24,62,35,3,4,64,1.0,1.12,0.71,1.82,1.03,1.74,,,,,,,,,,,2001-2002,Ligue-1,,,,,,,,,,,,,,,
Troyes,33,26.9,,34,374,3060,34.0,40,17,57,39,1,3,58,4.0,1.18,0.5,1.68,1.15,1.65,,,,,,,,,,,2001-2002,Ligue-1,,,,,,,,,,,,,,,
Arminia,24,27.8,,34,374,3060,34.0,27,16,43,25,2,3,69,4.0,0.79,0.47,1.26,0.74,1.21,,485.0,,,,,,,,,2008-2009,Bundesliga,,,,,,,,,,,,,,,
Bayern Munich,23,27.8,,34,374,3060,34.0,70,48,118,65,5,7,67,3.0,2.06,1.41,3.47,1.91,3.32,,561.0,,,,,,,,,2008-2009,Bundesliga,,,,,,,,,,,,,,,
Bochum,27,27.6,,34,374,3060,34.0,38,27,65,37,1,1,82,7.0,1.12,0.79,1.91,1.09,1.88,,590.0,,,,,,,,,2008-2009,Bundesliga,,,,,,,,,,,,,,,
Dortmund,29,25.8,,34,374,3060,34.0,58,38,96,52,6,6,51,5.0,1.71,1.12,2.82,1.53,2.65,,497.0,,,,,,,,,2008-2009,Bundesliga,,,,,,,,,,,,,,,
Eint Frankfurt,29,26.0,,34,374,3060,34.0,38,28,66,36,2,2,77,3.0,1.12,0.82,1.94,1.06,1.88,,572.0,,,,,,,,,2008-2009,Bundesliga,,,,,,,,,,,,,,,
Energie Cottbus,25,29.0,,34,374,3060,34.0,29,19,48,28,1,2,74,3.0,0.85,0.56,1.41,0.82,1.38,,632.0,,,,,,,,,2008-2009,Bundesliga,,,,,,,,,,,,,,,
Gladbach,34,26.1,,34,374,3060,34.0,38,22,60,33,5,7,71,0.0,1.12,0.65,1.76,0.97,1.62,,631.0,,,,,,,,,2008-2009,Bundesliga,,,,,,,,,,,,,,,
Hamburger SV,26,27.0,,34,374,3060,34.0,48,30,78,46,2,2,79,3.0,1.41,0.88,2.29,1.35,2.24,,579.0,,,,,,,,,2008-2009,Bundesliga,,,,,,,,,,,,,,,
Hannover 96,30,27.2,,34,374,3060,34.0,49,35,84,46,3,4,60,4.0,1.44,1.03,2.47,1.35,2.38,,532.0,,,,,,,,,2008-2009,Bundesliga,,,,,,,,,,,,,,,
Hertha BSC,25,26.2,,34,374,3060,34.0,48,33,81,47,1,3,62,1.0,1.41,0.97,2.38,1.38,2.35,,502.0,,,,,,,,,2008-2009,Bundesliga,,,,,,,,,,,,,,,
Hoffenheim,26,23.1,,34,374,3060,34.0,63,39,102,55,8,10,77,6.0,1.85,1.15,3.0,1.62,2.76,,602.0,,,,,,,,,2008-2009,Bundesliga,,,,,,,,,,,,,,,
Karlsruher,26,26.2,,34,374,3060,34.0,30,22,52,29,1,2,68,2.0,0.88,0.65,1.53,0.85,1.5,,573.0,,,,,,,,,2008-2009,Bundesliga,,,,,,,,,,,,,,,
Köln,25,27.4,,34,374,3060,34.0,34,20,54,32,2,3,73,4.0,1.0,0.59,1.59,0.94,1.53,,504.0,,,,,,,,,2008-2009,Bundesliga,,,,,,,,,,,,,,,
Leverkusen,26,23.7,,34,374,3060,34.0,58,42,100,54,4,4,65,5.0,1.71,1.24,2.94,1.59,2.82,,538.0,,,,,,,,,2008-2009,Bundesliga,,,,,,,,,,,,,,,
Schalke 04,23,26.2,,34,374,3060,34.0,46,36,82,44,2,5,68,6.0,1.35,1.06,2.41,1.29,2.35,,522.0,,,,,,,,,2008-2009,Bundesliga,,,,,,,,,,,,,,,
Stuttgart,27,26.2,,34,374,3060,34.0,62,42,104,61,1,1,69,0.0,1.82,1.24,3.06,1.79,3.03,,549.0,,,,,,,,,2008-2009,Bundesliga,,,,,,,,,,,,,,,
Werder Bremen,27,25.8,,34,374,3060,34.0,62,35,97,59,3,4,55,4.0,1.82,1.03,2.85,1.74,2.76,,510.0,,,,,,,,,2008-2009,Bundesliga,,,,,,,,,,,,,,,
Wolfsburg,27,25.4,,34,374,3060,34.0,79,48,127,70,9,10,58,2.0,2.32,1.41,3.74,2.06,3.47,,554.0,,,,,,,,,2008-2009,Bundesliga,,,,,,,,,,,,,,,
Alavés,28,27.5,,38,418,3420,38.0,34,24,58,32,2,3,85,4.0,0.89,0.63,1.53,0.84,1.47,,670.0,,,,,,,,,2005-2006,La-Liga,,,,,,,,,,,,,,,
Athletic Club,26,25.5,,38,417,3420,38.0,39,28,67,36,3,6,98,6.0,1.03,0.74,1.76,0.95,1.68,,697.0,,,,,,,,,2005-2006,La-Liga,,,,,,,,,,,,,,,
Atlético Madrid,27,25.1,,38,420,3420,38.0,45,31,76,42,3,4,127,8.0,1.18,0.82,2.0,1.11,1.92,,783.0,,,,,,,,,2005-2006,La-Liga,,,,,,,,,,,,,,,
Barcelona,30,26.6,,38,415,3420,38.0,75,53,128,67,8,10,75,6.0,1.97,1.39,3.37,1.76,3.16,,588.0,,,,,,,,,2005-2006,La-Liga,,,,,,,,,,,,,,,
Betis,27,26.3,,38,417,3420,38.0,32,26,58,30,2,2,106,8.0,0.84,0.68,1.53,0.79,1.47,,802.0,,,,,,,,,2005-2006,La-Liga,,,,,,,,,,,,,,,
Cádiz,26,28.8,,38,418,3420,38.0,36,21,57,31,5,6,93,5.0,0.95,0.55,1.5,0.82,1.37,,694.0,,,,,,,,,2005-2006,La-Liga,,,,,,,,,,,,,,,
Celta Vigo,24,25.4,,38,417,3420,38.0,45,28,73,42,3,5,83,2.0,1.18,0.74,1.92,1.11,1.84,,645.0,,,,,,,,,2005-2006,La-Liga,,,,,,,,,,,,,,,
Espanyol,26,24.9,,38,418,3420,38.0,36,27,63,34,2,5,112,9.0,0.95,0.71,1.66,0.89,1.61,,717.0,,,,,,,,,2005-2006,La-Liga,,,,,,,,,,,,,,,
Getafe,24,27.0,,38,418,3420,38.0,53,39,92,50,3,3,107,8.0,1.39,1.03,2.42,1.32,2.34,,724.0,,,,,,,,,2005-2006,La-Liga,,,,,,,,,,,,,,,
La Coruña,28,28.4,,38,418,3420,38.0,44,35,79,40,4,6,122,5.0,1.16,0.92,2.08,1.05,1.97,,799.0,,,,,,,,,2005-2006,La-Liga,,,,,,,,,,,,,,,
Málaga,31,26.6,,38,419,3420,38.0,36,21,57,34,2,2,119,12.0,0.95,0.55,1.5,0.89,1.45,,864.0,,,,,,,,,2005-2006,La-Liga,,,,,,,,,,,,,,,
Mallorca,28,26.2,,38,418,3420,38.0,37,27,64,36,1,1,108,9.0,0.97,0.71,1.68,0.95,1.66,,731.0,,,,,,,,,2005-2006,La-Liga,,,,,,,,,,,,,,,
Osasuna,24,26.3,,38,418,3420,38.0,49,34,83,46,3,3,122,7.0,1.29,0.89,2.18,1.21,2.11,,810.0,,,,,,,,,2005-2006,La-Liga,,,,,,,,,,,,,,,
Racing Sant,29,25.5,,38,415,3420,38.0,36,23,59,33,3,4,132,10.0,0.95,0.61,1.55,0.87,1.47,,810.0,,,,,,,,,2005-2006,La-Liga,,,,,,,,,,,,,,,
Real Madrid,26,26.7,,38,419,3420,38.0,68,48,116,61,7,9,112,11.0,1.79,1.26,3.05,1.61,2.87,,742.0,,,,,,,,,2005-2006,La-Liga,,,,,,,,,,,,,,,
Real Sociedad,29,25.4,,38,417,3420,38.0,46,30,76,40,6,6,86,10.0,1.21,0.79,2.0,1.05,1.84,,641.0,,,,,,,,,2005-2006,La-Liga,,,,,,,,,,,,,,,
Sevilla,27,26.3,,38,416,3420,38.0,52,34,86,45,7,7,106,9.0,1.37,0.89,2.26,1.18,2.08,,677.0,,,,,,,,,2005-2006,La-Liga,,,,,,,,,,,,,,,
Valencia,28,27.0,,38,418,3420,38.0,58,38,96,52,6,7,87,6.0,1.53,1.0,2.53,1.37,2.37,,689.0,,,,,,,,,2005-2006,La-Liga,,,,,,,,,,,,,,,
Villarreal,29,26.8,,38,418,3420,38.0,49,32,81,44,5,7,109,5.0,1.29,0.84,2.13,1.16,2.0,,611.0,,,,,,,,,2005-2006,La-Liga,,,,,,,,,,,,,,,
Zaragoza,23,26.4,,38,418,3420,38.0,45,30,75,43,2,2,104,6.0,1.18,0.79,1.97,1.13,1.92,,665.0,,,,,,,,,2005-2006,La-Liga,,,,,,,,,,,,,,,
Angers,31,27.9,46.4,38,418,3420,38.0,40,23,63,35,5,6,65,2.0,1.05,0.61,1.66,0.92,1.53,1.0,461.0,483.0,39.0,662.0,443.0,376.0,6.0,8.0,1.0,2020-2021,Ligue-1,41.6,36.9,26.4,63.3,614.0,1435.0,1.1,0.7,1.79,0.97,1.67,2074.0,477.0,562.0,45.9
Bordeaux,28,27.6,49.8,38,418,3420,38.0,41,32,73,37,4,4,78,4.0,1.08,0.84,1.92,0.97,1.82,2.0,465.0,480.0,49.0,609.0,503.0,329.0,3.0,8.0,1.0,2020-2021,Ligue-1,43.5,40.4,31.4,71.7,644.0,1303.0,1.14,0.83,1.97,1.06,1.89,1964.0,570.0,501.0,53.2
Brest,26,24.9,49.3,38,418,3420,38.0,48,31,79,45,3,4,62,4.0,1.26,0.82,2.08,1.18,2.0,1.0,491.0,434.0,59.0,720.0,463.0,355.0,4.0,11.0,2.0,2020-2021,Ligue-1,50.0,46.8,36.0,82.8,685.0,1438.0,1.32,0.95,2.26,1.23,2.18,1928.0,693.0,560.0,55.3
Dijon,33,25.7,46.2,38,418,3420,38.0,25,15,40,22,3,5,76,5.0,0.66,0.39,1.05,0.58,0.97,1.0,515.0,421.0,54.0,569.0,471.0,367.0,4.0,10.0,2.0,2020-2021,Ligue-1,33.7,29.9,22.6,52.6,527.0,1203.0,0.89,0.6,1.48,0.79,1.38,2041.0,530.0,627.0,45.8
Lens,27,26.4,51.1,38,418,3420,38.0,53,35,88,43,10,12,94,7.0,1.39,0.92,2.32,1.13,2.05,5.0,541.0,465.0,49.0,760.0,508.0,358.0,11.0,11.0,3.0,2020-2021,Ligue-1,56.4,47.3,37.8,85.1,743.0,1567.0,1.48,0.99,2.48,1.24,2.24,2004.0,644.0,630.0,50.5
Lille,21,25.4,53.8,38,418,3420,38.0,62,39,101,57,5,5,68,2.0,1.63,1.03,2.66,1.5,2.53,1.0,487.0,450.0,64.0,637.0,424.0,370.0,5.0,2.0,2.0,2020-2021,Ligue-1,48.5,44.5,34.4,79.0,713.0,1660.0,1.28,0.91,2.18,1.17,2.08,2216.0,572.0,558.0,50.6
Lorient,27,26.8,44.6,38,418,3420,38.0,49,26,75,40,9,10,69,3.0,1.29,0.68,1.97,1.05,1.74,1.0,475.0,469.0,46.0,606.0,527.0,424.0,9.0,11.0,1.0,2020-2021,Ligue-1,48.6,41.4,30.8,72.2,572.0,1169.0,1.28,0.81,2.09,1.09,1.9,2064.0,507.0,586.0,46.4
Lyon,29,25.8,54.9,38,418,3420,38.0,76,46,122,65,11,11,66,10.0,2.0,1.21,3.21,1.71,2.92,3.0,484.0,439.0,63.0,710.0,408.0,344.0,11.0,7.0,2.0,2020-2021,Ligue-1,81.4,73.0,54.9,127.9,804.0,1991.0,2.14,1.45,3.59,1.92,3.37,2139.0,528.0,424.0,55.5
Marseille,31,27.2,53.6,38,418,3420,38.0,53,45,98,49,4,7,98,9.0,1.39,1.18,2.58,1.29,2.47,2.0,500.0,473.0,52.0,647.0,442.0,391.0,3.0,3.0,1.0,2020-2021,Ligue-1,47.0,41.6,36.5,78.0,606.0,1499.0,1.24,0.96,2.2,1.09,2.05,1898.0,552.0,534.0,50.8
Metz,27,25.7,45.2,38,418,3420,38.0,42,28,70,35,7,11,84,4.0,1.11,0.74,1.84,0.92,1.66,1.0,516.0,474.0,50.0,659.0,572.0,417.0,6.0,13.0,1.0,2020-2021,Ligue-1,44.1,35.8,28.3,64.0,744.0,1221.0,1.16,0.74,1.9,0.94,1.68,2098.0,601.0,612.0,49.5
Monaco,30,24.8,55.8,38,418,3420,38.0,76,52,128,64,12,15,78,7.0,2.0,1.37,3.37,1.68,3.05,2.0,486.0,470.0,70.0,746.0,436.0,432.0,11.0,5.0,1.0,2020-2021,Ligue-1,68.7,56.9,46.7,103.6,757.0,1750.0,1.81,1.23,3.04,1.5,2.73,2182.0,611.0,558.0,52.3
Montpellier,25,28.0,45.7,38,418,3420,38.0,60,42,102,58,2,5,65,7.0,1.58,1.11,2.68,1.53,2.63,0.0,513.0,452.0,48.0,807.0,420.0,334.0,4.0,12.0,2.0,2020-2021,Ligue-1,51.9,48.1,33.8,81.9,619.0,1315.0,1.37,0.89,2.26,1.27,2.16,1876.0,657.0,643.0,50.5
Nantes,25,25.8,43.9,38,418,3420,38.0,47,28,75,39,8,9,70,4.0,1.24,0.74,1.97,1.03,1.76,2.0,514.0,498.0,54.0,676.0,465.0,384.0,8.0,12.0,1.0,2020-2021,Ligue-1,49.0,42.1,29.4,71.5,656.0,1350.0,1.29,0.77,2.06,1.11,1.88,2063.0,671.0,700.0,48.9
Nice,31,23.5,54.3,38,418,3420,38.0,49,26,75,42,7,7,73,4.0,1.29,0.68,1.97,1.11,1.79,2.0,459.0,438.0,40.0,599.0,435.0,364.0,6.0,7.0,0.0,2020-2021,Ligue-1,47.9,42.7,29.9,72.6,784.0,1531.0,1.26,0.79,2.05,1.12,1.91,1965.0,391.0,419.0,48.3
Nîmes,33,25.8,44.4,38,418,3420,38.0,40,26,66,33,7,8,60,5.0,1.05,0.68,1.74,0.87,1.55,2.0,424.0,533.0,50.0,617.0,501.0,372.0,6.0,10.0,0.0,2020-2021,Ligue-1,43.3,37.0,29.9,66.9,520.0,1200.0,1.14,0.79,1.93,0.97,1.76,1906.0,517.0,671.0,43.5
Paris S-G,33,26.7,63.1,38,418,3420,38.0,84,52,136,72,12,13,79,7.0,2.21,1.37,3.58,1.89,3.26,3.0,463.0,431.0,65.0,695.0,373.0,385.0,11.0,2.0,1.0,2020-2021,Ligue-1,80.1,70.1,55.6,125.8,909.0,2089.0,2.11,1.46,3.57,1.85,3.31,2052.0,355.0,300.0,54.2
Reims,29,24.6,44.9,38,418,3420,38.0,39,23,62,34,5,5,77,8.0,1.03,0.61,1.63,0.89,1.5,1.0,442.0,414.0,61.0,539.0,487.0,372.0,3.0,8.0,1.0,2020-2021,Ligue-1,32.7,28.9,21.7,50.6,698.0,1246.0,0.86,0.57,1.43,0.76,1.33,1936.0,494.0,578.0,46.1
Rennes,32,25.5,59.1,38,418,3420,38.0,50,39,89,47,3,3,79,5.0,1.32,1.03,2.34,1.24,2.26,0.0,502.0,486.0,34.0,764.0,361.0,337.0,3.0,4.0,1.0,2020-2021,Ligue-1,47.8,45.4,35.3,80.7,741.0,1883.0,1.26,0.93,2.19,1.2,2.12,2003.0,627.0,554.0,53.1
Saint-Étienne,40,25.4,48.3,38,418,3420,38.0,40,28,68,34,6,9,76,2.0,1.05,0.74,1.79,0.89,1.63,0.0,529.0,490.0,49.0,779.0,471.0,428.0,5.0,9.0,2.0,2020-2021,Ligue-1,48.7,41.8,31.6,73.4,615.0,1229.0,1.28,0.83,2.11,1.1,1.93,2119.0,611.0,624.0,49.5
Strasbourg,26,26.8,45.7,38,418,3420,38.0,49,26,75,39,10,12,58,3.0,1.29,0.68,1.97,1.03,1.71,1.0,499.0,412.0,39.0,713.0,521.0,396.0,7.0,8.0,1.0,2020-2021,Ligue-1,52.8,43.4,32.1,75.5,538.0,1301.0,1.39,0.84,2.23,1.14,1.99,2036.0,691.0,658.0,51.2
Arsenal,27,26.8,,38,418,3420,38.0,68,48,116,65,3,3,54,0.0,1.79,1.26,3.05,1.71,2.97,,326.0,,,,,,,,,2013-2014,Premier-League,,,,,,,,,,,,,,,
Aston Villa,26,24.6,,38,418,3420,38.0,38,25,63,36,2,4,78,0.0,1.0,0.66,1.66,0.95,1.61,,483.0,,,,,,,,,2013-2014,Premier-League,,,,,,,,,,,,,,,
Cardiff City,32,25.4,,38,418,3420,38.0,31,24,55,30,1,1,49,0.0,0.82,0.63,1.45,0.79,1.42,,348.0,,,,,,,,,2013-2014,Premier-League,,,,,,,,,,,,,,,
Chelsea,29,27.7,,38,418,3420,38.0,69,39,108,64,5,7,62,0.0,1.82,1.03,2.84,1.68,2.71,,424.0,,,,,,,,,2013-2014,Premier-League,,,,,,,,,,,,,,,
Crystal Palace,31,28.1,,38,418,3420,38.0,32,21,53,27,5,6,55,0.0,0.84,0.55,1.39,0.71,1.26,,408.0,,,,,,,,,2013-2014,Premier-League,,,,,,,,,,,,,,,
Everton,28,27.6,,38,418,3420,38.0,58,42,100,55,3,3,55,0.0,1.53,1.11,2.63,1.45,2.55,,360.0,,,,,,,,,2013-2014,Premier-League,,,,,,,,,,,,,,,
Fulham,39,29.0,,38,418,3420,38.0,38,28,66,36,2,3,59,0.0,1.0,0.74,1.74,0.95,1.68,,385.0,,,,,,,,,2013-2014,Premier-League,,,,,,,,,,,,,,,
Hull City,27,27.5,,38,418,3420,38.0,35,21,56,33,2,3,55,0.0,0.92,0.55,1.47,0.87,1.42,,418.0,,,,,,,,,2013-2014,Premier-League,,,,,,,,,,,,,,,
Liverpool,25,25.7,,38,418,3420,38.0,97,61,158,87,10,12,53,0.0,2.55,1.61,4.16,2.29,3.89,,410.0,,,,,,,,,2013-2014,Premier-League,,,,,,,,,,,,,,,
Manchester City,23,27.7,,38,418,3420,38.0,97,63,160,91,6,7,72,0.0,2.55,1.66,4.21,2.39,4.05,,393.0,,,,,,,,,2013-2014,Premier-League,,,,,,,,,,,,,,,
Manchester Utd,30,26.7,,38,418,3420,38.0,63,37,100,58,5,5,70,0.0,1.66,0.97,2.63,1.53,2.5,,400.0,,,,,,,,,2013-2014,Premier-League,,,,,,,,,,,,,,,
Newcastle Utd,26,26.4,,38,418,3420,38.0,41,25,66,39,2,3,54,0.0,1.08,0.66,1.74,1.03,1.68,,412.0,,,,,,,,,2013-2014,Premier-League,,,,,,,,,,,,,,,
Norwich City,25,26.3,,38,418,3420,38.0,28,18,46,27,1,2,64,0.0,0.74,0.47,1.21,0.71,1.18,,425.0,,,,,,,,,2013-2014,Premier-League,,,,,,,,,,,,,,,
Southampton,24,25.1,,38,418,3420,38.0,52,37,89,49,3,3,61,0.0,1.37,0.97,2.34,1.29,2.26,,444.0,,,,,,,,,2013-2014,Premier-League,,,,,,,,,,,,,,,
Stoke City,26,27.3,,38,418,3420,38.0,44,26,70,40,4,5,79,0.0,1.16,0.68,1.84,1.05,1.74,,486.0,,,,,,,,,2013-2014,Premier-League,,,,,,,,,,,,,,,
Sunderland,31,26.5,,38,418,3420,38.0,41,24,65,35,6,6,68,0.0,1.08,0.63,1.71,0.92,1.55,,444.0,,,,,,,,,2013-2014,Premier-League,,,,,,,,,,,,,,,
Swansea City,27,26.5,,38,418,3420,38.0,47,37,84,43,4,4,58,0.0,1.24,0.97,2.21,1.13,2.11,,374.0,,,,,,,,,2013-2014,Premier-League,,,,,,,,,,,,,,,
Tottenham,28,25.2,,38,418,3420,38.0,50,33,83,45,5,6,65,0.0,1.32,0.87,2.18,1.18,2.05,,403.0,,,,,,,,,2013-2014,Premier-League,,,,,,,,,,,,,,,
West Brom,28,28.4,,38,418,3420,38.0,41,27,68,39,2,2,67,0.0,1.08,0.71,1.79,1.03,1.74,,424.0,,,,,,,,,2013-2014,Premier-League,,,,,,,,,,,,,,,
West Ham,29,28.5,,38,418,3420,38.0,36,22,58,34,2,2,65,0.0,0.95,0.58,1.53,0.89,1.47,,402.0,,,,,,,,,2013-2014,Premier-League,,,,,,,,,,,,,,,
Auxerre,23,25.4,,38,418,3420,38.0,41,23,64,40,1,1,60,4.0,1.08,0.61,1.68,1.05,1.66,,551.0,,,,,,,,,2006-2007,Ligue-1,,,,,,,,,,,,,,,
Bordeaux,25,26.4,,38,418,3420,38.0,39,20,59,33,6,7,77,2.0,1.03,0.53,1.55,0.87,1.39,,668.0,,,,,,,,,2006-2007,Ligue-1,,,,,,,,,,,,,,,
Le Mans,24,24.0,,38,418,3420,38.0,45,28,73,42,3,3,70,1.0,1.18,0.74,1.92,1.11,1.84,,625.0,,,,,,,,,2006-2007,Ligue-1,,,,,,,,,,,,,,,
Lens,24,26.4,,38,416,3420,38.0,46,32,78,35,11,11,69,5.0,1.21,0.84,2.05,0.92,1.76,,637.0,,,,,,,,,2006-2007,Ligue-1,,,,,,,,,,,,,,,
Lille,29,24.8,,38,418,3420,38.0,42,23,65,39,3,3,78,4.0,1.11,0.61,1.71,1.03,1.63,,761.0,,,,,,,,,2006-2007,Ligue-1,,,,,,,,,,,,,,,
Lorient,28,25.7,,38,418,3420,38.0,33,22,55,32,1,1,42,3.0,0.87,0.58,1.45,0.84,1.42,,530.0,,,,,,,,,2006-2007,Ligue-1,,,,,,,,,,,,,,,
Lyon,27,26.7,,38,418,3420,38.0,63,31,94,60,3,5,66,2.0,1.66,0.82,2.47,1.58,2.39,,656.0,,,,,,,,,2006-2007,Ligue-1,,,,,,,,,,,,,,,
Marseille,24,24.6,,38,418,3420,38.0,53,34,87,45,8,8,72,3.0,1.39,0.89,2.29,1.18,2.08,,598.0,,,,,,,,,2006-2007,Ligue-1,,,,,,,,,,,,,,,
Monaco,26,26.8,,38,416,3420,38.0,45,25,70,42,3,3,81,7.0,1.18,0.66,1.84,1.11,1.76,,606.0,,,,,,,,,2006-2007,Ligue-1,,,,,,,,,,,,,,,
Nancy,26,25.5,,38,418,3420,38.0,37,19,56,32,5,5,74,7.0,0.97,0.5,1.47,0.84,1.34,,652.0,,,,,,,,,2006-2007,Ligue-1,,,,,,,,,,,,,,,
Nantes,33,25.3,,38,418,3420,38.0,28,14,42,28,0,2,73,4.0,0.74,0.37,1.11,0.74,1.11,,585.0,,,,,,,,,2006-2007,Ligue-1,,,,,,,,,,,,,,,
Nice,23,25.6,,38,419,3420,38.0,34,18,52,28,6,8,73,5.0,0.89,0.47,1.37,0.74,1.21,,551.0,,,,,,,,,2006-2007,Ligue-1,,,,,,,,,,,,,,,
Paris S-G,24,26.7,,38,414,3420,38.0,41,25,66,36,5,6,70,4.0,1.08,0.66,1.74,0.95,1.61,,561.0,,,,,,,,,2006-2007,Ligue-1,,,,,,,,,,,,,,,
Rennes,26,24.5,,38,419,3420,38.0,37,22,59,36,1,1,60,3.0,0.97,0.58,1.55,0.95,1.53,,672.0,,,,,,,,,2006-2007,Ligue-1,,,,,,,,,,,,,,,
Saint-Étienne,25,26.4,,38,418,3420,38.0,50,29,79,48,2,2,64,4.0,1.32,0.76,2.08,1.26,2.03,,555.0,,,,,,,,,2006-2007,Ligue-1,,,,,,,,,,,,,,,
Sedan,26,26.6,,38,418,3420,38.0,42,27,69,38,4,4,60,5.0,1.11,0.71,1.82,1.0,1.71,,553.0,,,,,,,,,2006-2007,Ligue-1,,,,,,,,,,,,,,,
Sochaux,26,26.2,,38,419,3420,38.0,43,26,69,35,8,9,62,1.0,1.13,0.68,1.82,0.92,1.61,,642.0,,,,,,,,,2006-2007,Ligue-1,,,,,,,,,,,,,,,
Toulouse,25,25.8,,38,422,3420,38.0,43,22,65,41,2,3,77,4.0,1.13,0.58,1.71,1.08,1.66,,682.0,,,,,,,,,2006-2007,Ligue-1,,,,,,,,,,,,,,,
Troyes,26,27.9,,38,419,3420,38.0,38,23,61,35,3,6,80,6.0,1.0,0.61,1.61,0.92,1.53,,651.0,,,,,,,,,2006-2007,Ligue-1,,,,,,,,,,,,,,,
Valenciennes,25,27.3,,38,418,3420,38.0,36,18,54,34,2,3,79,4.0,0.95,0.47,1.42,0.89,1.37,,685.0,,,,,,,,,2006-2007,Ligue-1,,,,,,,,,,,,,,,
